A4,A4,
API Endpoint,نقطة نهاية API,
API Key,مفتاح API,
Access Token,رمز الوصول,
Account,حساب,
Accounts Manager,مدير الحسابات,
Accounts User,مستخدم الحسابات,
Action,إجراء,
Actions,إجراءات,
Active,نشط,
Add,إضافة,
Add Comment,إضافة تعليق,
Add Row,إضافة صف,
Address,العنوان,
Address Line 2,العنوان - السطر 2,
Address Title,اسم العنوان,
Address Type,نوع العنوان,
Administrator,مسؤول النظام,
All Day,طوال اليوم,
Allow Delete,السماح بالحذف,
Amended From,معدّل من,
Amount,المبلغ,
Applicable For,ينطبق على,
Approval Status,حالة الاعتماد,
Assign,تعيين,
Assign To,تعيين إلى,
Attachment,مرفق,
Attachments,المرفقات,
Author,الكاتب,
Auto Repeat,تكرار تلقائي,
Base URL,الرابط الأساسي,
Based On,بناءً على,
Beginner,مبتدئ,
Billing,الفوترة,
Cancel,إلغاء,
Category,التصنيف,
Category Name,اسم التصنيف,
City,المدينة,
City/Town,المدينة/البلدة,
Client,العميل,
Client ID,معرّف العميل,
Client Secret,سر العميل,
Closed,مغلق,
Code,الكود,
Collapse All,طي الكل,
Color,اللون,
Company Name,اسم الشركة,
Condition,الشرط,
Contact,جهة اتصال,
Contact Details,تفاصيل الاتصال,
Content,المحتوى,
Content Type,نوع المحتوى,
Create,إنشاء,
Created By,أُنشئ بواسطة,
Current,الحالي,
Custom HTML,HTML مخصص,
Custom?,مخصص؟,
Date Format,تنسيق التاريخ,
Datetime,التاريخ والوقت,
Day,اليوم,
Default Letter Head,الترويسة الافتراضية,
Defaults,الإعدادات الافتراضية,
Delivery Status,حالة التسليم,
Department,القسم,
Details,التفاصيل,
Document Name,اسم المستند,
Document Status,حالة المستند,
Document Type,نوع المستند,
Domain,النطاق,
Domains,النطاقات,
Draft,مسودة,
Edit,تعديل,
Email Account,حساب البريد الإلكتروني,
Email Address,عنوان البريد الإلكتروني,
Email ID,معرّف البريد الإلكتروني,
Email Sent,تم إرسال البريد الإلكتروني,
Email Template,قالب البريد الإلكتروني,
Enable,تفعيل,
Enabled,مفعّل,
End Date,تاريخ الانتهاء,
Error Code: {0},رمز الخطأ: {0},
Error Log,سجل الأخطاء,
Event,حدث,
Expand All,توسيع الكل,
Fail,فشل,
Failed,فشل,
Fax,فاكس,
Feedback,الملاحظات,
Female,أنثى,
Field Name,اسم الحقل,
Fieldname,اسم الحقل,
Fields,الحقول,
First Name,الاسم الأول,
Frequency,التكرار,
Friday,الجمعة,
From,من,
Full,كامل,
Full Name,الاسم الكامل,
Further nodes can be only created under 'Group' type nodes,"لا يمكن إنشاء العقد الفرعية إلا تحت عقد من نوع ""مجموعة""",
Gender,الجنس,
GitHub Sync ID,معرّف مزامنة GitHub,
Guest,ضيف,
Half Day,نصف يوم,
Half Yearly,نصف سنوي,
High,مرتفع,
Hourly,كل ساعة,
Hub Sync ID,معرّف مزامنة Hub,
IP Address,عنوان IP,
Image,الصورة,
Image View,عرض الصورة,
Import Data,استيراد البيانات,
Import Log,سجل الاستيراد,
Inactive,غير نشط,
Insert,إدراج,
Interests,الاهتمامات,
Introduction,مقدمة,
Is Active,نشط؟,
Is Completed,مكتمل؟,
Is Default,افتراضي؟,
Kanban Board,لوحة كانبان,
Label,تسمية,
Language Name,اسم اللغة,
Last Name,اسم العائلة,
Leaderboard,لوحة الصدارة,
Letter Head,الترويسة,
Level,المستوى,
Limit,الحد,
Log,السجل,
Logs,السجلات,
Low,منخفض,
Maintenance Manager,مدير الصيانة,
Maintenance User,مستخدم الصيانة,
Male,ذكر,
Mandatory,إلزامي,
Mapping,الربط,
Mapping Type,نوع الربط,
Medium,متوسط,
Meeting,اجتماع,
Message Examples,أمثلة الرسائل,
Method,الطريقة,
Middle Name,الاسم الأوسط,
Middle Name (Optional),الاسم الأوسط (اختياري),
Monday,الاثنين,
Monthly,شهريًا,
More,المزيد,
More Information,معلومات إضافية,
More...,المزيد...,
Move,نقل,
My Account,حسابي,
New Address,عنوان جديد,
New Contact,جهة اتصال جديدة,
Next,التالي,
No Data,لا توجد بيانات,
No address added yet.,لم تتم إضافة أي عنوان حتى الآن.,
No contacts added yet.,لم تتم إضافة أي جهات اتصال حتى الآن.,
No items found.,لم يتم العثور على أي عناصر.,
None,لا شيء,
Not Permitted,غير مسموح,
Not active,غير نشط,
Notes,ملاحظات,
Number,رقم,
Online,متصل,
Operation,عملية,
Options,خيارات,
Other,آخر,
Owner,المالك,
Page Missing or Moved,الصفحة غير موجودة أو تم نقلها,
Parameter,المعامل,
Password,كلمة المرور,
Payment Gateway,بوابة الدفع,
Payment Gateway Name,اسم بوابة الدفع,
Payments,المدفوعات,
Period,الفترة,
Pincode,الرمز البريدي,
Plan Name,اسم الخطة,
Please enable pop-ups,يرجى تفعيل النوافذ المنبثقة,
Please select Company,يرجى اختيار الشركة,
Please select {0},يرجى اختيار {0},
Please set Email Address,يرجى تحديد عنوان البريد الإلكتروني,
Portal,البوابة,
Portal Settings,إعدادات البوابة,
Preview,معاينة,
Primary,رئيسي,
Print Format,تنسيق الطباعة,
Print Settings,إعدادات الطباعة,
Print taxes with zero amount,طباعة الضرائب ذات المبلغ الصفري,
Private,خاص,
Property,خاصية,
Public,عام,
Published,منشور,
Purchase Manager,مدير المشتريات,
Purchase Master Manager,مدير سجلات المشتريات,
Purchase User,مستخدم المشتريات,
Query Options,خيارات الاستعلام,
Range,النطاق,
Rating,التقييم,
Received,تم الاستلام,
Recipients,المستلمون,
Redirect URL,رابط إعادة التوجيه,
Reference,المرجع,
Reference Date,تاريخ المرجع,
Reference Document,المستند المرجعي,
Reference Document Type,نوع المستند المرجعي,
Reference Owner,مالك المرجع,
Reference Type,نوع المرجع,
Refresh Token,رمز التحديث,
Region,المنطقة,
Rejected,مرفوض,
Reopen,إعادة فتح,
Replied,تم الرد,
Report,تقرير,
Report Builder,منشئ التقارير,
Report Type,نوع التقرير,
Reports,التقارير,
Response,الاستجابة,
Role,دور,
Route,المسار,
Sales Manager,مدير المبيعات,
Sales Master Manager,مدير سجلات المبيعات,
Sales User,مستخدم المبيعات,
Salutation,اللقب,
Sample,عينة,
Saturday,السبت,
Saved,تم الحفظ,
Scan Barcode,مسح الباركود,
Scheduled,مجدول,
Search,بحث,
Secret Key,المفتاح السري,
Select,اختيار,
Select DocType,اختيار نوع المستند,
Send Now,إرسال الآن,
Sent,تم الإرسال,
Series {0} already used in {1},الترقيم المتسلسل {0} مستخدم بالفعل في {1},
Service,خدمة,
Set as Default,تعيين كافتراضي,
Settings,الإعدادات,
Shipping,الشحن,
Short Name,الاسم المختصر,
Slideshow,عرض الشرائح,
Some information is missing,بعض المعلومات مفقودة,
Source,المصدر,
Source Name,اسم المصدر,
Standard,قياسي,
Start Date,تاريخ البدء,
Start Import,بدء الاستيراد,
State,المحافظة,
Stopped,متوقف,
Subject,الموضوع,
Submit,اعتماد,
Successful,تم بنجاح,
Summary,ملخص,
Sunday,الأحد,
System Manager,مدير النظام,
Target,الهدف,
Task,مهمة,
Tax Category,فئة الضريبة,
Test,اختبار,
Thank you,شكرًا لك,
The page you are looking for is missing. This could be because it is moved or there is a typo in the link.,الصفحة التي تبحث عنها غير موجودة. قد تكون نُقلت أو يوجد خطأ في الرابط.,
Timespan,النطاق الزمني,
To,إلى,
To Date,إلى تاريخ,
Tools,الأدوات,
Traceback,تتبع الخطأ,
URL,الرابط,
Unsubscribed,تم إلغاء الاشتراك,
Use Sandbox,استخدام بيئة الاختبار,
User,المستخدم,
User ID,معرّف المستخدم,
Users,المستخدمون,
Validity,الصلاحية,
Warning,تحذير,
Website,الموقع الإلكتروني,
Website Manager,مدير الموقع الإلكتروني,
Website Settings,إعدادات الموقع الإلكتروني,
Wednesday,الأربعاء,
Week,أسبوع,
Weekdays,أيام الأسبوع,
Weekly,أسبوعيًا,
Welcome email sent,تم إرسال رسالة الترحيب,
Workflow,سير العمل,
You need to be logged in to access this page,يجب تسجيل الدخول للوصول إلى هذه الصفحة,
old_parent,old_parent,
{0} is mandatory,{0} إلزامي,
 to your browser,لمتصفحك,
"""Company History""","""نبذة عن الشركة""",
"""Parent"" signifies the parent table in which this row must be added","""الأم"" يدل على الجدول الأصل الذي يجب أن يضاف هذا الصف",
"""Team Members"" or ""Management""","""أعضاء الفريق"" أو ""الإدارة""",
&lt;head&gt; HTML,HTML,
'In Global Search' not allowed for type {0} in row {1},"""في البحث عام"" غير مسموح للنوع {0} في الصف {1}",
'In List View' not allowed for type {0} in row {1},'في عرض القائمة' غير مسموح للنوع {0} في الصف {1},
'Recipients' not specified,"لم يتم تحديد ""المستلمين""",
(Ctrl + G),(كنترول + G),
** Failed: {0} to {1}: {2},** فشل: {0} إلى {1}: {2},
**Currency** Master,سجل **العملات**,
0 - Draft; 1 - Submitted; 2 - Cancelled,0 - مسودة؛ 1 - معتمد؛ 2 - ملغي,
0 is highest,0 أعلى قيمة,
1 Currency = [?] Fraction\nFor e.g. 1 USD = 100 Cent,وحدة واحدة من العملة =؟ أجزاء صغيرة من العملة. على سبيل المثال : 1 ريال سعودي = 100 هللة.,
1 comment,تعليق واحد,
1 hour ago,منذ 1 ساعة,
1 minute ago,منذ 1 دقيقة,
1 month ago,قبل شهر,
1 year ago,منذ سنة,
; not allowed in condition,; غير مسموح به في حالة,
"<h4>Default Template</h4>\n<p>Uses <a href=""http://jinja.pocoo.org/docs/templates/"">Jinja Templating</a> and all the fields of Address (including Custom Fields if any) will be available</p>\n<pre><code>{{ address_line1 }}&lt;br&gt;\n{% if address_line2 %}{{ address_line2 }}&lt;br&gt;{% endif -%}\n{{ city }}&lt;br&gt;\n{% if state %}{{ state }}&lt;br&gt;{% endif -%}\n{% if pincode %} PIN:  {{ pincode }}&lt;br&gt;{% endif -%}\n{{ country }}&lt;br&gt;\n{% if phone %}Phone: {{ phone }}&lt;br&gt;{% endif -%}\n{% if fax %}Fax: {{ fax }}&lt;br&gt;{% endif -%}\n{% if email_id %}Email: {{ email_id }}&lt;br&gt;{% endif -%}\n</code></pre>","<h4>القالب الافتراضي</h4>\n<p>يستخدم <a href=""http://jinja.pocoo.org/docs/templates/"">قوالب Jinja</a>، وستكون جميع حقول العنوان (بما في ذلك الحقول المخصصة إن وجدت) متاحة</p>\n<pre><code>{{ address_line1 }}&lt;br&gt;\n{% if address_line2 %}{{ address_line2 }}&lt;br&gt;{% endif -%}\n{{ city }}&lt;br&gt;\n{% if state %}{{ state }}&lt;br&gt;{% endif -%}\n{% if pincode %} PIN: {{ pincode }}&lt;br&gt;{% endif -%}\n{{ country }}&lt;br&gt;\n{% if phone %}Phone: {{ phone }}&lt;br&gt;{% endif -%}\n{% if fax %}Fax: {{ fax }}&lt;br&gt;{% endif -%}\n{% if email_id %}Email: {{ email_id }}&lt;br&gt;{% endif -%}\n</code></pre>",
A Lead with this Email Address should exist,يجب أن يكون هناك عميل محتمل بهذا البريد الإلكتروني,
A list of resources which the Client App will have access to after the user allows it.<br> e.g. project,قائمة بالموارد التي سيتمكن تطبيق العميل من الوصول إليها بعد موافقة المستخدم.<br>مثال: project,
A log of request errors,سجل أخطاء الطلبات,
A new account has been created for you at {0},تم إنشاء حساب جديد لك على {0},
A symbol for this currency. For e.g. $,رمز هذه العملة. ر.س مثلاً,
A word by itself is easy to guess.,الكلمة المنفردة يسهل تخمينها.,
API Endpoint Args,معاملات نقطة نهاية API,
API Key cannot be  regenerated,لا يمكن إعادة إنشاء مفتاح واجهة برمجة التطبيقات,
API Password,كلمة مرور API,
API Secret,سر API,
API Username,اسم مستخدم API,
ASC,تصاعدي,
About Us Settings,إعدادات من نحن,
About Us Team Member,عضو فريق صفحة من نحن,
Accept Payment,قبول الدفع,
Access Key ID,معرف مفتاح الوصول,
Access Token URL,رابط رمز الوصول,
Action Failed,فشل الإجراء,
Action Timeout (Seconds),مهلة الإجراء (بالثواني),
"Actions for workflow (e.g. Approve, Cancel).",إجراءات سير العمل (مثل: اعتماد، إلغاء).,
Active Domains,النطاقات النشطة,
Active Sessions,الجلسات النشطة,
Activity Log,سجل النشاط,
Activity log of all users.,سجل النشاط لجميع المستخدمين.,
Add / Manage Email Domains.,إضافة / إدارة نطاقات البريد الإلكتروني.,
Add / Update,إضافة / تحديث,
Add A New Rule,إضافة قاعدة جديدة,
Add Another Comment,إضافة تعليق آخر,
Add Attachment,إضافة مرفق,
Add Column,إضافة عمود,
Add Contact,إضافة جهة اتصال,
Add Contacts,إضافة جهات اتصال,
Add Filter,إضافة عامل تصفية,
Add Group,إضافة مجموعة,
Add New Permission Rule,إضافة قاعدة صلاحيات جديدة,
Add Review,إضافة مراجعة,
Add Signature,إضافة توقيع,
Add Subscribers,إضافة مشتركين,
Add Total Row,إضافة صف الإجمالي,
Add Unsubscribe Link,إضافة رابط إلغاء الاشتراك,
Add User Permissions,إضافة صلاحيات مستخدم,
Add a New Role,إضافة دور جديد,
Add a column,إضافة عمود,
Add a comment,إضافة تعليق,
Add a new section,إضافة قسم جديد,
Add a tag ...,أضف علامة دلائلية...,
Add all roles,إضافة كافة الأدوار,
Add custom forms.,إضافة نماذج مخصصة.,
Add custom javascript to forms.,إضافة جافا سكريبت الى (forms),
Add fields to forms.,إضافة حقول إلى النماذج.,
Add meta tags to your web pages,أضف علامات التعريف إلى صفحات الويب الخاصة بك,
Add script for Child Table,إضافة البرنامج النصي لجدول الطفل,
Add to table,إضافة إلى الجدول,
Add your own translations,أضف الترجمة الخاصة بك,
"Added HTML in the &lt;head&gt; section of the web page, primarily used for website verification and SEO",وأضاف HTML في القسم &lt;head&gt; من صفحة الويب، تستخدم في المقام الأول للتحقق من الموقع و SEO,
Added {0},تمت الإضافة {0},
Adding System Manager to this User as there must be atleast one System Manager,لابد من إضافة صلاحية مدير النظام لهذا المستخدم حيث لابد أن يكون هناك على الأقل مستخدم له هذه الصلاحية,
Additional Permissions,ضوابط إضافية,
Address Template,نموذج العنوان,
Address Title is mandatory.,عنوان العنوان إلزامي.,
Address and other legal information you may want to put in the footer.,العنوان وغيرها من المعلومات القانونية قد تحتاج لوضع في تذييل الصفحة.,
Addresses And Contacts,العناوين و جهات الاتصال,
Adds a client custom script to a DocType,إضافة برنامج نصي عميل مخصص إلى نوع المستند,
Adds a custom field to a DocType,نوع المستند اضافة حقل خاص ل,
Admin,مشرف,
Administrator Logged In,تسجيل دخول مسؤول النظام,
Administrator accessed {0} on {1} via IP Address {2}.,.{2} المسؤول ولج {0} بتاريخ {1} عبر العنوان,
Advanced,متقدم,
Advanced Control,تحكم متقدم,
Advanced Search,البحث المتقدم,
Align Labels to the Right,محاذاة التسميات إلى اليمين,
Align Value,محاذاة القيمة,
All Images attached to Website Slideshow should be public,يجب أن تكون جميع الصور الملحقة لموقع معرض الصور على عام,
All customizations will be removed. Please confirm.,سيتم إزالة كافة التخصيصات. يرجى التأكيد.,
"All possible Workflow States and roles of the workflow. Docstatus Options: 0 is""Saved"", 1 is ""Submitted"" and 2 is ""Cancelled""","جميع حالات سير العمل الممكنة وأدوار سير العمل. خيارات Docstatus: 0 هو ""حفظت"" (1)، هو ""مقدم"" و 2 هو ""ألغي""",
All-uppercase is almost as easy to guess as all-lowercase.,جميع الأحرف الكبيرة تكون سهلة التخمين تقريبا كالأحرف الصغيرة,
Allocated To,المخصصة ل,
Allow,السماح,
Allow Bulk Edit,السماح بتحرير الكل,
Allow Comments,السماح بالتعليقات,
Allow Consecutive Login Attempts ,السماح لمحاولات تسجيل الدخول المتتالية,
Allow Dropbox Access,السماح بالدخول للدروب بوكس,
Allow Edit,السماح بالتعديل,
Allow Guest to View,السماح للزائر بالعرض,
Allow Import (via Data Import Tool),السماح بالاستيراد (عبر أداة استيراد البيانات),
Allow Incomplete Forms,السماح للنماذج الغير مكتمله,
Allow Login After Fail,السماح بتسجيل الدخول بعد الفشل,
Allow Login using Mobile Number,السماح بتسجيل الدخول باستخدام رقم الجوال,
Allow Login using User Name,السماح بتسجيل الدخول باستخدام اسم المستخدم,
Allow Modules,السماح للوحدات النمطية,
Allow Multiple,السماح بالتعدد,
Allow Print,السماح للطباعة,
Allow Print for Cancelled,السماح بالطباعة للإلغاء,
Allow Print for Draft,السماح بالطباعة للمسودة,
Allow Read On All Link Options,السماح للقراءة على كل خيارات الارتباط,
Allow Rename,السماح بإعادة التسمية,
Allow Roles,الصلاحيات المسموح بها,
Allow Self Approval,اسمح بالموافقة الذاتية,
Allow approval for creator of the document,السماح بالموافقة على منشئ المستند,
Allow events in timeline,السماح للأحداث في المخطط الزمني,
Allow in Quick Entry,السماح لأدخال سريع,
Allow on Submit,السماح بالإعتماد,
Allow only one session per user,السماح لجلسة واحدة فقط لكل مستخدم,
Allow page break inside tables,السماح بفواصل الصفحات داخل الجداول,
Allow saving if mandatory fields are not filled,يسمح بحفظ البيانات في حالة عدم ملئ الحقول الإلزامية,
Allow user to login only after this hour (0-24),تسمح للمستخدم لتسجيل الدخول فقط بعد هذه الساعة (0-24),
Allow user to login only before this hour (0-24),تسمح للمستخدم لتسجيل الدخول فقط قبل هذه الساعة (0-24),
Allowed,سمح,
Allowed In Mentions,سمح في المذكرات,
"Allowing DocType, DocType. Be careful!",السماح نوع المستند، نوع المستند. كن حذرا!,
Already Registered,مسجل بالفعل,
Also adding the dependent currency field {0},إضافة حقل العملة التابعة {0},
"Always add ""Draft"" Heading for printing draft documents","دائما إضافة ""كلمة مسودة"" عند طباعة المسودات",
Always use Account's Email Address as Sender,استخدم دائماً حساب البريد الإلكتروني كمرسل,
Always use Account's Name as Sender's Name,استخدم دائمًا اسم الحساب كاسم المرسل,
Amend,تعديل بعد الترحيل,
Amending,المعدل,
Amount Based On Field,المبلغ استنادا إلى الحقل,
Amount Field,حقل المبلغ,
Amount must be greater than 0.,يجب أن تكون كمية أكبر من 0.,
An error occured during the payment process. Please contact us.,حدث خطأ أثناء عملية الدفع. الرجاء التواصل معنا.,
An icon file with .ico extension. Should be 16 x 16 px. Generated using a favicon generator. [favicon-generator.org],ملف أيقونة بصيغة ico. يجب أن تكون 16 × 16 بكسل. تم إنشاؤها باستخدام مولد أيقونات. [favicon-generator.org],
Ancestors Of,أجداد,
Another transaction is blocking this one. Please try again in a few seconds.,معاملة أخرى يتم حظر هذه واحدة. يرجى المحاولة مرة أخرى في بضع ثوان.,
"Another {0} with name {1} exists, select another name",آخر {0} مع اسم {1} موجودا، حدد اسم آخر,
Any string-based printer languages can be used. Writing raw commands requires knowledge of the printer's native language provided by the printer manufacturer. Please refer to the developer manual provided by the printer manufacturer on how to write their native commands. These commands are rendered on the server side using the Jinja Templating Language.,يمكن استخدام أي لغة الطابعة المستندة إلى سلسلة. تتطلب كتابة الأوامر الأولية معرفة اللغة الأصلية للطابعة التي توفرها الشركة المصنعة للطابعة. يرجى الرجوع إلى دليل المطور الذي توفره الشركة المصنعة للطابعة حول كيفية كتابة الأوامر الأصلية. يتم تقديم هذه الأوامر على جانب الخادم باستخدام Jinja Templating Language.,
"Apart from System Manager, roles with Set User Permissions right can set permissions for other users for that Document Type.",بصرف النظر عن مدير النظام، مجموعة أذونات وصلاحيات المستخدم يمكن تعيينها لمستخدمين اخرين لنفس نوع المستند.,
Api Access,الوصول إلى Api,
App,تطبيق,
App Access Key,مفتاح وصول التطبيق,
App Client ID,هوية العميل للتطبيق,
App Client Secret,كلمة مرور التطبيق الثانوي,
App Name,اسم التطبيق,
App Secret Key,المفتاح السري للتطبيق,
App not found,لم يتم العثور على التطبيق,
App {0} already installed,التطبيق {0} مثبت مسبقا,
App {0} is not installed,لم يتم تثبيت التطبيق {0},
Append To,إلحاق ل,
Append To can be one of {0},إلحاق يمكن أن يكون واحدا من {0},
Append To is mandatory for incoming mails,إلحاق إلزامي لرسائل واردة,
"Append as communication against this DocType (must have fields, ""Status"", ""Subject"")","إضافة كإتصال ضد نوع المستند ( يجب أن يتضمن على الحقول، ""الحالة""، ""الموضوع"")",
Applicable Document Types,أنواع المستندات القابلة للتطبيق,
Apply,تطبيق,
Apply Strict User Permissions,تطبيق صلاحيات المستخدم المحدودة,
Apply To All Document Types,تنطبق على جميع أنواع المستندات,
Apply this rule if the User is the Owner,تطبيق هذا الحكم إذا كان المستخدم هو مالك,
Apply to all Documents Types,تنطبق على جميع أنواع الوثائق,
Appreciate,يستفسر,
Appreciation,تقدير,
Archive,أرشيف,
Archived,أرشفة,
Archived Columns,أعمدة من الأرشيف,
Are you sure you want to delete the attachment?,هل أنت متأكد أنك تريد حذف المرفق؟,
Are you sure you want to relink this communication to {0}?,هل أنت متأكد أنك تريد إعادة ربط هذه الاتصالات إلى {0}؟,
Are you sure?,هل أنت واثق؟,
Arial,Arial,
"As a best practice, do not assign the same set of permission rule to different Roles. Instead, set multiple Roles to the same User.",باعتبارها ممارسة أفضل، لا تعين نفس مجموعة قوانين الدخول لأدوار مختلفة. بدلا من ذلك، عين أدوار متعددة لنفس العضو,
Assign Condition,تعيين الشرط,
Assign To Users,تخصيص للمستخدمين,
"Assign one by one, in sequence",تعيين واحد تلو الآخر، في التسلسل,
Assign to me,تعيين لي,
Assign to the one who has the least assignments,كلف الشخص الذي لديه أقل المهام,
Assigned,تم تحديد المهمة,
Assigned By,تعيين بواسطة,
Assigned By Full Name,تعيين بواسطة الاسم كامل,
Assigned By Me,يسندها عني,
Assigned To,كلف إلى,
Assigned To/Owner,تعيين ل / المالك,
Assignment,مهمة,
Assignment Complete,التنازل الكامل,
Assignment Completed,تم إنجاز المهمة,
Assignment Rule,قاعدة الاحالة,
Assignment Rule User,قاعدة مستخدم الاحالة,
Assignment Rules,قواعد الاحالة,
Assignment closed by {0},احالة مغلقة من قبل {0},
Assignment for {0} {1},تعيين لـ {0} {1},
Atleast one field of Parent Document Type is mandatory,"على الأقل حقل واحد من ""نوع المستند الأصل"" إلزامي",
Attach,إرفاق,
Attach Document Print,إرفاق طباعة المستند,
Attach Image,إرفاق صورة,
Attach Print,إرفق طباعة,
Attach Your Picture,إرفاق صورتك,
Attach file for Import,إرفاق ملف للاستيراد,
Attach files / urls and add in table.,إرفاق الملفات / عناوين واضافة في الجدول.,
Attached To DocType,مرفق بنوع المستند,
Attached To Field,مرفق إلى الحقل,
Attached To Name,أرفقت للأسم,
Attachment Limit (MB),الحد مرفق (MB),
Attachment Removed,تم حذف المرفق,
Attempting Connection to QZ Tray...,محاولة الاتصال بـ QZ Tray...,
Attempting to launch QZ Tray...,محاولة إطلاق QZ Tray...,
Auth URL Data,بيانات عنوان المصادقة,
Authenticating...,مصادقة...,
Authentication,المصادقة,
Authentication Apps you can use are: ,تطبيقات المصادقة التي يمكنك استخدامها هي:,
Authentication Credentials,بيانات اعتماد المصادقة,
Authorization Code,رمز التفويض,
Authorize URL,رابط التفويض,
Authorized,مفوّض,
Auto,تلقائي,
Auto Email Report,إرسال التقارير بالبريد الإلكتروني تلقائيًا,
Auto Name,الاسم التلقائي,
Auto Reply Message,رد تلقائي على الرسائل,
Auto assignment failed: {0},فشل التخصيص التلقائي: {0},
Automatically Assign Documents to Users,تخصيص المستندات تلقائيًا للمستخدمين,
Automation,التشغيل الآلي,
Avatar,الصورة الرمزية,
Average,المتوسط,
Average of {0},متوسط {0},
Avoid dates and years that are associated with you.,تجنب التواريخ والسنوات المرتبطة بك.,
Avoid recent years.,تجنب السنوات الحديثة.,
Avoid sequences like abc or 6543 as they are easy to guess,تجنب التسلسلات مثل abc أو 6543 لأنها سهلة التخمين.,
Avoid years that are associated with you.,تجنب السنوات المرتبطة بك.,
Awaiting Password,بانتظار كلمة المرور,
Away,بالخارج,
BCC,BCC,
Back to Desk,العودة إلى المكتب,
Back to Login,العودة إلى تسجيل الدخول,
Background Color,لون الخلفية,
Background Email Queue,قائمة انتظار البريد الإلكتروني في الخلفية,
Background Jobs,خلفية عن الخبرات السابقة,
Background Workers,قائمة العمليات,
Backup,النسخ الاحتياطي,
Backup Frequency,معدل النسخ الاحتياطي,
Backup Limit,الحد الاحتياطي,
Backup job is already queued. You will receive an email with the download link,وظيفة النسخ الاحتياطي بالفعل في قائمة الانتظار. سوف تتلقى رسالة بريد إلكتروني مع رابط التحميل,
Backups,النسخ الاحتياطية,
Banner,الترويسة,
Banner HTML,راية HTML,
Banner Image,راية صورة,
Banner is above the Top Menu Bar.,راية فوق أعلى شريط القوائم.,
Bar,شريط,
Base Distinguished Name (DN),قاعدة الاسم المميز (DN),
Based on Permissions For User,اعتماداً على صلاحيات المستخدم,
Beta,بيتا,
Better add a few more letters or another word,من الأفضل إضافة بضعة أحرف أو كلمة أخرى,
Between,ما بين,
Bio,نبذة,
Birth Date,تاريخ الميلاد,
Block Module,كتلة الوحدة,
Block Modules,كتلة وحدات,
Blocked,محجوب,
Blog,مدونة,
Blog Category,تصنيف المدونة,
Blog Intro,بدايه المدونه,
Blog Introduction,مقدمة المدونه,
Blog Post,منشور المدونه,
Blog Settings,إعدادات المدونه,
Blog Title,عنوان المدونه,
Blogger,مدون,
Bot,آلي,
Both DocType and Name required,كلا نوع المستند واسم المطلوبة,
Both login and password required,كل من تسجيل الدخول وكلمة المرور المطلوبة,
Bounced,وثب,
Braintree Settings,إعدادات برينتري,
Braintree payment gateway settings,إعدادات بوابة الدفع برينتري,
Brand HTML,العلامة التجارية HTML,
Brand Image,صورة العلامة التجارية,
Breadcrumbs,مسار التصفح,
Browser not supported,المتصفح غير مدعوم,
Brute Force Security,القوة الغاشمة للأمن,
Build Report,بناء تقرير,
Bulk Delete,حذف بالجملة,
Bulk Edit {0},تعديل بالجمله {0},
Bulk Rename,إعادة تسمية بالجمله,
Bulk Update,تحديث بالجمله,
Busy,مشغول,
Button,زر,
Button Help,زر المساعدة,
Button Label,زر ملصق,
Bypass Two Factor Auth for users who login from restricted IP Address,تجاوز اثنين عامل عامل للمستخدمين الذين تسجيل الدخول من عنوان إب مقيدة,
Bypass restricted IP Address check If Two Factor Auth Enabled,تجاوز عنوان IP المحظور التحقق في حالة تمكين عامل عامل,
CC,نسخة,
"CC, BCC & Email Template",CC، BCC والبريد الإلكتروني قالب,
CSS,CSS,
CSV,CSV,
Cache Cleared,تحديث الصفحة,
Calculate,إحسب,
Calendar Name,اسم التقويم,
Calendar View,عرض التقويم,
Call,أتصال,
Can Read,يمكنه القراءة,
Can Share,يمكن مشاركة,
Can Write,يمكن كتابة,
Can't identify open {0}. Try something else.,لا يمكن تحديد {0} المفتوح. جرب شيئا آخر.,
Can't save the form as data import is in progress.,لا يمكن حفظ النموذج اثناء استيراد البيانات.,
Cancel {0} documents?,إلغاء {0} وثائق؟,
Cancelled Document restored as Draft,تم استعادة المستند الملغى كمسودة,
Cancelling,إلغاء,
Cancelling {0},الغاء {0},
Cannot Remove,لا يمكن إزالة,
Cannot cancel before submitting. See Transition {0},لا يمكن الإلغاء قبل الإرسال. انظر الانتقال {0},
Cannot change docstatus from 0 to 2,لا يمكن تغيير docstatus 0-2,
Cannot change docstatus from 1 to 0,لا يمكن تغيير docstatus من 1 إلى 0,
Cannot change header content,لا يمكن تغيير محتوى الرأس,
Cannot change state of Cancelled Document. Transition row {0},لا يمكن تغيير حالة الوثيقة ملغاة.,
Cannot change user details in demo. Please signup for a new account at https://erpnext.com,لا يمكن تغيير تفاصيل المستخدم في العرض التوضيحي. يرجى الاشتراك للحصول على حساب جديد في https://erpnext.com,
Cannot create a {0} against a child document: {1},لا يمكن إنشاء {0} ضد مستند طفل: {1},
Cannot delete Home and Attachments folders,لا يمكن حذف المجلدات الرئيسية والمرفقات,
Cannot delete file as it belongs to {0} {1} for which you do not have permissions,لا يمكن حذف الملف لأنه ينتمي إلى {0} {1} الذي ليس لديك أذونات,
Cannot delete or cancel because {0} {1} is linked with {2} {3} {4},لا يمكن حذف أو إلغاء لأن {0} {1} مرتبط مع {2} {3} {4},
Cannot delete standard field. You can hide it if you want,لا يمكنك حذف الحقول القياسية. يمكنك إخفاءها فقط إذا كنت تريد,
Cannot delete {0},لا يمكن حذف {0},
Cannot delete {0} as it has child nodes,لا يمكن حذف {0} لأن لديها عُقد تابعة,
"Cannot edit Standard Notification. To edit, please disable this and duplicate it",لا يمكن تحرير الإشعار القياسي. للتعديل، يرجى تعطيله وتكراره,
Cannot edit a standard report. Please duplicate and create a new report,لا يمكنك التعديل على التقارير القياسية. يرجى نسخ التقريرالقياسي و التعديل على النسخة الجديدة,
Cannot edit cancelled document,لا يمكنك التعديل على وثيقة ملغية,
Cannot edit standard fields,لا تستطيع تعديل الحقول القياسية,
Cannot have multiple printers mapped to a single print format.,لا يمكن تعيين طابعات متعددة على تنسيق طباعة واحد.,
Cannot link cancelled document: {0},لا يمكن ربط وثيقة إلغاء: {0},
Cannot map because following condition fails: ,لا يمكن تعيين بسبب فشل الشرط التالي:,
Cannot move row,لا يمكن نقل الصف,
Cannot open instance when its {0} is open,لا يمكن فتح المثال عندما ه {0} مفتوح,
Cannot open {0} when its instance is open,لا يمكن فتح {0} عندما مثيل لها مفتوح,
Cannot remove ID field,لا يمكن إزالة معرف الحقل,
Cannot set Notification on Document Type {0},لا يمكن تعيين الإعلام على نوع المستند {0},
Cannot update {0},لا يمكن تحديث {0},
Cannot use sub-query in order by,لا يمكن استخدام طلب البحث الفرعي بالترتيب,
Cannot {0} {1},لا يمكن {0} {1},
Capitalization doesn't help very much.,القيمة لا يساعد كثيرا جدا.,
Card Details,معلومات البطاقة,
Categorize blog posts.,تصنيف قيدات المدونة,
Category Description,وصف الفئة,
Cent,سنت,
"Certain documents, like an Invoice, should not be changed once final. The final state for such documents is called Submitted. You can restrict which roles can Submit.",وثائق معينة، مثل الفاتورة، لا ينبغي تغييره مرة واحدة نهائية. و دعا الدولة النهائية ل هذه الوثائق المقدمة. يمكنك تقييد الأدوار التي يمكن إرسال.,
Chain Integrity,سلامة السلسلة,
Chaining Hash,تسلسل هاش,
Change Label (via Custom Translation),تغيير التسمية (عبر الترجمة المخصصة),
Change Password,تغيير كلمة المرور,
"Change field properties (hide, readonly, permission etc.)",تغيير خصائص الحقل (إخفاء، للقراءة فقط، إذن الخ ),
Channel,قناة,
Chart Name,اسم المخطط,
Chart Options,خيارات الرسم البياني,
Chart Source,مصدر الرسم البياني,
Chart Type,نوع الرسم البياني,
Charts,الرسوم البيانية,
Chat,الدردشة,
Chat Background,دردشة الخلفية,
Chat Message,دردشة رسالة,
Chat Operators,مشغلي الدردشة,
Chat Profile,دردشة الملف الشخصي,
Chat Profile for User {0} exists.,يوجد ملف تعريف المستخدم {0}.,
Chat Room,غرفة الدردشة,
Chat Room Name,اسم غرفة الدردشة,
Chat Room User,دردشة غرفة المستخدم,
Chat Token,دردشة دردشة,
Chat Type,نوع الدردشة,
Chat messages and other notifications.,.رسائل الدردشة والإخطارات الأخرى,
Check,التحقق من,
Check Request URL,تحقق من عنوان الرابط المطلوب,
"Check columns to select, drag to set order.",تحقق الأعمدة لتحديد، اسحب لضبط النظام.,
Check this if you are testing your payment using the Sandbox API,تحقق من ذلك إذا كنت تختبر دفعتك باستخدام واجهة برمجة تطبيقات ساندبوكس,
Check this to pull emails from your mailbox,التحقق من ذلك لسحب رسائل البريد الإلكتروني من صندوق البريد,
Check which Documents are readable by a User,تحقق من وثائق قابلة للقراءة من قبل العضو,
Checking one moment,فحص لحظة واحدة,
Checksum Version,إصدار المجموع الاختباري,
Child Table Mapping,جدول رسم التابع,
Child Tables are shown as a Grid in other DocTypes,يتم عرض الجداول الفرعية كشبكة في نوع المستند s الأخرى,
Choose authentication method to be used by all users,اختر طريقة المصادقة لاستخدامها من قبل جميع المستخدمين,
Clear Error Logs,مسح سجلات سجلات الاخطاء,
Clear User Permissions,مسح صلاحيات المستخدم,
Clear all roles,مسح كافة الأدوار,
"Clearing end date, as it cannot be in the past for published pages.",تاريخ انتهاء المقاصة، لأنه لا يمكن أن يكون في الماضي للصفحات المنشورة.,
Click here to post bugs and suggestions,انقر هنا لنشر البق والاقتراحات,
Click here to verify,انقر هنا للتأكيد,
Click on the link below to complete your registration and set a new password,انقر على الرابط أدناه لإكمال التسجيل وتعيين كلمة مرور جديدة,
Click on the link below to download your data,انقر على الرابط أدناه لتنزيل بياناتك,
Click on the link below to verify your request,انقر على الرابط أدناه للتحقق من طلبك,
Click table to edit,انقر الجدول لتعديل,
Click to Set Filters,انقر لضبط المرشحات,
Clicked,النقر,
Client Credentials,وثائق تفويض العميل,
Client Information,معلومات العميل,
Client Script,العميل النصي,
Client URLs,الروابط للعميل,
Client side script extensions in Javascript,ملحقات النصي جانب العميل في جافا سكريبت,
Collapsible,للطي,
Collapsible Depends On,الضم يعتمد على,
Column,عمود,
Column <b>{0}</b> already exist.,عمود <b>{0}</b> موجودة بالفعل.,
Column Break,فاصل عمودي,
Column Labels:,تسميات العمود:,
Column Name,اسم العمود,
Column Name cannot be empty,لا يمكن ترك اسم العمود فارغًا,
Columns,الأعمدة,
Columns based on,أعمدة بناءً على,
Combination of Grant Type (<code>{0}</code>) and Response Type (<code>{1}</code>) not allowed,الجمع بين نوع المنحة ( <code>{0}</code> ) ونوع الاستجابة ( <code>{1}</code> ) غير مسموح به,
Comment By,تعليق من جانب,
Comment Email,تعليق البريد الإلكتروني,
Comment Type,تعليق نوع,
Comment can only be edited by the owner,لا يمكن تعديل التعليق إلا بواسطة المالك,
Commented on {0}: {1},علق على {0}: {1},
Comments and Communications will be associated with this linked document,سيتم ربط التعليقات والاتصالات مع هذه الوثيقة مرتبطة,
Comments cannot have links or email addresses,لا يمكن أن تحتوي التعليقات على روابط أو عناوين بريد إلكتروني,
Common names and surnames are easy to guess.,الاسماء الشائعة والألقاب سهلة التخمين.,
Communicated via {0} on {1}: {2},ترسل عن طريق {0} على {1}: {2},
Communication Type,نوع الإتصال,
Company History,نبذة عن تاريخ الشركة,
Company Introduction,مقدمة الشركة,
Compiled Successfully,جمعت بنجاح,
Complete By,الكامل من جانب,
Complete Registration,أكمال التسجيل,
Complete Setup,أكمال الإعداد,
Completed By,اكتمل بواسطة,
Compose Email,كتابة رسالة إلكترونية,
Condition Detail,حالة التفاصيل,
Conditions,الظروف,
Configure Chart,تكوين المخطط,
Configure Charts,تكوين المخططات البيانية,
Confirm,أكد,
Confirm Deletion of Data,تأكيد حذف البيانات,
Confirm Request,تأكيد الطلب,
Confirm Your Email,تأكيد البريد الإلكتروني الخاص بك,
Confirmed,مؤكد,
Connected to QZ Tray!,متصلا علبة QZ!,
Connection Name,اسم الاتصال,
Connection Success,نجاح الاتصال,
Connection lost. Some features might not work.,فقد الاتصال، بعض الميزات قد لا تعمل.,
Connector Name,اسم الموصل,
Connector Type,نوع الموصل,
Contact Us Settings,إعدادات الاتصال بنا,
"Contact options, like ""Sales Query, Support Query"" etc each on a new line or separated by commas.","خيارات الاتصال، مثل ""الاستعلام المبيعات والدعم الاستعلام"" الخ كل على سطر جديد أو مفصولة بفواصل.",
Contacts,جهات الاتصال,
Content (HTML),المحتوى (HTML),
Content (Markdown),المحتوى (تخفيض السعر),
Content Hash,تجزئة المحتوى,
Content web page.,محتوى الويب الصفحة.,
Conversation Tones,نغمات المحادثة,
Copyright,حق النشر,
Core,جوهر,
Core DocTypes cannot be customized.,لا يمكن تخصيص نوع المستند s الأساسية.,
Could not connect to outgoing email server,لا يمكن الاتصال بخادم البريد الإلكتروني المنتهية ولايته,
Could not find {0},لا يمكن أن تجد {0},
Could not find {0} in {1},لا يمكن أن تجد {0} في {1},
Could not identify {0},لا يمكن تحديد {0},
Count,عد,
Country Name,اسم الدولة,
County,مقاطعة,
Create Chart,إنشاء مخطط,
Create New,انشاء جديد,
Create Post,انشاء وظيفة,
Create User Email,انشاء بريد إلكتروني,
Create a New Format,انشاء شكل جديد,
Create a new record,إنشاء سجل جديد,
Create a new {0},انشاء جديد {0},
Create and Send Newsletters,إنشاء وإرسال النشرات الإخبارية,
Create and manage newsletter,استحداث وإدارة نشرة إخبارية,
Created,تاريخ الإنشاء,
Created Custom Field {0} in {1},إنشاء الحقل المخصص {0} في {1},
Created On,منشئه في,
Criticism,نقد,
Criticize,ينتقد,
Ctrl + Down,CTRL + Down,
Ctrl + Up,CTRL + Up,
Ctrl+Enter to add comment,على Ctrl + Enter لإضافة تعليق,
Currency Name,اسم العملة,
Currency Precision,دقة العملة,
Current Mapping,التخطيط الحالي,
Current Mapping Action,إجراء الربط الحالي,
Current Mapping Delete Start,جار تعيين الخريطة الحالية,
Current Mapping Start,بدء تعيين الخرائط الحالية,
Current Mapping Type,نوع التعيين الحالي,
Currently Viewing,يطلع عليها حاليا,
Currently updating {0},جار تحديث {0},
Custom,مخصص,
Custom Base URL,عنوان ورل لقاعدة مخصصة,
Custom CSS,CSS مخصص,
Custom DocPerm,DocPerm مخصص,
Custom Field,حقل مخصص,
Custom Fields can only be added to a standard DocType.,يمكن إضافة الحقول المخصصة فقط إلى نوع نوع المستند قياسي.,
Custom Fields cannot be added to core DocTypes.,لا يمكن إضافة الحقول المخصصة إلى نوع المستند s الأساسية.,
Custom Format,تنسيق مخصص,
Custom HTML Help,مساعدة HTML مخصصة,
Custom JS,العرف شبيبة,
Custom Menu Items,قائمة مخصصة عناصر,
Custom Report,تقرير مخصص,
Custom Reports,تقارير مخصصة,
Custom Role,تخصيص صلاحية,
Custom Script,نص مخصص,
Custom Sidebar Menu,قائمة الشريط الجانبي المخصص,
Custom Translations,ترجمة مخصصة,
Customization,التخصيص,
Customizations Reset,التخصيصات إعادة تعيين,
Customizations for <b>{0}</b> exported to:<br>{1},تم تصدير التخصيصات ل <b>{0}</b> إلى:<br>{1},
Customize Form,تخصيص نموذج,
Customize Form Field,تخصيص حقل نموذج,
"Customize Label, Print Hide, Default etc.",تخصيص تسمية، إخفاء طباعة، الخ الافتراضي,
Customize...,يخصص...,
"Customized Formats for Printing, Email",تنسيقات مخصصة للطباعة البريد الإلكتروني,
Customized HTML Templates for printing transactions.,قوالب HTML مخصصة لطباعة المعاملات,
Cut,قطع,
DESC,تنازلي,
Daily Event Digest is sent for Calendar Events where reminders are set.,يتم إرسال ملخص الأحداث اليومي لأحداث التقويم المطلوب لها تذكير,
Danger,خطر,
Dark Color,لون غامق,
Dashboard Chart,مخطط لوحة القيادة,
Dashboard Chart Link,لوحة الرسم البياني رابط,
Dashboard Chart Source,مصدر مخطط لوحة القيادة,
Dashboard Name,اسم لوحة القيادة,
Dashboards,لوحات,
Data,البيانات,
Data Export,تصدير البيانات,
Data Import,استيراد البيانات,
Data Import Template,قالب ادخال البيانات,
Data Migration,ترحيل البيانات,
Data Migration Connector,موصل ترحيل البيانات,
Data Migration Mapping,تعيين ترحيل البيانات,
Data Migration Mapping Detail,بيانات ترحيل بيانات التفاصيل,
Data Migration Plan,خطة ترحيل البيانات,
Data Migration Plan Mapping,تخطيط خطة ترحيل البيانات,
Data Migration Run,تشغيل ترحيل البيانات,
Data missing in table,البيانات الناقصة في الجدول,
Database Engine,محرك قاعدة البيانات,
Database Name,اسم قاعدة البيانات,
Date and Number Format,صيغة التاريخ و الرقم,
Date {0} must be in format: {1},يجب أن يكون التاريخ {0} بالشكل: {1},
Dates are often easy to guess.,التواريخ غالبا ما تكون سهلة التخمين.,
Day of Week,يوم من الأسبوع,
Days After,أيام بعد,
Days Before,أيام قبل,
Days Before or After,أيام قبل أو بعد,
"Dear System Manager,",عزيزي مدير النظام،,
"Dear User,",عزيزي المستخدم،,
Dear {0},عزيزي {0},
Default Address Template cannot be deleted,لا يمكن حذف القالب الافتراضي العنوان,
Default Inbox,علبة الوارد الافتراضية,
Default Incoming,الايرادات الافتراضية,
Default Outgoing,الافتراضي الصادر,
Default Print Format,طباعة شكل الافتراضي,
Default Print Language,لغة الطباعة الافتراضية,
Default Redirect URI,رابط اعادة التوجيه الافتراضي,
Default Role at Time of Signup,الصلاحية الافتراضية وقت الاشتراك,
Default Sending,إرسال الافتراضي,
Default Sending and Inbox,صندوق الوارد و الصادر الافتراضي,
Default Sort Field,حقل التصنيف الافتراضي,
Default Sort Order,ترتيب الافتراضي,
Default Value,القيمة الافتراضية,
"Default: ""Contact Us""","الافتراضي: ""اتصل بنا""",
DefaultValue,القيمة الافتراضية,
Define workflows for forms.,تحديد سير العمل للنماذج,
Defines actions on states and the next step and allowed roles.,يحدد الإجراءات على الحالات والخطوة التالية الصلاحيات المسموح بها.,
Defines workflow states and rules for a document.,تحديد حالات و قواعد سير العمل للوثيقة,
Delayed,مؤجل,
Delete Data,حذف البيانات,
Delete comment?,حذف التعليق؟,
Delete this record to allow sending to this email address,احذف هذا السجل للسماح بالإرسال إلى عنوان البريد الإلكتروني هذا,
Delete {0} items permanently?,حذف {0} الأصناف نهائيا؟,
Deleted,حذف,
Deleted DocType,نوع المستند المحذوفة,
Deleted Document,المستند المحذوف,
Deleted Documents,المستندات المحذوفة,
Deleted Name,الاسم المحذوف,
Deleting {0},حذف {0},
Depends On,يعتمد على,
Descendants Of,أحفاد من,
Desk,سطح المكتب,
Desk Access,الوصول للمكتب,
Desktop Icon,أيقونة سطح المكتب,
Desktop Icon already exists,رمز سطح المكتب موجود بالفعل,
Developer,مطور,
Did not add,لم تضف,
Did not cancel,لم يتم الإلغاء,
Did not find {0} for {0} ({1}),لم يتم العثور على {0} لـ {0} ( {1} ),
Did not remove,لم تقم بإزالة,
"Different ""States"" this document can exist in. Like ""Open"", ""Pending Approval"" etc.","مختلف ""الحالات"" في هذه الوثيقة يمكن أن تكون موجودة في. مثل ""فتح"" أو ""في انتظار الموافقة"" الخ.",
Direct,مباشرة,
Direct room with {0} already exists.,توجد غرفة مباشرة بها {0} بالفعل.,
Disable Auto Refresh,تعطيل التحديث التلقائي,
Disable Count,تعطيل العد,
Disable Customer Signup link in Login page,تعطيل رابط تسجيل العملاء في صفحة تسجيل الدخول,
Disable Prepared Report,تعطيل التقرير المعد,
Disable Report,تعطيل تقرير,
Disable SMTP server authentication,تعطيل مصادقة خادم SMTP,
Disable Sidebar Stats,تعطيل إحصائيات الشريط الجانبي,
Disable Signup,تعطيل الاشتراك,
Disable Standard Email Footer,تعطيل تذييل البريد الإلكتروني الافتراضي,
Discard,تجاهل,
Display,عرض,
Display Depends On,العرض يعتمد على,
Do not allow user to change after set the first time,لا تسمح للمستخدم لتغيير بعد تعيين أول مرة,
Do not edit headers which are preset in the template,لا تقم بتحرير الرؤوس التي يتم ضبطها مسبقا في القالب,
Do not send Emails,لا ترسل رسائل البريد الإلكتروني,
Doc Event,حدث دوك,
Doc Events,دوك الأحداث,
Doc Status,حالة الوثيقة,
DocField,DocField,
DocPerm,DocPerm,
DocShare,DocShare,
DocType <b>{0}</b> provided for the field <b>{1}</b> must have atleast one Link field,يجب أن يحتوي نوع المستند <b>{0}</b> المتوفر للحقل <b>{1}</b> على حقل ارتباط واحد على الأقل,
DocType can not be merged,لا يمكن دمج نوع المستند,
DocType can only be renamed by Administrator,نوع المستند لا يمكن تسميتها من قبل المسؤول,
DocType is a Table / Form in the application.,نوع المستند هو الجدول / نموذج في التطبيق.,
DocType must be Submittable for the selected Doc Event,يجب تقديم نوع المستند للحدث دوك المحدد,
DocType on which this Workflow is applicable.,نوع المستند على سير العمل هذا الذي ينطبق.,
"DocType's name should start with a letter and it can only consist of letters, numbers, spaces and underscores",يجب أن يبدأ اسم نوع المستند بحرف ويمكن أن يتكون فقط من الحروف والأرقام والمسافات والشرطات السفلية,
Doctype required,نوع المستند المطلوبة,
Document,وثيقة,
Document Follow,متابعة المستند,
Document Follow Notification,وثيقة متابعة الإخطار,
Document Queued,المستند في قائمة الانتظار,
Document Restored,تمت استعادة المستند,
Document Share Report,وثيقة حصة تقرير,
Document States,الولايات ثيقة,
Document Type is not importable,نوع المستند غير قابل للاستيراد,
Document Type is not submittable,نوع المستند غير قابل للتقديم,
Document Type to Track,نوع المستند لتعقب,
Document Types,أنواع المستندات,
Document can't saved.,لا يمكن حفظ المستند.,
Document {0} has been set to state {1} by {2},تم تعيين المستند {0} على الحالة {1} بواسطة {2},
Documents,وثائق,
Documents assigned to you and by you.,وثائق الملقاة على عاتقكم ولك.,
Domain Settings,إعدادات النطاق,
Domains HTML,النطاقات هتمل,
"Don't HTML Encode HTML tags like &lt;script&gt; or just characters like &lt; or &gt;, as they could be intentionally used in this field",لا علامات HTML شفر HTML مثل &lt;script&gt; أو مجرد شخصيات مثل &lt;أو&gt;، لأنها يمكن أن تستخدم عمدا في هذا المجال,
Don't Override Status,لا تجاوز الحالة,
Don't create new records,لا تنشئ سجلات جديدة,
Don't have an account? Sign up,ليس لديك حساب؟ تسجيل الدخول,
"Don't know, ask 'help'","لا أعرف، اسأل ""مساعدة""",
Download Data,تحميل البيانات,
Download Files Backup,تحميل الملفات النسخ الاحتياطي,
Download Link,رابط التحميل,
Download Report,تحميل التقرير,
Download Your Data,قم بتنزيل بياناتك,
Download link for your backup will be emailed on the following email address: {0},سوف تكون عبر البريد الإلكتروني رابط التحميل للنسخ الاحتياطي الخاص بك على عنوان البريد الإلكتروني التالي: {0},
Download with Data,تحميل مع البيانات,
Drag and Drop tool to build and customize Print Formats.,سحب وإسقاط أداة لبناء وتخصيص تنسيقات طباعة.,
Drag elements from the sidebar to add. Drag them back to trash.,عناصر السحب من الشريط الجانبي لإضافة. جرها إلى سلة المهملات.,
Dropbox Access Key,دروببوإكس مفتاح الوصول,
Dropbox Access Secret,دروببوإكس الدخول السرية,
Dropbox Access Token,دروببوإكس رمز الوصول,
Dropbox Settings,إعدادات دروب بوكس,
Dropbox Setup,إعداد دروببوإكس,
Dropbox access is approved!,تمت الموافقة الوصول دروببوإكس!,
Dropbox backup settings,إعدادات النسخ الاحتياطي دروببوإكس,
Duplicate Filter Name,تكرار اسم الفلتر,
Dynamic Link,الارتباط الحيوي,
Dynamic Report Filters,مرشحات تقرير ديناميكي,
ESC,زر ESC فى الكيبورد,
Edit Auto Email Report Settings,تحرير إعدادات تقرير البريد الإلكتروني الآلي,
Edit Custom HTML,تحرير مخصص HTML,
Edit DocType,تعديل القائمة,
Edit Filter,تحرير تصفية (فلترة),
Edit Format,تحرير تنسيق,
Edit HTML,تحرير HTML,
Edit Heading,تحرير العنوان,
Edit Properties,تحرير خصائص,
Edit to add content,تعديل لإضافة محتوى,
Edit {0},تحرير {0},
Editable Grid,قابلة للتعديل Grid,
Editing Row,تحرير صف,
Eg. smsgateway.com/api/send_sms.cgi,على سبيل المثال، smsgateway.com / API / send_sms.cgi,
Email Account Name,البريد الإلكتروني اسم الحساب,
Email Account added multiple times,تمت إضافة حساب البريد الإلكتروني عدة مرات,
Email Addresses,عناوين البريد الإلكتروني,
Email Domain,المجال البريد الإلكتروني,
"Email Domain not configured for this account, Create one?","عنوان مجال البريد الإلكتروني غير معرف لهذا الحساب, إنشيء واحد؟",
Email Flag Queue,البريد الإلكتروني العلم قائمة الانتظار,
Email Footer Address,تذييل البريد الإلكتروني,
Email Group,البريد الإلكتروني المجموعة,
Email Group List,البريد الإلكتروني قائمة المجموعة,
Email Group Member,أرسل عضو المجموعة,
Email Login ID,معرف تسجيل الدخول إلى البريد الإلكتروني,
Email Queue,قائمة إنتظار البريد الإلكتروني,
Email Queue Recipient,البريد الإلكتروني المستلم قائمة الانتظار,
Email Queue records.,سجلات البريد الإلكتروني قائمة الانتظار.,
Email Reply Help,البريد الإلكتروني رد مساعدة,
Email Rule,البريد الإلكتروني القاعدة,
Email Server,خادم البريد الإلكتروني,
Email Settings,إعدادات البريد الإلكتروني,
Email Signature,توقيع البريد الالكترونى,
Email Status,حالة البريد الإلكتروني,
Email Sync Option,مزامنة البريد الإلكتروني الخيار,
Email Templates for common queries.,قوالب البريد الإلكتروني للاستعلامات المشتركة.,
Email To,البريد الإلكتروني الى,
Email Unsubscribe,البريد الإلكتروني إلغاء الاشتراك,
Email has been marked as spam,تم وضع علامة على البريد الإلكتروني كغير مرغوب فيه,
Email has been moved to trash,تم نقل البريد الإلكتروني إلى المهملات,
Email not sent to {0} (unsubscribed / disabled),البريد الإلكتروني لا يرسل إلى {0} (غير مشترك / غيرمفعل),
Email not verified with {0},البريد الإلكتروني غير متحقق من {0},
Emails are muted,رسائل البريد الإلكتروني هي صامتة,
Emails will be sent with next possible workflow actions,سيتم إرسال رسائل البريد الإلكتروني مع إجراءات سير العمل التالية المحتملة,
Embed image slideshows in website pages.,تضمين عرض الشرائح صورة في صفحات الموقع.,
Enable / Disable Domains,تمكين / تعطيل النطاقات,
Enable Auto Reply,تمكين الرد التلقائي,
Enable Automatic Backup,تمكين النسخ الاحتياطي التلقائي,
Enable Chat,تمكين الدردشة,
Enable Comments,تمكين تعليقات,
Enable Incoming,تمكين الوارد,
Enable Outgoing,تمكين البريد الصادر,
Enable Password Policy,تمكين سياسة كلمة المرور,
Enable Print Server,تمكين خادم الطباعة,
Enable Raw Printing,تمكين الطباعة الخام,
Enable Report,تمكين تقرير,
Enable Scheduled Jobs,تمكين المهام المجدولة,
Enable Social Login,تمكين تسجيل الدخول الاجتماعي,
Enable Two Factor Auth,تفعيل المصادقة الثنائية,
Enabled email inbox for user {0},تم تفعيل صندوق وارد البريد الإلكتروني للمستخدم {0},
"Encryption key is invalid, Please check site_config.json",مفتاح التشفير غير صالح، يرجى التحقق من site_config.json,
End Date Field,حقل تاريخ الانتهاء,
End Date cannot be before Start Date!,لا يمكن أن يكون تاريخ الانتهاء قبل تاريخ البدء!,
Endpoint URL,رابط نقطة النهاية,
Energy Point Log,سجل نقطة الطاقة,
Energy Point Rule,قاعدة نقطة الطاقة,
Energy Point Settings,إعدادات نقطة الطاقة,
Energy Points,نقاط الطاقة,
Enter Email Recipient(s),أدخل مستلم/مستلمي البريد الإلكتروني,
Enter Form Type,أدخل نوع النموذج,
"Enter default value fields (keys) and values. If you add multiple values for a field, the first one will be picked. These defaults are also used to set ""match"" permission rules. To see list of fields, go to ""Customize Form"".","إدخال الحقول القيمة الافتراضية (مفاتيح) والقيم. إذا قمت بإضافة قيم متعددة للحقل، وسيتم اختيار أول واحد. وتستخدم هذه الافتراضات أيضا إلى وضع قواعد إذن ""مباراة"". لمشاهدة قائمة من المجالات، انتقل إلى ""نموذج تخصيص"".",
Enter folder name,أدخل اسم المجلد,
"Enter keys to enable login via Facebook, Google, GitHub.",أدخل المفاتيح لتفعيل تسجيل الدخول عبر Facebook و Google و GitHub.,
Enter python module or select connector type,أدخل وحدة Python أو اختر نوع الموصل,
"Enter static url parameters here (Eg. sender=ERPNext, username=ERPNext, password=1234 etc.)","أدخل معاملات الرابط الثابتة هنا (مثال: sender=ITQAN، username=ITQAN، password=1234، إلخ).",
Enter url parameter for message,أدخل معامل الرابط للرسالة,
Enter url parameter for receiver nos,أدخل معامل الرابط لأرقام المستلمين,
Enter your password,أدخل كلمة المرور,
Entity Name,اسم الكيان,
Equals,يساوي,
Error Message,رسالة الخطأ,
Error Report,تقرير الخطأ,
Error Snapshot,لقطة الخطأ,
Error in Custom Script,خطأ في سيناريو مخصص,
Error in Notification,خطأ في الإخطار,
Error in Notification: {},خطأ في الإشعار: {},
Error while connecting to email account {0},حدث خطأ أثناء الاتصال بحساب البريد الإلكتروني {0},
Error while evaluating Notification {0}. Please fix your template.,خطأ أثناء تقييم الإشعار {0}. يرجى تصحيح القالب الخاص بك.,
Error: Document has been modified after you have opened it,تم تعديل الوثيقة بعد أن كنت قد فتحه: خطأ,
Error: Value missing for {0}: {1},خطأ: قيمة مفقودة ل {0}: {1},
Errors in Background Events,أخطاء في خلفية الأحداث,
Event Category,فئة الحدث,
Event Participants,المشاركون في الحدث,
Event Type,نوع الحدث,
Event and other calendars.,الحدث والتقويمات الأخرى.,
Events in Today's Calendar,الأحداث في التقويم اليوم,
Everyone,كل شخص,
Example,مثال,
Example Email Address,مثال عنوان البريد الإلكتروني,
Example: {{ subject }},مثال: {{topic}},
Excel,تفوق,
Exception,استثناء,
Exception Type,نوع الاستثناء,
Execution Time: {0} sec,وقت التنفيذ: {0} ثانية,
Expert,خبير,
Expiration time,وقت انتهاء الصلاحية,
Expire Notification On,تنتهي الإعلام على,
Expires In,ينتهي في,
Expiry time of QR Code Image Page,وقت انتهاء صلاحية رمز الاستجابة السريعة صورة الصفحة,
Export All {0} rows?,تصدير كل الصفوف {0}؟,
Export Custom Permissions,تصدير ضوابط مخصص,
Export Customizations,تصدير تخصيصات,
Export Data,تصدير البيانات,
Export Data in CSV / Excel format.,تصدير البيانات بتنسيق CSV / Excel.,
Export Report: {0},تصدير التقرير: {0},
Expose Recipients,كشف المستلمين,
"Expression, Optional",التعبير والاختياري,
Facebook,الفيسبوك,
Failed to complete setup,فشل في إكمال الإعداد,
Failed to connect to server,فشل الاتصال بالخادم,
Failed while amending subscription,فشل أثناء تعديل الاشتراك,
FavIcon,أيقونة المفضلة,
Feedback Request,طلب التعليق,
Fetch From,إحضار من,
Fetch If Empty,إحضار إذا كانت فارغة,
Fetch Images,جلب الصور,
Fetch attached images from document,إحضار الصور المرفقة من المستند,
"Field ""route"" is mandatory for Web Views","حقل ""الطريق"" إلزامي للويب المشاهدات",
"Field ""value"" is mandatory. Please specify value to be updated","حقل ""قيمة"" إلزامي. يرجى تحديد قيمة ليتم تحديثها",
Field Description,وصف الحقل,
Field Maps,خرائط ميدانية,
Field Type,نوع الحقل,
"Field that represents the Workflow State of the transaction (if field is not present, a new hidden Custom Field will be created)",الحقل الذي يمثل حالة سير العمل للصفقة (إذا حقل غير موجود، سيتم إنشاء حقل مخصص جديد مخفي),
Field to Track,حقل لتعقب,
Field type cannot be changed for {0},لا يمكن تغيير نوع الحقل ل {0},
Field {0} not found.,الحقل {0} غير موجود.,
Fieldname is limited to 64 characters ({0}),اسم الحقل محدود بـ 64 حرفًا ({0}),
Fieldname not set for Custom Field,أسم الحقل لم يتم تعيينه لحقل مخصص,
Fieldname which will be the DocType for this link field.,أسم الحقل الذي سيكون نوع المستند لهذا الحقل الارتباط.,
Fieldname {0} cannot have special characters like {1},اسم حقل {0} لا يمكن أن يكون أحرف خاصة مثل {1},
Fieldname {0} conflicting with meta object,أسم الحقل {0} متعارض مع الكلمات الدلائلية,
Fields Multicheck,الحقول متعددة,
"Fields separated by comma (,) will be included in the ""Search By"" list of Search dialog box","سيتم تضمين الحقول المفصولة بفواصل (، ) في قائمة ""البحث حسب"" من مربع حوار البحث",
Fieldtype,نوع الحقل,
Fieldtype cannot be changed from {0} to {1} in row {2},لا يمكن تغيير نوع الحقل من {0} إلى {1} في الصف {2},
File '{0}' not found,ملف '{0}' لم يتم العثور,
File Backup,ملف النسخ الاحتياطي,
File Name,اسم الملف,
File Size,حجم الملف,
File Type,نوع الملف,
File URL,ملف الرابط,
File Upload,رفع الملف,
File Upload Disconnected. Please try again.,تم إلغاء رفع الملف. حاول مرة اخرى.,
File Upload in Progress. Please try again in a few moments.,رفع الملف قيد التقدم. يرجى المحاولة مرة أخرى في بضع لحظات.,
File backup is ready,ملف النسخ الاحتياطي جاهز,
File not attached,الملف غير مرفق,
File size exceeded the maximum allowed size of {0} MB,تجاوز حجم الملف الحد الأقصى المسموح به لحجم {0} ميغابايت,
File too big,الملف كبير جدا,
File {0} does not exist,الملف {0} غير موجود,
Files,الملفات,
Filter,تصفية,
Filter Data,تصفية البيانات,
Filter List,قائمة تصفية,
Filter Meta,تصفية ميتا,
Filter Name,اسم الفلتر,
Filter Values,قيم التصفية,
Filter must be a tuple or list (in a list),يجب أن يكون الفلتر عبارة عن قائمة أو قائمة (في قائمة),
"Filter must have 4 values (doctype, fieldname, operator, value): {0}",يجب أن يحتوي الفلتر على 4 قيم (نوع المستند، فيلدنام، أوبيراتور، فالو): {0},
Filter...,تصفية...,
"Filtered by ""{0}""","تمت تصفيتها من قبل ""{0}""",
Filters Display,عرض المرشحات,
Filters JSON,مرشحات JSON,
Filters saved,مرشحات حفظ,
Find {0} in {1},البحث عن {0} في {1},
First Level,المستوى الأول,
First Success Message,رسالة النجاح الأولى,
First Transaction,أول معاملة,
First data column must be blank.,يجب أن يكون عمود البيانات الأولى فارغة.,
First set the name and save the record.,أولا قم بتعيين الاسم وحفظ السجل.,
Flag,علم,
Float,رقم عشري,
Float Precision,دقة الرقم العشري,
Fold,طية,
Fold can not be at the end of the form,لا يمكن أن تكون الطية في نهاية النموذج,
Fold must come before a Section Break,يجب أن تأتي أضعاف قبل فاصل القسم,
Folder,مجلد,
Folder name should not include '/' (slash),يجب ألا يتضمن اسم المجلد '/' (شرطة مائلة),
Folder {0} is not empty,المجلد {0} غير فارغ,
Follow,إتبع,
Followed by,تليها,
Following fields are missing:,الحقول التالية مفقودة:,
Following fields have missing values:,الحقول التالية والقيم المفقودة:,
Font,الخط,
Font Size,حجم الخط,
Fonts,الخطوط,
Footer,تذييل الصفحة,
Footer HTML,تذييل HTML,
Footer Items,تذييل الأصناف,
Footer will display correctly only in PDF,سيعرض تذييل الصفحة بشكل صحيح في PDF فقط,
For Document Type,لنوع المستند,
"For Links, enter the DocType as range.\nFor Select, enter list of Options, each on a new line.",للارتباطات، أدخل نوع المستند كنطاق. للتحديد، ادخل قائمه الخيارات، كل ادخال في سطر جديد.,
For User,للمستخدم,
For Value,للقيمة,
"For currency {0}, the minimum transaction amount should be {1}",للعملة {0}، يجب أن يكون الحد الأدنى لمبلغ المعاملة {1},
For example if you cancel and amend INV004 it will become a new document INV004-1. This helps you to keep track of each amendment.,على سبيل المثال إذا قمت بإلغاء وتعديل INV004 أنها سوف تصبح وثيقة INV004-1 جديدة. هذا يساعدك على تتبع كل تعديل.,
"For example: If you want to include the document ID, use {0}",على سبيل المثال: إذا كنت تريد تضمين الوثيقة ID، استخدم {0},
"For updating, you can update only selective columns.",لتحديث، يمكنك تحديث الأعمدة انتقائية فقط.,
For {0} at level {1} in {2} in row {3},ل {0} في {1} مستوى في {2} في {3} الصف,
Force,فرض,
Force Show,عرض ألزامي,
Forgot Password,هل نسيت كلمة المرور,
Forgot Password?,هل نسيت كلمة المرور؟,
Form Customization,تخصيص النموذج,
Form Settings,إعدادات النموذج,
Format,شكل,
Format Data,تنسيق البيانات,
Forward To Email Address,انتقل إلى عنوان البريد الإلكتروني,
Fraction,جزء,
Fraction Units,جزء الوحدات,
Frames,إطارات,
Frappe,ITQAN,
Frappe Framework,ITQAN ERP,
Friendly Title,عنوان لطيف,
From Date Field,من حقل التاريخ,
From Document Type,من نوع المستند,
From Full Name,من الاسم الكامل,
Full Page,صفحة كاملة,
Fw: {0},FW: {0},
GCalendar Sync ID,GCalendar Sync ID,
GMail,بريد جوجل,
Gantt,جانت,
Gateway,بوابة,
Gateway Controller,بوابة المراقب,
Gateway Settings,إعدادات البوابة,
Generate Keys,توليد مفاتيح,
Generate New Report,توليد تقرير جديد,
Generated File,الملف الذي تم إنشاؤه,
Geo,الجغرافية,
Geolocation,تحديد الموقع الجغرافي,
Get Alerts for Today,الحصول على تنبيهات لهذا اليوم,
Get Contacts,الحصول على اتصالات,
Get Fields,احصل على الحقول,
Get your globally recognized avatar from Gravatar.com,الحصول على الرمزية الخاص بك المعترف بها عالميا من Gravatar.com,
GitHub,جت هب (GITHUB),
Give Review Points,إعطاء نقاط مراجعة,
Global Unsubscribe,إلغاء الاشتراك العالمية,
Go to the document,انتقل إلى المستند,
Go to this URL after completing the form (only for Guest users),انتقل إلى عنوان ورل هذا بعد إكمال النموذج (فقط لمستخدمي الضيف),
Go to {0},اذهب إلى {0},
Go to {0} List,انتقل إلى قائمة {0},
Go to {0} Page,انتقل إلى صفحة {0},
Google,جوجل,
Google Analytics ID,جوجل تحليلات ID,
Google Calendar ID,معرف تقويم Google,
Google Font,خط جوجل,
Google Services,خدمات جوجل,
Grant Type,منحة نوع,
Group Name,أسم المجموعة,
Group name cannot be empty.,لا يمكن أن يكون اسم المجموعة فارغا.,
Groups of DocTypes,مجموعات من نوع المستند s,
HTML,HTML,
HTML Editor,محرر HTML,
"HTML Header, Robots and Redirects",HTML رأس والروبوتات وإعادة التوجيه,
HTML for header section. Optional,HTML لرأس القسم. اختياري,
Half,نصف,
Has  Attachment,لديها مرفق,
Has Attachments,يحتوي على مرفقات,
Has Domain,لديه نطاق,
Has Role,له صلاحية,
Has Web View,لديه عرض الويب,
Have an account? Login,هل لديك حساب؟ تسجيل الدخول,
Header,العنوان الرأسي,
Header HTML,رأس HTML,
Header HTML set from attachment {0},تعيين HTML رأس من المرفق {0},
Header Image,صورة رأس,
Headers,الترويسات,
Heading,الترويسة,
Hello {0},مرحبا {0},
Hello!,مرحبا!,
Help Articles,مقالات المساعدة,
Help Category,فئة المساعدة,
Help on Search,المساعدة في البحث,
"Help: To link to another record in the system, use ""#Form/Note/[Note Name]"" as the Link URL. (don't use ""http://"")","مساعدة: لربط إلى سجل آخر في النظام، إستخدم ""# نموذج / ملاحظة / [اسم الملاحظة]""، كرابط الرابط. (لا تستخدم ""http://"")",
Helvetica,هلفتيكا,
Hi {0},أهلا{0},
Hide Copy,إخفاء النسخة,
Hide Footer Signup,إخفاء التذييل,
Hide Sidebar and Menu,إخفاء الشريط الجانبي والقائمة,
Hide Standard Menu,إخفاء القائمة الرئيسية,
Hide Weekends,إخفاء عطلة نهاية الأسبوع,
Hide details,إخفاء التفاصيل,
Hide footer in auto email reports,إخفاء تذييل الصفحة في تقارير البريد الإلكتروني التلقائية,
Higher priority rule will be applied first,سيتم تطبيق قاعدة الأولوية الأعلى أولاً,
Highlight,Highlight,
"Hint: Include symbols, numbers and capital letters in the password",تلميح: تضمين الرموز والأرقام والأحرف الكبيرة في كلمة المرور,
Home Page,الصفحة الرئيسية,
Home Settings,الإعدادات الرئيسية,
Home/Test Folder 1,الصفحة الرئيسية / اختبار المجلد 1,
Home/Test Folder 1/Test Folder 3,مجلد الوطن / اختبار 1 / مجلد اختبار 3,
Home/Test Folder 2,الصفحة الرئيسية / مجلد اختبار 2,
Host,مضيف,
Hostname,اسم المضيف,
"How should this currency be formatted? If not set, will use system defaults",كيف ينبغي أن يتم تنسيق هذه العملة؟ إذا لم يتم تعيين و، استخدم افتراضيات النظام,
I found these: ,لقد وجدت هذه:,
ID,هوية شخصية,
ID (name) of the entity whose property is to be set,ID (اسم) للكيان الذي هو الملكية التي سيتم تحديدها,
Icon will appear on the button,سيظهر الرمز على الزر,
Identity Details,تفاصيل الهوية,
Idx,IDX,
"If Apply Strict User Permission is checked and User Permission is defined for a DocType for a User, then all the documents where value of the link is blank, will not be shown to that User",إذا تم تحديد تطبيق تصريح المستخدم الصارم ويتم تعريف إذن المستخدم لنوع نوع المستندي للمستخدم، فإن جميع المستندات التي تكون فيها قيمة الرابط فارغة، لن يتم عرضها على هذا المستخدم,
If Checked workflow status will not override status in list view,إذا ووضع العمل تم الفحص لا تجاوز الوضع في عرض القائمة,
If Owner,إذا المالك,
"If a Role does not have access at Level 0, then higher levels are meaningless.",إذا لم يكن لديك الوصول لصلاحية في المستوى 0، ثم مستويات أعلى لا معنى لها.,
"If checked, all other workflows become inactive.",إذا تم، جميع مهام سير العمل الأخرى تصبح خاملة.,
"If checked, this field will be not overwritten based on Fetch From if a value already exists.","إذا تم تحديده، فلن تتم الكتابة فوق هذا الحقل استنادًا إلى ميزة ""الجلب من"" إذا كانت القيمة موجودة بالفعل.",
"If checked, users will not see the Confirm Access dialog.",إذا تم تحديدها، فلن يرى المستخدمون مربع حوار تأكيد الوصول.,
"If disabled, this role will be removed from all users.",إذا تعطيل، ستتم إزالة هذه الصلاحية من كافة المستخدمين.,
"If enabled,  user can login from any IP Address using Two Factor Auth, this can also be set for all users in System Settings",في حالة التمكين، يمكن للمستخدم تسجيل الدخول من أي عنوان IP باستخدام المصادقة الثنائية، كما يمكن تعيين ذلك لجميع المستخدمين في إعدادات النظام,
"If enabled, all users can login from any IP Address using Two Factor Auth. This can also be set only for specific user(s) in User Page","إذا تم تمكينه، يمكن لكافة المستخدمين تسجيل الدخول من أي عنوان IP باستخدام ""عامل عامل"". يمكن أيضًا تعيين ذلك لمستخدمين محددين في صفحة المستخدم",
"If enabled, changes to the document are tracked and shown in timeline",في حالة التمكين، يتم تعقب التغييرات في المستند وعرضها في المخطط الزمني,
"If enabled, document views are tracked, this can happen multiple times",في حالة التمكين، يتم تعقب طرق عرض المستندات، وقد يحدث ذلك عدة مرات,
"If enabled, the document is marked as seen, the first time a user opens it",في حالة التمكين، يتم تمييز المستند على أنه مرئي، وهي المرة الأولى التي يقوم فيها المستخدم بفتحها,
"If enabled, the password strength will be enforced based on the Minimum Password Score value. A value of 2 being medium strong and 4 being very strong.",إذا تم تمكينه، سيتم فرض قوة كلمة المرور استنادا إلى قيمة الحد الأدنى لقيمة كلمة المرور. قيمة 2 كونها متوسطة قوية و 4 قوية جدا.,
"If enabled, users who login from Restricted IP Address, won't be prompted for Two Factor Auth",في حالة التمكين، لن تتم مطالبة المستخدمين الذين يقومون بتسجيل الدخول من عنوان IP المقيد بـ Two Factor Auth,
"If enabled, users will be notified every time they login. If not enabled, users will only be notified once.",إذا تم تمكينه، فسيتم إشعار المستخدمين في كل مرة يسجلون فيها الدخول. إذا لم يتم تمكينه، فسيتم إشعار المستخدمين مرة واحدة فقط.,
If non standard port (e.g. 587),إذا غير المنفذ الرئيسي (على سبيل المثال 587),
"If non standard port (e.g. 587). If on Google Cloud, try port 2525.",إذا كان المنفذ غير قياسي (على سبيل المثال 587). إذا كنت على Google Cloud، فجرّب المنفذ 2525.,
"If not set, the currency precision will depend on number format",إذا لم يتم تعيينها، فإن دقة العملة تعتمد على تنسيق الأرقام,
If the condition is satisfied user will be rewarded with the points. eg. doc.status == 'Closed'\n,إذا كانت الحالة راضية، فسيتم مكافأة المستخدم بالنقاط. على سبيل المثال. doc.status == 'مغلق',
"If the user has any role checked, then the user becomes a ""System User"". ""System User"" has access to the desktop","إذا كان المستخدم لديه أي دور تم اختياره، فسيصبح المستخدم ""مستخدم النظام"". ""مستخدم النظام"" لديه حق الوصول إلى سطح المكتب",
"If these instructions where not helpful, please add in your suggestions on GitHub Issues.",إذا هذه التعليمات حيث لم تكن مفيدة، يرجى إضافة في اقتراحاتكم بشأن قضايا جيثب.,
"If this is checked, rows with valid data will be imported and invalid rows will be dumped into a new file for you to import later.",إذا تم تحديد ذلك، فسيتم استيراد الصفوف التي تحتوي على بيانات صالحة وسيتم طرح صفوف غير صالحة في ملف جديد يمكنك استيراده لاحقًا.,
If user is the owner,إذا كان المستخدم هو المالك,
"If you are updating, please select ""Overwrite"" else existing rows will not be deleted.","إذا كنت تقوم بتحديث، يرجى تحديد ""الكتابة"" لن يتم حذف الصفوف الموجودة آخر.",
If you are updating/overwriting already created records.,إذا كنت تقوم بتحديث / استبدال السجلات التي تم إنشاؤها,
"If you are uploading new records, ""Naming Series"" becomes mandatory, if present.","إذا كنت تحميل سجلات جديدة، ""تسمية السلسلة"" تصبح إلزامية، إذا كان موجودا.",
"If you are uploading new records, leave the ""name"" (ID) column blank.","إذا كنت تحميل سجلات جديدة، وترك ""اسم"" (ID) العمود فارغا.",
If you don't want to create any new records while updating the older records.,إذا كنت لا تريد إنشاء أي سجلات جديدة أثناء تحديث السجلات القديمة.,
"If you set this, this Item will come in a drop-down under the selected parent.",إذا قمت بتعيين هذا، فإن هذا الصنف تأتي في قائمة منسدلة تحت الأصل المحدد.,
"If you think this is unauthorized, please change the Administrator password.",إذا كنت تعتقد أن هذا غير المصرح به، الرجاء تغيير كلمة مرور المسؤول.,
"If your data is in HTML, please copy paste the exact HTML code with the tags.",إذا كانت البيانات في HTML، يرجى نسخ لصق رمز HTML المحدد مع العلامات.,
Ignore User Permissions,تجاهل صلاحيات المستخدم,
Ignore XSS Filter,تجاهل فلتر XSS,
Ignore attachments over this size,تجاهل إرفاق ملفات أكثر من هذا الحجم,
Ignore encoding errors,تجاهل أخطاء الترميز,
Ignored: {0} to {1},تجاهل: {0} إلى {1},
Illegal Access Token. Please try again,وصول رمز غير قانوني. حاول مرة اخرى,
Illegal Document Status for {0},حالة المستند غير القانوني لـ {0},
Image Field,صورة الميدان,
Image Link,رابط الصورة,
Image field must be a valid fieldname,يجب أن يكون حقل الصورة اسم حقل صالحا,
Image field must be of type Attach Image,يجب أن يكون حقل الصورة من النوع إرفاق صورة,
Images,صور,
Implicit,ضمني,
Import,استيراد,
Import Email From,استيراد البريد الإلكتروني من,
Import Status,حالة الاستيراد,
Import Subscribers,المشتركون استيراد,
Import Zip,استيراد الرمز البريدي,
In Filter,في تصفية,
In Global Search,في البحث العالمية,
In Grid View,في شبكة عرض,
In Hours,في ساعات,
In List View,في عرض القائمة,
In Preview,في المعاينة,
In Reply To,ردا على,
In Standard Filter,في التصفية الرئيسية,
In Valid Request,طلب غير صالح,
In points. Default is 9.,في نقطة. الافتراضي هو 9.,
In seconds,في ثوان,
Include Search in Top Bar,اضافة البحث في الشريط العلوي,
"Include symbols, numbers and capital letters in the password",تضمين الرموز والأرقام والأحرف الكبيرة في كلمة المرور,
Incoming email account not correct,حساب البريد الإلكتروني الوارد غير صحيح,
Incomplete login details,تفاصيل تسجيل الدخول غير مكتملة,
Incorrect User or Password,مستخدم غير صحيح أو كلمة مرور,
Incorrect Verification code,رمز التحقق غير صحيح,
Incorrect value in row {0}: {1} must be {2} {3},قيمة غير صحيحة في الصف {0} : {1} يجب أن يكون {2} {3},
Incorrect value: {0} must be {1} {2},قيمة غير صحيحة: {0} يجب أن يكون {1} {2},
Index,مؤشر,
Indicator,مؤشر,
Info,معلومات,
Info:,معلومات:,
Initial Sync Count,عدد مزامنة الأولي,
InnoDB,InnoDB,
Insert Above,إدراج فوق,
Insert After,إدراج بعد,
Insert After cannot be set as {0},الإدراج بعد لا يمكن تعيينه ك {0},
"Insert After field '{0}' mentioned in Custom Field '{1}', with label '{2}', does not exist",إدراج بعد الحقل '{0}' المذكورة في الحقل المخصص '{1}'، مع التصنيف '{2}'، غير موجود,
Insert Below,إدراج بالأسفل,
Insert Column Before {0},إدراج عمود قبل {0},
Insert Style,إدراج نمط,
Insert new records,إدراج سجلات جديدة,
Instructions Emailed,تعليمات عبر البريد الإلكتروني,
Insufficient Permission for {0},عدم كفاية الإذن {0},
Int,الباحث,
Integration Request,التكامل طلب,
Integration Request Service,التكامل طلب الخدمة,
Integration Type,نوع التكامل,
Integrations,التكاملات,
Integrations can use this field to set email delivery status,يمكن التكامل استخدام هذا الحقل لتغيير الحالة تسليم البريد الإلكتروني,
Internal Server Error,خطأ في الخادم الداخلي,
Internal record of document shares,السجل الداخلي للأسهم وثيقة,
Introduce your company to the website visitor.,اعرض شركتك لزائرن الموقع الإلكتروني,
Introductory information for the Contact Us Page,المعلومات التمهيدية لصفحة اتصل بنا,
Invalid,غير صالحة,
"Invalid ""depends_on"" expression","تعبير ""under_on"" غير صالح",
Invalid Access Key ID or Secret Access Key.,معرف مفتاح الوصول غير صالح أو مفتاح الوصول السري.,
Invalid CSV Format,تنسيق CSV غير صالح,
Invalid Home Page,الصفحة الرئيسية غير صالحة,
Invalid Link,رابط غير صالح,
Invalid Login Token,صالح رمز الدخول,
Invalid Login. Try again.,تسجيل الدخول غير صالح. حاول ثانية.,
Invalid Mail Server. Please rectify and try again.,خادم البريد غير صالحة. يرجى تصحيح و حاول مرة أخرى.,
Invalid Outgoing Mail Server or Port,خادم البريد الصادر غير صالحة أو ميناء,
Invalid Output Format,تنسيق الإخراج غير صالح,
Invalid Password,رمز مرور خاطئ,
Invalid Password:,رمز مرور خاطئ:,
Invalid Request,طلب غير صالح,
Invalid Search Field {0},حقل البحث غير صالح {0},
Invalid Subscription,اشتراك غير صالح,
Invalid Token,رمز غير صحيح,
Invalid User Name or Support Password. Please rectify and try again.,اسم المستخدم غير صحيح أو كلمة المرور الدعم. يرجى تصحيح و حاول مرة أخرى.,
Invalid column,عمود غير صالح,
Invalid field name {0},اسم الحقل غير صالح {0},
Invalid fieldname '{0}' in autoname,اسم الحقل غير صالح '{0}' في الااسم تلقائي,
Invalid file path: {0},مسار الملف غير صالح: {0},
Invalid login or password,معلومات الدخول خاطئة او كلمة المرور خاطئة,
Invalid module path,مسار الوحدة النمطية غير صالح,
Invalid naming series (. missing),سلسلة التسمية غير صالحة (. مفقود),
Invalid payment gateway credentials,أوراق بوابة الدفع غير صالحة,
Invalid recipient address,عنوان المستلم غير صالحة,
Invalid {0} condition,حالة {0} غير صالحة,
Inverse,معكوس,
Is,هل,
Is Attachments Folder,هو مجلد المرفقات,
Is Child Table,هو الجدول التابع,
Is Custom Field,هو حقل مخصص,
Is First Startup,هو بدء التشغيل الأول,
Is Folder,هو مجلد,
Is Global,هو عالمي,
Is Globally Pinned,مثبت على الصعيد العالمي,
Is Home Folder,هو المجلد الرئيسي,
Is Mandatory Field,هو حقل إلزامي,
Is Pinned,مثبت,
Is Primary Contact,هو جهة الاتصال الرئيسية,
Is Private,غير الخاصة,
Is Published Field,ومنشور الميدان,
Is Published Field must be a valid fieldname,"""تم نشر"" الحقل يجب أن يكون اسم حقل صالح",
Is Single,مفردة,
Is Spam,هو المزعج,
Is Standard,هو معيار,
Is Submittable,يستطيع الاعتماد,
Is Table,هو الجدول,
Is Your Company Address,يكون عنوان شركتك,
It is risky to delete this file: {0}. Please contact your System Manager.,أنه أمر محفوف بالمخاطر لحذف هذا الملف: {0}. يرجى الاتصال بمدير النظام الخاص بك.,
Item cannot be added to its own descendents,لا يمكن إضافة الصنف إلى الأصناف التابعة له,
JS,JS,
JSON,JSON,
JavaScript Format: frappe.query_reports['REPORTNAME'] = {},جافا سكريبت الصيغة: frappe.query_reports [' REPORTNAME '] = { },
Javascript to append to the head section of the page.,لإضافة الجافا سكربت لقسم الرأس في الصفحة,
Jinja,جينجا,
John Doe,فلان الفلاني,
Kanban,لوحة المهام,
Kanban Board Column,عمود لوح كانبان,
Kanban Board Name,اسم لوح كانبان,
Karma,العاقبة الاخلاقية,
Keep track of all update feeds,تتبع جميع يغذي التحديث,
Keeps track of all communications,بتتبع جميع الاتصالات,
Key,مفتاح,
Knowledge Base,قاعدة المعرفة,
Knowledge Base Contributor,مشارك قاعدة المعرفة,
Knowledge Base Editor,محرر قاعدة المعرفة,
LDAP Email Field,LDAP البريد الإلكتروني الميدان,
LDAP First Name Field,LDAP الاسم الميدان,
LDAP Not Installed,لم يتم تثبيت لداب,
LDAP Search String,LDAP بحث سلسلة,
"LDAP Search String needs to end with a placeholder, eg sAMAccountName={0}",يجب أن تنتهي سلسلة بحث LDAP بعنصر نائب، على سبيل المثال sAMAccountName = {0},
LDAP Security,أمان LDAP,
LDAP Server Url,خادم LDAP رابط,
LDAP Username Field,LDAP اسم المستخدم الميدان,
LDAP is not enabled.,لم يتم تمكين LDAP.,
Label Help,التسمية تعليمات,
Label and Type,التسمية و النوع,
Label is mandatory,التسمية إلزامية,
Landing Page,الصفحة المقصودة,
Language,اللغة,
Language Code,كود اللغة,
"Language, Date and Time settings",اللغة و التاريخ والوقت إعدادات,
Last Active,آخر تواجد في,
Last IP,أخر IP,
Last Known Versions,المعروفة إصدارات مشاركة,
Last Login,آخر تسجيل دخول,
Last Message,اخر رسالة,
Last Modified By,التعديل الأخير من قبل,
Last Modified Date,تاريخ آخر تعديل,
Last Modified On,آخر تعديل ل,
Last Month,الشهر الماضي,
Last Point Allocation Date,تاريخ تخصيص النقطة الأخيرة,
Last Quarter,الربع الأخير,
Last Synced On,آخر مزامنة في,
Last Updated By,آخر تحديث بواسطة,
Last Updated On,آخر تحديث يوم,
Last User,آخر مستخدم,
Last Week,الاسبوع الماضي,
Last Year,عام الماضي,
Last synced {0},آخر مزامنة {0},
Leave a Comment,أترك تعليق,
Leave blank to repeat always,اتركه فارغ لتكرار دائما,
Leave this conversation,ترك هذه المحادثة,
Left this conversation,تركت هذه المحادثة,
Length,طول,
Length of {0} should be between 1 and 1000,يجب أن يكون طول {0} بين 1 و 1000,
Let's avoid repeated words and characters,دعونا تجنب الكلمات المكررة وشخصيات,
Let's prepare the system for first use.,دعونا نقوم بإعداد النظام للمرة الاولى.,
Letter,رسالة,
Letter Head Based On,رسالة رئيس بناءً على,
Letter Head Image,صورة رأس الرسالة,
Letter Head Name,اسم ترئيس الرسالة,
Letter Head in HTML,ترئيس الرسالة كصيغة HTML,
Level Name,اسم المستوى,
Liked,أحب,
Liked By,أحب بواسطة,
Liked by {0},يحب {0},
Likes,اعجابات,
Limit Number of DB Backups,الحد من عدد النسخ الاحتياطية DB,
Line,خط,
Link DocType,رابط الاستمارة,
Link Expired,انتهت صلاحية الرابط,
Link Name,اسم الرابط,
Link Title,لينك تيتل,
"Link that is the website home page. Standard Links (index, login, products, blog, about, contact)",ربط هذا هو الصفحة الرئيسية ل موقع الويب. روابط القياسية ( مؤشر، تسجيل الدخول، والمنتجات، بلوق، عن، الاتصال ),
Link to the page you want to open. Leave blank if you want to make it a group parent.,الرابط إلى الصفحة التي تريد فتحها. اتركه فارغا إذا كنت تريد أن تجعل من أحد الوالدين المجموعة.,
Linked,مرتبط,
Linked With,ترتبط,
Linked with {0},مرتبط ب {0},
Links,الروابط,
List,قائمة,
List Filter,تصفية القائمة,
List View Setting,قائمة عرض الإعداد,
List a document type,قائمة نوع مستند,
"List as [{""label"": _(""Jobs""), ""route"":""jobs""}]","القائمة كما [{ ""التسمية"": _ ( ""وظائف"")، ""الطريق"": ""وظائف""}]",
List of backups available for download,قائمة احتياطية متوفرة للتحميل,
List of patches executed,قائمة من بقع أعدمت,
List of themes for Website.,قائمة من الموضوعات عن الموقع.,
Load Balancing,تحميل موازنة,
Loading,جارٍ التحميل,
Local DocType,نوع المستند المحلي,
Local Fieldname,فيلدنام المحلي,
Local Primary Key,مفتاح أساسي محلي,
Locals,السكان المحليين,
Log Details,تفاصيل السجل,
Log of Scheduler Errors,سجل من الأخطاء جدولة,
Log of error during requests.,تسجيل الخطأ خلال الطلبات.,
Log of error on automated events (scheduler).,تسجيل من خطأ على الأحداث الآلي ( جدولة ).,
Logged Out,تسجيل الخروج,
Logged in as Guest or Administrator,تم تسجيل الدخول كضيف أو مسؤول,
Login,تسجيل الدخول,
Login After,بعد الدخول,
Login Before,تسجيل الدخول قبل,
Login Id is required,مطلوب معرف تسجيل الدخول,
Login Required,تسجيل الدخول مطلوب,
Login Verification Code from {},رمز تحقق تسجيل الدخول من {},
Login and view in Browser,تسجيل الدخول والعرض في المتصفح,
Login not allowed at this time,تسجيل الدخول غير مسموح في هذا الوقت,
"Login session expired, refresh page to retry",انتهت صلاحية جلسة تسجيل الدخول، ثم حدّث الصفحة لإعادة المحاولة,
Login to comment,سجل الدخول للتعليق,
Login token required,رمز تسجيل الدخول مطلوب,
Login with LDAP,تسجيل الدخول مع LDAP,
Logout,تسجيل الخروج,
Long Text,نص طويل,
Looks like something is wrong with this site's Paypal configuration.,يبدو أن هناك خطأ في إعدادات PayPal لهذا الموقع.,
Looks like something is wrong with this site's payment gateway configuration. No payment has been made.,يبدو أن هناك خطأ في إعدادات بوابة الدفع لهذا الموقع. لم يتم تنفيذ أي دفعة.,
"Looks like something went wrong during the transaction. Since we haven't confirmed the payment, Paypal will automatically refund you this amount. If it doesn't, please send us an email and mention the Correlation ID: {0}.",يبدو وكأنه شيء على ما يرام أثناء العملية. وبما أننا لم تؤكد عملية الدفع، سوف باي بال برد تلقائيا هذا المبلغ. إذا لم يحدث ذلك، يرجى مراسلتنا على البريد الإلكتروني، وأذكر معرف الارتباط: {0}.,
Madam,سيدتي,
Main Section,القسم عام,
"Make ""name"" searchable in Global Search","اجعل ""الاسم"" قابلا للبحث في البحث العالمي",
Make use of longer keyboard patterns,الاستفادة من نماذج لوحة المفاتيح أطول,
Manage Third Party Apps,إدارة تطبيقات الجهات الخارجية,
Mandatory Information missing:,معلومات إلزامية مفقودة:,
Mandatory field: set role for,حقل إلزامي: تعيين الدور لـ,
Mandatory field: {0},حقل إلزامي: {0},
"Mandatory fields required in table {0}, Row {1}",الحقول الالزامية في جدول {0} صف رقم {1} مطلوبة,
Mandatory fields required in {0},الحقول الإلزامية المطلوبة في {0},
Mandatory:,إلزامية:,
Mapping Name,اسم الربط,
Mappings,تعيينات,
Mark as Read,ضع إشارة مقروء,
Mark as Spam,علامة كدعاية,
Mark as Unread,حدده كغير مقروء,
Markdown,مصغر,
Markdown Editor,محرر تخفيض السعر,
Marked As Spam,محددة كدعايات,
Max 500 records at a time,500 سجل كحد أقصى في نفس الوقت,
Max Attachment Size (in MB),أقصى حجم للمرفقات (ميغابايت),
Max Attachments,الحد الأقصى للمرفقات,
Max Length,الحد الاقصى للطول,
Max Value,القيمة القصوى,
Max width for type Currency is 100px in row {0},عرض ماكس لنوع العملة هو 100px في الصف {0},
Maximum Attachment Limit for this record reached.,تم بلوغ الحد الأقصى لمرفقات هذا السجل,
Maximum {0} rows allowed,الحد الأقصى {0} الصفوف المسموح,
"Meaning of Submit, Cancel, Amend",معنى تسجيل، إلغاء وتعديل,
Mention transaction completion page URL,ذكر عنوان url لصفحة إتمام المعاملة,
Mentions,يذكر,
Menu,القائمة,
Merchant ID,معرف التاجر,
Merge with existing,دمج مع الحالي,
Merging is only possible between Group-to-Group or Leaf Node-to-Leaf Node,الدمج مسموح فقط بين مجموعة ومجموعة أو بين عقدة فرعية وعقدة فرعية,
Message Count,عدد الرسائل,
Message ID,معرف الرسالة,
Message Parameter,معامل الرسالة,
Message Preview,معاينة الرسالة,
Message clipped,رسالة قص,
Message not setup,رسالة لا الإعداد,
Message to be displayed on successful completion (only for Guest users),الرسالة التي سيتم عرضها عند الانتهاء بنجاح (فقط لمستخدمي الضيف),
Message-id,معرف الرسالة,
Meta Tags,العلامات الفوقية,
Migration ID Field,حقل رقم تعريف الترحيل,
Milestone,معلم,
Milestone Tracker,معلما المقتفي,
Minimum Password Score,الحد الأدنى من كلمة المرور,
Miss,يغيب,
Missing Fields,حقول مفقودة,
Missing parameter Kanban Board Name,المعلمة مفقودة كانبان اسم المجلس,
Missing parameters for login,المعلمات المفقودة لتسجيل الدخول,
Models (building blocks) of the Application,نماذج (اللبنات) من التطبيق,
Modified By,عدل من قبل,
Module,وحدة,
Module Def,تعريف وحدة برمجية,
Module Name,اسم وحدة,
Module Not Found,لم يتم العثور على الوحدة,
Module Path,مسار الوحدة النمطية,
Module to Export,وحدة لتصدير,
Modules HTML,وحدات HTML,
Monospace,معدل النصوص والشروط,
More articles on {0},المزيد من المقالات حول {0},
More content for the bottom of the page.,المزيد من المحتوى لأسفل الصفحة.,
Most Used,الأكثر استخداما,
Move To,الانتقال إلى,
Move To Trash,ارسال الى سلة المحذوفات,
Move to Row Number,الانتقال إلى رقم الصف,
Mr,السيد,
Mrs,السيدة,
Ms,السيدة,
Multiple root nodes not allowed.,العقد الجذرية متعددة غير مسموح به.,
Multiplier Field,حقل المضاعف,
"Must be of type ""Attach Image""","يجب أن يكون من نوع ""إرفاق صورة""",
Must have report permission to access this report.,يجب أن يكون لديك إذن تقارير للوصول إلى هذا التقرير.,
Must specify a Query to run,يجب تحديد استعلام لتشغيل,
Mute Sounds,كتم الصوتيات,
MyISAM,MYISAM,
Name Case,اسم القضية,
Name cannot contain special characters like {0},الاسم لا يمكن أن يحتوي على أحرف خاصة مثل {0},
Name not set via prompt,لم يتم تعيين الاسم عبر المطالبة,
Name of the Document Type (DocType) you want this field to be linked to. e.g. Customer,اسم نوع الوثيقة (نوع المستند) تريد هذا الحقل لتكون مرتبطة. على سبيل المثال العملاء,
Name of the new Print Format,اسم الشكل الجديد طباعة,
Name of {0} cannot be {1},اسم {0} لا يمكن أن يكون {1},
Names and surnames by themselves are easy to guess.,الاسماء والألقاب في حد ذاتها سهلة التخمين.,
Naming,التسمية,
"Naming Options:\n<ol><li><b>field:[fieldname]</b> - By Field</li><li><b>naming_series:</b> - By Naming Series (field called naming_series must be present</li><li><b>Prompt</b> - Prompt user for a name</li><li><b>[series]</b> - Series by prefix (separated by a dot); for example PRE.#####</li>\n<li><b>format:EXAMPLE-{MM}morewords{fieldname1}-{fieldname2}-{#####}</b> - Replace all braced words (fieldnames, date words (DD, MM, YY), series) with their value. Outside braces, any characters can be used.</li></ol>","خيارات التسمية: <ol style=""""><li style=""""> <b>الحقل: [اسم المجال]</b> - حسب الحقل </li><li style=""""> <b>naming_series:</b> - حسب تسمية السلسلة (يجب أن يكون الحقل الذي يسمى naming_series موجودًا </li><li style=""""> <b>موجه</b> - موجه المستخدم لاسم </li><li style=""""> <b>[سلسلة]</b> - سلسلة بالبادئة (مفصولة بنقطة)؛ على سبيل المثال PRE. </li><li style=""""> <b>التنسيق: EXAMPLE- {MM} morewords {fieldname1} - {fieldname2} - {#####}</b> - استبدل جميع الكلمات <b>المتكوّنة (أسماء الحقول</b>، كلمات التاريخ (DD، MM، YY)، السلاسل) مع قيمتها. الأقواس الخارجية، يمكن استخدام أي أحرف. </li></ol>",
Naming Series mandatory,تسمية سلسلة إلزامية,
Nested set error. Please contact the Administrator.,خطأ مجموعة متداخلة. يرجى الاتصال بمدير البرنامج.,
New Activity,نشاط جديد,
New Chat,دردشة جديدة,
New Comment on {0}: {1},تعليق جديد على {0}: {1},
New Connection,اتصال جديد,
New Custom Print Format,تنسيق طباعة مخصص جديد,
New Email,بريد إلكتروني جديد,
New Email Account,حساب بريد إلكتروني جديد,
New Event,حدث جديد,
New Folder,ملف جديد,
New Kanban Board,مجلس كانبان جديدة,
New Message from Website Contact Page,رسالة جديدة من موقع الاتصال الصفحة,
New Name,اسم جديد,
New Newsletter,النشرة الإخبارية جديدة,
New Password,كلمة مرور جديدة,
New Password Required.,كلمة مرور جديدة مطلوبة.,
New Print Format Name,اسم تنسيق طباعة جديد,
New Report name,اسم التقرير الجديد,
New Value,قيمة جديدة,
New data will be inserted.,سيتم إدراج البيانات الجديدة.,
New updates are available,تحديثات جديدة متاحة,
New value to be set,القيمة الجديدة التي سيتم تحديدها,
New {0},{0} جديد,
New {} releases for the following apps are available,تتوفر {} إصدارات جديدة للتطبيقات التالية,
Newsletter Email Group,البريد الإلكتروني المجموعة البريدية,
Newsletter Manager,مدير النشرة الإخبارية,
Newsletter has already been sent,الرسالة الإخبارية قد تم إرسالها من قبل,
"Newsletters to contacts, leads.",النشرات الإخبارية إلى جهات الاتصال، ويؤدي.,
Next Action Email Template,التالي عمل قالب البريد الإلكتروني,
Next Actions HTML,العمليات القادمة HTML,
Next Schedule Date,تاريخ الجدول التالي,
Next Scheduled Date,التاريخ المجدول التالي,
Next State,الحالية التالية,
Next Sync Token,Next Sync Token,
Next actions,الإجراءات التالية,
No Active Sessions,ليست هناك جلسات نشطة,
No Copy,اي نسخة,
No Email Account,ليس لديك حساب البريد الإلكتروني,
No Email Accounts Assigned,لا حسابات البريد الإلكتروني المخصصة,
No Emails,لا رسائل البريد الإلكتروني,
No Label,بدون علامة,
No Permissions Specified,لا الصلاحيات المحددة,
No Permissions set for this criteria.,لم يحدد ضوابط لهذه المعايير.,
No Preview,لا معاينة,
No Preview Available,لا تتوفر معاينة,
No Printer is Available.,لا يوجد طابعة متاحة.,
No Results,لا يوجد نتائج,
No Tags,لا علامات,
No alerts for today,لا تنبيهات لهذا اليوم,
No comments yet,لا توجد تعليقات حتى الآن,
No comments yet. Start a new discussion.,لا تعليقات حتى الآن. بدء مناقشة جديدة.,
No data found in the file. Please reattach the new file with data.,لم يتم العثور على بيانات في الملف. الرجاء إعادة إرفاق الملف الجديد بالبيانات.,
No document found for given filters,لم يتم العثور على أي مستند لمرشحات معينة,
"No fields found that can be used as a Kanban Column. Use the Customize Form to add a Custom Field of type ""Select"".","لم يتم العثور على الحقول التي يمكن استخدامها كعمود كانبان. استخدم ""تخصيص نموذج"" لإضافة حقل مخصص من النوع ""تحديد"".",
No file attached,أي ملف مرفق,
No further records,لا توجد سجلات أخرى,
No matching records. Search something new,أية سجلات مطابقة. بحث شيئا جديدا,
"No need for symbols, digits, or uppercase letters.",لا حاجة لرموز أو أرقام أو أحرف كبيرة.,
No of Columns,عدد الأعمدة,
No of Rows (Max 500),عدد الصفوف (بحد أقصى 500),
No of emails remaining to be synced,عدد رسائل البريد الإلكتروني المتبقية ليكون مزامن,
No permission for {0},لا توجد صلاحية لـ {0},
No permission to '{0}' {1},لا توجد صلاحية ل '{0} ' {1},
No permission to read {0},ليس هناك إذن لقراءة {0},
No permission to {0} {1} {2},لا يوجد تصريح إلى {0} {1} {2},
No records deleted,لا توجد سجلات محذوفة,
No records present in {0},لا توجد سجلات في {0},
No records tagged.,لا توجد سجلات معلمة.,
No template found at path: {0},لم يتم العثور على نموذج في المسار: {0},
No {0} found,لا يوجد بيانات لـ {0},
No {0} mail,لا {0} الإلكتروني,
No {0} permission,لا {0} إذن,
None: End of Workflow,لا شيء: نهاية سير العمل,
Not Allowed: Disabled User,غير مسموح به: مستخدم معطل,
Not Ancestors Of,ليس الأجداد من,
Not Descendants Of,ليس من أحفاد,
Not Equals,لا تساوي,
Not In,ليس في,
Not Linked to any record,غير مرتبط بأي سجل,
Not Published,لم تنشر,
Not Saved,لم يتم الحفظ,
Not Seen,لا أرى,
Not Sent,لا ترسل,
Not Set,غير محدد,
Not a valid Comma Separated Value (CSV File),ليس صالحا القيمة المفصولة بفواصل ( CSV ملف),
Not a valid User Image.,ليست صورة مستخدم صالحة.,
Not a valid Workflow Action,ليس إجراء سير عمل صالح,
Not a valid user,غير مستخدم صالح,
Not a zip file,ليس ملف مضغوط,
Not allowed for {0}: {1},غير مسموح لـ {0}: {1},
Not allowed for {0}: {1} in Row {2}. Restricted field: {3},غير مسموح به {0}: {1} في الصف {2}. المجال المحظور: {3},
Not allowed for {0}: {1}. Restricted field: {2},غير مسموح لـ {0}: {1}. المجال المقيد: {2},
Not allowed to Import,غير مسموح ل استيراد,
Not allowed to change {0} after submission,غير مسموح لتغيير {0} بعد تقديم,
Not allowed to print cancelled documents,غير مسموح لطباعة الوثائق الملغاة,
Not allowed to print draft documents,غير مسموح لطباعة مسودات الوثائق,
Not enough permission to see links,ليس هناك إذن كاف لمشاهدة الروابط,
Not in Developer Mode,ليس في وضع مطور البرامج,
Not in Developer Mode! Set in site_config.json or make 'Custom' DocType.,"ليس في وضع المطور! يقع في site_config.json أو جعل نوع المستند ""مخصص"".",
Note Seen By,ملاحظة يراها,
Note:,ملحوظة:,
Note: By default emails for failed backups are sent.,ملاحظة: يتم إرسال رسائل البريد الإلكتروني الافتراضية لعمليات النسخ الاحتياطي الفاشلة.,
Note: Changing the Page Name will break previous URL to this page.,ملاحظة: يؤدي تغيير اسم الصفحة إلى كسر عنوان ورل السابق لهذه الصفحة.,
"Note: For best results,  images must be of the same size and width must be greater than height.",ملاحظة: للحصول على أفضل النتائج، يجب أن تكون الصور بنفس الحجم والعرض يجب أن يكون أكبر من الارتفاع.,
Note: Multiple sessions will be allowed in case of mobile device,ملاحظة: سيتم السماح جلسات متعددة في حالة جهاز الموبايل,
Nothing to show,لا شيء لإظهار,
Nothing to update,لا شيء للتحديث,
Notification,إعلام,
Notification Recipient,مستلم الإعلام,
Notification Tones,نغمات الإخطار,
Notifications,الإشعارات,
Notifications and bulk mails will be sent from this outgoing server.,سيتم إرسال إخطارات ورسائل السائبة من هذا الخادم المنتهية ولايته.,
Notify Users On Every Login,إعلام المستخدمين على كل تسجيل الدخول,
Notify if unreplied,يخطر إذا لا تحوي على ردود,
Notify if unreplied for (in mins),يخطر إذا لا تحوي على ردود ل (في دقيقة),
Notify users with a popup when they log in,إعلام المستخدمين مع منبثقة عندما يقومون بتسجيل الدخول,
Number Format,تنسيق الرقم,
Number of Backups,عدد النسخ الاحتياطية,
Number of DB Backups,عدد النسخ الاحتياطية DB,
Number of DB backups cannot be less than 1,لا يمكن أن يكون عدد نسخ DB الاحتياطية أقل من 1,
Number of columns for a field in a Grid (Total Columns in a grid should be less than 11),عدد الأعمدة للحقل في الشبكة (يجب أن يكون مجموع الأعمدة في شبكة أقل من 11),
Number of columns for a field in a List View or a Grid (Total Columns should be less than 11),عدد الأعمدة للحقل في قائمة عرض أو الشبكة (يجب أن يكون مجموع الأعمدة أقل من 11),
OAuth Authorization Code,مصادقة رمز التفويض,
OAuth Bearer Token,حامل رمز المصادقة,
OAuth Client,عميل OAuth,
OAuth Provider Settings,إعدادات موفر OAuth,
OTP App,تطبيق كلمة السر الفريدة,
OTP Issuer Name,اسم جهة مكتب المدعي عام,
OTP Secret has been reset. Re-registration will be required on next login.,تمت إعادة تعيين سر مكتب المدعي عام. سوف تكون هناك حاجة لإعادة التسجيل على تسجيل الدخول المقبل.,
OTP secret can only be reset by the Administrator.,لا يمكن إعادة تعيين سر مكتب المدعي عام إلا بواسطة المسؤول.,
Office,مكتب,
Office 365,مكتب 365,
Old Password,كلمة المرور القديمة,
Old Password Required.,كلمة المرور القديمة مطلوبة.,
Older backups will be automatically deleted,سيتم حذف النسخ الاحتياطية القديمة تلقائيا,
"On {0}, {1} wrote:",على {0}، {1} كتب:,
"Once submitted, submittable documents cannot be changed. They can only be Cancelled and Amended.",بمجرد إرسالها، لا يمكن تغيير المستندات المقدمة. يمكن إلغاؤها وتعديلها فقط.,
"Once you have set this, the users will only be able access documents (eg. Blog Post) where the link exists (eg. Blogger).",وبمجرد الانتهاء من تعيين هذه، سوف يكون المستخدمون قادرين فقط الوصول إلى المستندات (على سبيل المثال مدونة بوست) حيث يوجد رابط (مثل مدون ).,
One Last Step,خطوة أخيرة واحدة,
One Time Password (OTP) Registration Code from {},كلمة المرور لمرة واحدة (OTP) رمز التسجيل من {},
Only 200 inserts allowed in one request,فقط 200 إدراج سمحت في طلب واحد,
Only Administrator can delete Email Queue,يمكن فقط للمسؤول حذف قائمة انتظار البريد الإلكتروني,
Only Administrator can edit,مدير النظام فقط يمكنه التحرير,
Only Administrator can save a standard report. Please rename and save.,مسؤول فقط يمكن حفظ تقرير القياسية. الرجاء إعادة تسمية وحفظ.,
Only Administrator is allowed to use Recorder,يسمح فقط للمسؤول باستخدام Recorder,
Only Allow Edit For,السماح بالتحرير فقط لـ,
Only Send Records Updated in Last X Hours,فقط إرسال السجلات التي تم تحديثها في آخر X ساعات,
Only mandatory fields are necessary for new records. You can delete non-mandatory columns if you wish.,ضرورية لسجلات جديدة الحقول الإلزامية فقط. يمكنك حذف الأعمدة غير الإلزامية إذا كنت ترغب في ذلك.,
Only standard DocTypes are allowed to be customized from Customize Form.,يُسمح بتخصيص أنواع نوع المستند s القياسية فقط من تخصيص النموذج.,
Only users involved in the document are listed,يتم سرد فقط المستخدمين المشاركين في المستند,
Only {0} emailed reports are allowed per user,فقط {0} عبر البريد الإلكتروني يسمح تقارير لكل مستخدم,
Oops! Something went wrong,عذرا! هناك خطأ ما.,
"Oops, you are not allowed to know that",عذرا، غير مسموح لك ان تعرف ذلك,
Open Link,فتح الرابط,
Open Source Applications for the Web,التطبيقات المفتوحة المصدر لشبكة الإنترنت,
Open Translation,فتح الترجمة,
Open a dialog with mandatory fields to create a new record quickly,افتح مربع حوار مع الحقول الإلزامية لإنشاء سجل جديد بسرعة,
Open a module or tool,فتح وحدة نمطية أو أداة,
Open your authentication app on your mobile phone.,افتح تطبيق المصادقة على هاتفك الجوال.,
Open {0},مفتوحة {0},
Opened,افتتح,
Operator must be one of {0},يجب أن يكون المشغل واحدا من {0},
Option 1,الخيار 1,
Option 2,الخيار 2,
Option 3,الخيار 3,
Optional: Always send to these ids. Each Email Address on a new row,اختياري: إرسال دوما إلى هذه المعرفات. كل عنوان البريد الإلكتروني على صف جديد,
Optional: The alert will be sent if this expression is true,اختياري: سيتم إرسال التنبية إذا كان هذا التعبير صحيح,
Options 'Dynamic Link' type of field must point to another Link Field with options as 'DocType',"'الارتباط الحيوي ""نوع من الخيارات الميدانية يجب أن يشير إلى رابط حقل آخر مع خيارات باسم' نوع المستند '",
Options Help,خيارات مساعدة,
Options for select. Each option on a new line.,خيارات للاختيار. كل خيار على سطر جديد.,
Options not set for link field {0},خيارات لم يتم تعيين لحقل الرابط {0},
Or login with,أو الدخول مع,
Order,طلب,
Org History,تاريخ المنظمة,
Org History Heading,عنوان تاريخ المنظمة,
Orientation,توجيه,
Original Value,القيمة الأصلية,
Outgoing email account not correct,حساب البريد الصادر غير صحيح,
Outlook.com,Outlook.com,
Output,الناتج,
PDF,PDF,
PDF Page Size,حجم صفحة صيغة PDF,
PDF Settings,إعدادات PDF,
PDF generation failed,فشل توليد قوات الدفاع الشعبي,
PDF generation failed because of broken image links,فشل الجيل PDF بسبب الروابط صورة مكسورة,
"PDF printing via ""Raw Print"" is not yet supported. Please remove the printer mapping in Printer Settings and try again.","طباعة PDF عبر ""طباعة خام"" غير مدعومة بعد. يرجى إزالة تعيين الطابعة في إعدادات الطابعة والمحاولة مرة أخرى.",
Page HTML,صفحة HTML,
Page Length,طول الصفحة,
Page Name,اسم الصفحة,
Page Settings,إعدادات الصفحة,
Page has expired!,انتهت صلاحية الصفحة!,
Page not found,لم يتم العثور على الصفحة,
Page to show on the website\n,صفحة ستظهر على الموقع الإلكتروني,
Pages in Desk (place holders),الصفحات في مكتب (أصحاب مكان),
Parent,رقم الاب,
Parent Error Snapshot,الأم قطة خطأ,
Parent Label,الاسم الأصل,
Parent Table,الجدول الرئيسي,
Parent is required to get child table data,اﻷصل مطلوب للحصول على بيانات الجدول الفرعي,
Parent is the name of the document to which the data will get added to.,الأصل هو اسم المستند الذي ستتم إضافة البيانات إليه.,
Partial Success,نجاح جزئي,
Partially Successful,ناجحة جزئيا,
Participants,المشاركين,
Passive,غير فعال,
Password Reset,إعادة تعيين كلمة المرور,
Password Updated,تم تحديث كلمة المرور,
Password for Base DN,كلمة السر لقاعدة DN,
Password is required or select Awaiting Password,كلمة المرور مطلوبة أو اختر كلمة المرور,
Password not found,لم يتم العثور على كلمة السر,
Password reset instructions have been sent to your email,تم إرسال إرشادات إعادة تعيين كلمة السر إلى بريدك الإلكتروني,
Paste,لصق,
Patch,بقعة,
Patch Log,سجل التصحيح,
Path to CA Certs File,الطريق إلى CA Certs ملف,
Path to Server Certificate,المسار إلى شهادة الخادم,
Path to private Key File,الطريق إلى ملف مفتاح خاص,
PayPal Settings,اعدادات PayPal,
PayPal payment gateway settings,إعدادات بوابة الدفع باي بال,
Payment Cancelled,تم إلغاء الدفعة,
Payment Failed,عملية الدفع فشلت,
Payment Success,دفع النجاح,
Pending Approval,ما زال يحتاج بتصدير,
Pending Verification,في انتظار التحقق,
Percent,في المئة,
Percent Complete,في المئة كاملة,
Perm Level,مستوى الصلاحيات,
Permanent,دائم,
Permanently Cancel {0}?,الغاء دائم {0}؟,
Permanently Submit {0}?,إرسال دائم {0}؟,
Permanently delete {0}?,حذف بشكل دائم {0}؟,
Permission Error,خطأ في الإذن,
Permission Level,مستوى الصلاحيات,
Permission Levels,إذن مستويات,
Permission Rules,إذن قوانين,
Permissions,الصلاحيات,
Permissions are automatically applied to Standard Reports and searches.,يتم تطبيق الصلاحيات تلقائيًا على التقارير القياسية وعمليات البحث.,
"Permissions are set on Roles and Document Types (called DocTypes) by setting rights like Read, Write, Create, Delete, Submit, Cancel, Amend, Report, Import, Export, Print, Email and Set User Permissions.",يتم تعيين الصلاحيات على الصلاحيات و أنواع المستندات (وتسمى نوع المستند s ) من خلال وضع حقوق مثل القراءة والكتابة، إنشاء، حذف، إرسال، الغاء، تعديل، تقرير، استيراد، تصدير، طباعة، البريد الإلكتروني و تعيين صلاحيات المستخدم.,
Permissions at higher levels are Field Level permissions. All Fields have a Permission Level set against them and the rules defined at that permissions apply to the field. This is useful in case you want to hide or make certain field read-only for certain Roles.,ضوابط في المستويات العليا هي أذونات على مستوى الحقل. جميع الحقول لديها مجموعة مستوى الصلاحيات ضدهم والقواعد المحددة في تلك الصلاحيات تنطبق على هذا الحقل. وهذا مفيد في حال كنت تريد إخفاء أو جعل حقل معين للقراءة فقط لبعض الصلاحيات.,
"Permissions at level 0 are Document Level permissions, i.e. they are primary for access to the document.",أذونات على مستوى 0 هي أذونات مستوى الوثيقة، أي أنها الأساسي للوصول إلى هذه الوثيقة.,
Permissions get applied on Users based on what Roles they are assigned.,الحصول على تطبيق الصلاحيات على المستخدمين على أساس ما الصلاحيات التي تم تعيينها.,
Personal,الشخصية,
Personal Data Deletion Request,طلب حذف البيانات الشخصية,
Personal Data Download Request,طلب تنزيل البيانات الشخصية,
Phone No.,رقم الهاتف,
Pick Columns,اختيار الأعمدة,
Plant,مصنع,
Please Duplicate this Website Theme to customize.,يرجى تكرار هذا الموقع موضوع لتخصيص.,
Please Enter Your Password to Continue,يرجى إدخال كلمة المرور للمتابعة,
Please Install the ldap3 library via pip to use ldap functionality.,الرجاء تثبيت مكتبة ldap3 عبر النقطة لاستخدام وظيفة ldap.,
Please Update SMS Settings,يرجى تحديث إعدادات الرسائل القصيرة,
Please add a subject to your email,الرجاء إضافة موضوع إلى بريدك الإلكتروني,
Please ask your administrator to verify your sign-up,الرجاء اطلب من المشرف التأكد من تسجيلك,
Please attach a file first.,يرجى إرفاق ملف الأول.,
Please attach an image file to set HTML,يرجى إرفاق ملف صورة لضبط HTML,
Please check your email for verification,يرجى التحقق من بريدك الإلكتروني للتحقق,
Please check your registered email address for instructions on how to proceed. Do not close this window as you will have to return to it.,يرجى التحقق من عنوان بريدك الإلكتروني المسجل للحصول على إرشادات حول كيفية المتابعة. لا تغلق هذه النافذة كما سيكون لديك للعودة إليها.,
Please close this window,الرجاء إغلاق هذه النافذة,
Please confirm your action to {0} this document.,يرجى تأكيد الإجراء الخاص بك إلى {0} هذا المستند.,
Please do not change the rows above {0},من فضلك لا تغيير الصفوف أعلاه {0},
Please do not change the template headings.,من فضلك لا تغيير عناوين القالب.,
Please duplicate this to make changes,يرجى تكرار هذه إلى إجراء تغييرات,
Please enable developer mode to create new connection,الرجاء تمكين وضع مطور البرامج لإنشاء اتصال جديد,
Please ensure that your profile has an email address,يرجى التأكد من أن التعريف الخاص بك لديه عنوان البريد الإلكتروني,
Please enter Access Token URL,الرجاء إدخال عنوان ورل لرمز الدخول المميز,
Please enter Authorize URL,الرجاء إدخال عنوان ورل للمصادقة,
Please enter Base URL,الرجاء إدخال عنوان ورل الأساسي,
Please enter Client ID before social login is enabled,الرجاء إدخال معرف العميل قبل تمكين تسجيل الدخول الاجتماعي,
Please enter Client Secret before social login is enabled,الرجاء إدخال العميل السري قبل تمكين تسجيل الدخول الاجتماعي,
Please enter Redirect URL,الرجاء إدخال عنوان ورل لإعادة التوجيه,
Please enter the password,الرجاء إدخال كلمة المرور,
Please enter valid mobile nos,الرجاء إدخال أرقام جوال صالحة,
Please enter values for App Access Key and App Secret Key,الرجاء إدخال قيم التطبيقات مفتاح الوصول والتطبيقات سر مفتاح,
Please make sure that there are no empty columns in the file.,يرجى التأكد من أنه لا توجد أعمدة فارغة في الملف.,
Please make sure the Reference Communication Docs are not circularly linked.,يرجى التأكد من أن وثائق الاتصال المرجعية غير مرتبطة بشكل دائري.,
Please refresh to get the latest document.,يرجى تحديث للحصول على أحدث وثيقة.,
Please save before attaching.,الرجاء حفظ قبل إرفاق.,
Please save the Newsletter before sending,يرجى حفظ النشرة الإخبارية قبل إرسالها,
Please save the document before assignment,الرجاء حفظ المستند قبل التعيين,
Please save the document before removing assignment,الرجاء حفظ المستند قبل إزالة المهمة,
Please save the report first,يرجى حفظ التقرير الأول,
Please select DocType first,يرجى تحديد نوع المستند أولا,
Please select Entity Type first,يرجى اختيار نوع الكيان أولا,
Please select Minimum Password Score,يرجى تحديد الحد الأدنى لسجل كلمة المرور,
Please select a Amount Field.,الرجاء تحديد حقل المبلغ.,
Please select a file or url,يرجى تحديد ملف أو الرابط,
Please select a new name to rename,يرجى تحديد اسم جديد لإعادة التسمية,
Please select a valid csv file with data,يرجى تحديد ملف CSV ساري المفعول مع البيانات,
Please select another payment method. PayPal does not support transactions in currency '{0}',يرجى تحديد طريقة دفع أخرى. باي بال لا تدعم المعاملات بالعملة '{0}',
Please select another payment method. Razorpay does not support transactions in currency '{0}',يرجى تحديد طريقة دفع أخرى. Razorpay لا يعتمد المعاملات بالعملة '{0}',
Please select atleast 1 column from {0} to sort/group,يرجى تحديد عمود واحد على الأقل من {0} إلى التصنيف / المجموعة,
Please select document type first.,يرجى تحديد نوع الوثيقة أولا.,
Please select the Document Type.,الرجاء تحديد نوع المستند.,
Please set Base URL in Social Login Key for Frappe,يرجى تعيين عنوان URL الأساسي في مفتاح تسجيل الدخول الاجتماعي لـ ITQAN,
Please set Dropbox access keys in your site config,الرجاء تعيين مفاتيح الوصول دروببوإكس في التكوين موقعك,
Please set a printer mapping for this print format in the Printer Settings,"يرجى تعيين تعيين طابعة لتنسيق الطباعة هذا في ""إعدادات الطابعة""",
Please set filters,يرجى تعيين المرشحات,
Please set filters value in Report Filter table.,الرجاء تعيين قيمة عوامل التصفية في جدول تصفية التقرير.,
"Please setup SMS before setting it as an authentication method, via SMS Settings",يرجى إعداد سمز قبل تعيينه كطريقة المصادقة، عبر إعدادات سمز,
Please setup a message first,يرجى إعداد رسالة أولاً,
Please specify which date field must be checked,يرجى تحديد حقل التاريخ الذي يجب التحقق منه,
Please specify which value field must be checked,يرجى تحديد حقل القيمة الذي يجب التحقق منه,
Please try again,حاول مرة اخرى,
Please verify your Email Address,يرجى التحقق من عنوان البريد الإلكتروني الخاص بك,
Point Allocation Periodicity,نقطة التخصيص الدورية,
Points,نقاط,
Points Given,النقاط المقدمة,
Port,المنفذ,
Portal Menu,البوابة القائمة,
Portal Menu Item,بوابة عنصر القائمة,
Post,بعد,
Post Comment,أضف تعليقا,
Postal,بريدي,
Postal Code,الرمز البريدي,
Postprocess Method,طريقة Postprocess,
Posts,المشاركات,
Posts by {0},مشاركات {0},
Posts filed under {0},الوظائف المقدمة في إطار {0},
Precision,دقة,
Precision should be between 1 and 6,وينبغي أن تكون الدقة بين 1 و 6,
Predictable substitutions like '@' instead of 'a' don't help very much.,بدائل يمكن التنبؤ بها مثل '@' بدلا من '' لا يساعد كثيرا جدا.,
Preferred Billing Address,عنوان الفواتير المفضل,
Preferred Shipping Address,عنوان النقل البحري المفضل,
Prepared Report,أعد التقرير,
Preparing Report,إعداد التقرير,
Preprocess Method,طريقة المعالجة المسبقة,
Press Enter to save,اضغط على إنتر للحفظ,
Preview HTML,معاينة HTML,
Preview Message,عرض الرسالة,
Previous,سابق,
Previous Hash,السابق هاش,
Primary Color,لون أصلي,
Print Documents,طباعة الوثائق,
Print Format Builder,منشئ تنسيق الطباعة,
Print Format Help,تنسيق الطباعة مساعدة,
Print Format Type,نوع تنسيق الطباعة,
Print Format {0} is disabled,تم تعطيل تنسيق الطباعة {0},
Print Hide,اخفاء الطباعة,
Print Hide If No Value,طباعة إخفاء إذا لا قيمة,
Print Sent to the printer!,طباعة المرسلة إلى الطابعة!,
Print Server,ملقم الطباعة,
Print Style,الطباعة ستايل,
Print Style Name,اسم نمط الطباعة,
Print Style Preview,معاينة قبل الطباعة ستايل,
Print Width,طباعة العرض,
"Print Width of the field, if the field is a column in a table",حقل عرض الطباعة، إذا كان الحقل عمود في الجدول,
Print with letterhead,طباعة مع ترويسة,
Printer,طابعة,
Printer Mapping,تعيين الطابعة,
Printer Name,اسم الطابعة,
Printer Settings,إعدادات الطابعة,
Printing failed,فشلت الطباعة,
Private Key,مفتاح سري,
Private and public Notes.,ملاحظات الخاصة وعامة.,
ProTip: Add <code>Reference: {{ reference_doctype }} {{ reference_name }}</code> to send document reference,ProTip: إضافة <code>Reference: {{ reference_doctype }} {{ reference_name }}</code> لإرسال وثيقة مرجعية,
Processing,معالجة,
Processing...,معالجة...,
Prof,بروفيسور,
Progress,تقدم,
Property Setter,الملكية واضعة,
Property Setter overrides a standard DocType or Field property,الملكية واضعة يتجاوز على نوع المستند القياسية أو الخاصية الميدان,
Property Type,نوع الملكية,
Provider,المزود,
Provider Name,اسم المزود,
Public Key,المفتاح العمومي,
Publishable Key,مفتاح قابل للنشر,
Published On,منشور في,
Pull,سحب. شد,
Pull Failed,أخفق السحب,
Pull Insert,سحب إدراج,
Pull Update,سحب تحديث,
Push,إدفع,
Push Delete,اضغط على حذف,
Push Failed,فشل الدفع,
Push Insert,اضغط إدراج,
Push Update,دفع التحديث,
Python Module,وحدة بيثون,
Pyver,Pyver,
QR Code,رمز الاستجابة السريعة,
QR Code for Login Verification,رمز الاستجابة السريعة لتسجيل الدخول,
QZ Tray Connection Active!,اتصال صينية QZ بالموقع!,
QZ Tray Failed: ,فشل علبة QZ:,
Quarter Day,يوم الدفعة الربعية,
Query,سؤال,
Query Report,الاستعلام عن,
Query must be a SELECT,يجب أن يكون الاستعلام SELECT,
Queue should be one of {0},يجب أن تكون قائمة الانتظار واحدة من {0},
Queued for backup. It may take a few minutes to an hour.,تمت إضافة النسخ الاحتياطي إلى قائمة الانتظار. قد يستغرق من بضع دقائق إلى ساعة.,
Queued for backup. You will receive an email with the download link,قائمة الانتظار للنسخ الاحتياطي. سوف تتلقى رسالة بريد إلكتروني مع رابط التحميل,
Quick Help for Setting Permissions,مساعدة سريعة لوضع ضوابط,
Rating: ,تقييم:,
Raw Commands,أوامر الخام,
Raw Email,البريد الإلكتروني الخام,
Raw Printing,الطباعة الخام,
Razorpay Payment gateway settings,إعدادات بوابة الدفع Razorpay,
Razorpay Settings,إعدادات Razorpay,
Re: ,رد:,
Re: {0},رد: {0},
Read,قرأ,
Read Only,للقراءة فقط,
Read by Recipient,قرأه المستلم,
Read by Recipient On,قرأه المستلم في,
Rebuild,إعادة بناء,
Receiver Parameter,معامل المستقبل,
Recent years are easy to guess.,السنوات الحديثة سهلة التخمين.,
Recipient,مستلم,
Recipient Unsubscribed,ألغى المستلم الاشتراك,
Record does not exist,سجل غير موجود,
Records for following doctypes will be filtered,سيتم تصفية السجلات الخاصة بالمجموعات التالية,
Redirect To,إعادة التوجيه إلى,
Redirect URI Bound To Auth Code,إعادة التوجيه URI ملزمة لكود التفويض,
Redirect URIs,إعادة توجيه محددات,
Redis cache server not running. Please contact Administrator / Tech support,مخبأ خادم رديس يست قيد التشغيل. الرجاء الاتصال بمسؤول / الدعم الفني,
Ref DocType,المرجع نوع المستند,
Ref Report DocType,المرجع تقرير نوع المستند,
Reference DocName,اسم المستند المرجعي,
Reference DocType and Reference Name are required,نوع المستند المرجعي واسم المرجع مطلوبان,
Reference Report,تقرير مرجعي,
Reference: {0} {1},إشارة: {0} {1},
Refreshing...,جارٍ التحديث...,
Register OAuth Client App,تسجيل أوث العميل التطبيقات,
Registered but disabled,مسجل ولكنه معطل,
Relapsed,انتكس,
Relapses,الانتكاسات,
Relink,إعادة ربط,
Relink Communication,الاتصالات إعادة ربط,
Relinked,إعادة ربط,
Reload,تحديث,
Remember Last Selected Value,تذكر آخر مختارة القيمة,
Remote,عن بعد,
Remote Fieldname,اسم الحقل البعيد,
Remote ID,معرف عن بعد,
Remote Objectname,اسم العنصر البعيد,
Remote Primary Key,مفتاح أساسي عن بعد,
Remove,إزالة,
Remove Field,إزالة الميدان,
Remove Filter,إزالة تصفية (فلترة),
Remove Section,إزالة القسم,
Remove Tag,إزالة العلامة,
Remove all customizations?,إزالة كافة التخصيصات؟,
Removed {0},إزالة {0},
Rename many items by uploading a .csv file.,إعادة تسمية العديد من الأصناف عن طريق تحميل ملف CSV.,
Rename {0},إعادة تسمية {0},
Repeat Header and Footer in PDF,كرر رأس وتذييل الصفحة في PDF,
Repeat On,كرر على,
Repeat Till,تكرار حتى,
Repeat on Day,كرر يوم,
Repeat this Event,كرر هذا الحدث,
"Repeats like ""aaa"" are easy to guess","كما يكرر ""AAA"" من السهل تخمين",
"Repeats like ""abcabcabc"" are only slightly harder to guess than ""abc""","يكرر مثل ""abcabcabc"" ليست سوى أصعب قليلا لتخمين من ""اي بي سي""",
Reply,رد,
Reply All,الرد على الجميع,
Report End Time,تقرير وقت الانتهاء,
Report Filters,مرشحات تقرير,
Report Hide,إخفاء التقرير,
Report Manager,مدير التقارير,
Report Name,تقرير الاسم,
Report Start Time,تقرير وقت البدء,
Report cannot be set for Single types,لا يمكن تعيين التقرير لأنواع واحدة,
Report of all document shares,تقرير عن سهم ثيقة,
Report updated successfully,تم تحديث التقرير بنجاح,
Report was not saved (there were errors),لم يتم حفظ التقرير (كانت هناك أخطاء),
Report {0},تقرير {0},
Report {0} is disabled,تقرير غير مفعلة {0},
Report:,أبلغ عن:,
Represents a User in the system.,يمثل العضو في النظام.,
Represents the states allowed in one document and role assigned to change the state.,يمثل الحالات المسموح بها في وثيقة واحدة لصلاحية المنوط بها تغيير الحالة.,
Request Timed Out,طلب مهلة,
Request URL,طلب عنوان ورل,
Require Trusted Certificate,طلب شهادة موثوق بها,
Res: {0},الدقة: {0},
Reset OTP Secret,إعادة تعيين مكتب المدعي عام سر,
Reset Password,إعادة تعيين كلمة المرور,
Reset Password Key,إعادة تعيين كلمة المرور الرئيسية,
Reset Permissions for {0}?,إعادة تعيين أذونات ل {0}؟,
Reset to defaults,إعادة تعيين إلى الإعدادات الافتراضية,
Reset your password,اعد ضبط كلمه السر,
Response Type,نوع الاستجابة,
Restore,استعادة,
Restore Original Permissions,استعادة ضوابط الأصل,
Restore or permanently delete a document.,استعادة أو حذف مستند نهائيا.,
Restore to default settings?,هل تريد استعادة الإعدادات الافتراضية؟,
Restored,رمم,
Restrict IP,تقييد IP,
Restrict To Domain,تقييد على المجال,
Restrict user for specific document,تقييد المستخدم لمستند معين,
Restrict user from this IP address only. Multiple IP addresses can be added by separating with commas. Also accepts partial IP addresses like (111.111.111),تقييد المستخدم من هذا العنوان IP فقط. يمكن إضافة عناوين IP متعددة عن طريق فصل بفواصل. يقبل أيضا عناوين IP جزئية مثل (111.111.111),
Resume Sending,استئناف إرسال,
Retake,استعادة,
Retry,إعادة المحاولة,
Return to the Verification screen and enter the code displayed by your authentication app,ارجع إلى شاشة التحقق وأدخل الرمز المعروض بواسطة تطبيق المصادقة,
Reverse Icon Color,عكس دلالات اللون,
Revert,العودة,
Revert Of,العودة من,
Reverted,عادت,
Review Level,مراجعة المستوى,
Review Levels,مراجعة المستويات,
Review Points,مراجعة النقاط,
Reviews,التعليقات,
Revoke,سحب,
Revoked,إلغاء,
Rich Text,نص منسق,
Robots.txt,ملف robots.txt,
Role Name,اسم الدور,
Role Permission for Page and Report,إذن الدور للصفحة والتقرير,
Role Permissions,اذونات الصلاحيات,
Role Profile,الملف الشخصي,
Role and Level,مستوى الصلاحية,
Roles,الصلاحيات,
Roles Assigned,الصلاحيات المسندة,
Roles can be set for users from their User page.,الأدوار يمكن تعيين للمستخدمين من صفحة المستخدم الخاصة بهم.,
Root {0} cannot be deleted,الجذر {0} لا يمكن حذف,
Round Robin,جولة روبن,
Route History,سجل الطريق,
Route Redirects,إعادة توجيه الطريق,
Route to Success Link,الطريق إلى النجاح رابط,
Row,صف,
Row #{0}:,الصف # {0}:,
Row Index,مؤشر الصف,
Row No,الصف رقم,
Row Status,حالة الصف,
Row Values Changed,قيم صف تغييرها,
Row {0}: Not allowed to disable Mandatory for standard fields,الصف {0}: غير مسموح بتعطيل إلزامي للحقول القياسية,
Row {0}: Not allowed to enable Allow on Submit for standard fields,صف {0}: غير مسموح لتمكين السماح إرسال على لحقول القياسية,
Rows Added,واضاف الصفوف,
Rows Removed,الصفوف إزالتها,
Rule,قاعدة,
Rule Name,اسم القاعدة,
Rules defining transition of state in the workflow.,القوانين التي تحدد انتقال الحالة في سير العمل.,
"Rules for how states are transitions, like next state and which role is allowed to change state etc.",ويسمح النظام لكيفية قيام الولايات التحولات، مثل الدولة والتي المقبل دور في تغيير الدولة الخ.,
Run,يركض,
Run scheduled jobs only if checked,تشغيل المهام المجدولة الا إذا دققت,
S3 Backup Settings,إعدادات النسخ الاحتياطي لـ S3,
S3 Backup complete!,اكتمل النسخ الاحتياطي S3!,
SMS,رسالة قصيرة,
SMS Gateway URL,SMS بوابة الرابط,
SMS Parameter,SMS متغيرات,
SMS Settings,SMS إعدادات,
SMS sent to following numbers: {0},رسائل SMS أرسلت الى الارقام التالية: {0},
SMTP Server,SMTP خادم,
SMTP Settings for outgoing emails,إعدادات SMTP لرسائل البريد الإلكتروني الصادرة,
"SQL Conditions. Example: status=""Open""","شروط SQL. على سبيل المثال: الحالة = ""فتح""",
SSL/TLS Mode,وضع SSL / TLS,
Salesforce,قوة المبيعات,
Same Field is entered more than once,تم إدخال نفس الحقل أكثر من مرة,
Save API Secret: ,حفظ سر API:,
Save As,حفظ باسم,
Save Filter,حفظ الفلتر,
Save Report,احفظ التقرير,
Save filters,حفظ المرشحات,
Saving,حفظ,
Saving...,إنقاذ...,
Scan the QR Code and enter the resulting code displayed.,مسح رمز الاستجابة السريعة وأدخل رمز الناتجة عرضها.,
Scopes,نطاقات,
Script,سيناريو,
Script Report,تقرير النصي,
Script or Query reports,تقارير النصي أو سؤال,
Script to attach to all web pages.,النصي لنعلق على كل صفحات الويب.,
Search Fields,البحث الحقول,
Search Help,مساعدة البحث,
Search field {0} is not valid,حقل البحث {0} غير صالح,
Search for '{0}',البحث عن '{0}',
Search for anything,البحث عن أي شيء,
Search in a document type,بحث في نوع الوثيقة,
Search or Create a New Chat,البحث أو إنشاء دردشة جديدة,
Search or type a command,بحث أو كتابة أمر,
Search...,بحث...,
Searching,جاري البحث,
Searching ...,جاري البحث...,
Section Break,فاصل قسم,
Section Heading,قسم العنوان,
Security,أمن,
Security Settings,إعدادات الأمان,
See all past reports.,عرض جميع التقارير السابقة,
See on Website,ترى على الموقع,
See the document at {0},انظر المستند على {0},
Seems API Key or API Secret is wrong !!!,يبدو مفتاح API أو API سر من الخطأ!!!,
Seems Publishable Key or Secret Key is wrong !!!,يبدو مفتاح النشر أو المفتاح السري خاطئ!,
"Seems issue with server's razorpay config. Don't worry, in case of failure amount will get refunded to your account.",يبدو القضية مع التكوين razorpay الخادم. لا تقلق، في حالة كمية الفشل سوف تحصل ردها إلى حسابك.,
Seems token you are using is invalid!,يبدو الرمز المميز الذي تستخدمه غير صالح!,
Seen,رأيت,
Seen By,تمت رؤيته بواسطة,
Seen By Table,ينظر من خلال الجدول,
Select Attachments,حدد المرفقات,
Select Child Table,حدد جدول الطفل,
Select Column,حدد العمود,
Select Columns,تحديد الأعمدة,
Select Document Type,حدد نوع الوثيقة,
Select Document Type or Role to start.,حدد نوع الوثيقة أو دور للبدء.,
Select Document Types to set which User Permissions are used to limit access.,حدد أنواع المستندات لتعيين العضو الذي ضوابط تستخدم للحد من الوصول.,
Select File Format,حدد تنسيق الملف,
Select File Type,حدد نوع الملف,
Select Language...,اختار اللغة...,
Select Languages,اختر اللغات,
Select Module,اختر وحدة,
Select Print Format,حدد تنسيق طباعة,
Select Print Format to Edit,حدد تنسيق طباعة إلى تحرير,
Select Role,حدد الصلاحية,
Select Table Columns for {0},تحديد الأعمدة الجدول ل{0},
Select Your Region,حدد منطقتك,
Select a Brand Image first.,اختر صورة العلامة التجارية لأول مرة.,
Select a DocType to make a new format,أختر نوع المستند لتنشئ تنسيق جديد,
Select a chat to start messaging.,حدد دردشة لبدء الرسائل.,
Select a group node first.,حدد عقدة المجموعة أولا.,
Select an existing format to edit or start a new format.,تحديد شكل القائمة لتعديل أو اضافة شكل جديد.,
Select an image of approx width 150px with a transparent background for best results.,اختر صورة بعرض 150px تقريبا مع خلفية شفافة لنتيجة افضل,
Select atleast 1 record for printing,اختر أتلست سجل 1 للطباعة,
Select or drag across time slots to create a new event.,اختر أو اسحب عبر فتحات الوقت لإنشاء حدث جديد.,
Select records for assignment,اختر سجلات التعيين,
Select the label after which you want to insert new field.,حدد التسمية بعد الذي تريد إدراج حقل جديد.,
"Select your Country, Time Zone and Currency",اختر بلدك، المنطقة الزمنية والعملات,
Select {0},حدد {0},
Self approval is not allowed,الموافقة الذاتية غير مسموح بها,
Send After,إرسال بعد,
Send Alert On,إرسال تنبيه في,
Send Email Alert,إرسال تنبيه عبر البريد الإلكتروني,
Send Email Print Attachments as PDF (Recommended),إرسال البريد الإلكتروني المرفقات طباعة بصيغة PDF (مستحسن),
Send Email for Successful Backup,إرسال بريد إلكتروني للنجاح النسخ الاحتياطي,
Send Me A Copy of Outgoing Emails,أرسل لي نسخة من رسائل البريد الإلكتروني الصادرة,
Send Notification to,إرسال إشعار إلى,
Send Notifications To,إرسال إشعارات إلى,
Send Print as PDF,إرسال الطباعة بصيغة PDF,
Send Read Receipt,إرسال مقروءة إيصال,
Send Unsubscribe Link,إرسال رابط إلغاء الإشتراك,
Send Welcome Email,إرسال رسالة ترحيبية,
Send alert if date matches this field's value,إرسال تنبيه إذا تاريخ توافق مع قيمة هذا الحقل,
Send alert if this field's value changes,إرسال تنبيه إذا تغيرت قيمة هذا الحقل,
Send an email reminder in the morning,إرسال رسالة تذكير في الصباح,
Send days before or after the reference date,إرسال أيام قبل أو بعد التاريخ المرجعي,
Send enquiries to this email address,إرسال الاستفسارات إلى عنوان البريد الإلكتروني هذا,
Send me a copy,أرسل لي نسخة,
Send only if there is any data,إرسال فقط إذا كان هناك أي بيانات,
Send unsubscribe message in email,إرسال رسالة إلغاء الاشتراك في البريد الإلكتروني,
Sender,مرسل,
Sender Email,البريد الإلكتروني المرسل,
Sendgrid,Sendgrid,
Sent Read Receipt,أرسلت مقروءة إيصال,
Sent or Received,المرسلة أو المتلقاة,
Sent/Received Email,البريد المرسل / المستلم,
Server IP,خادم IP,
Session Expired,انتهت الجلسة,
Session Expiry,الدورة انتهاء الاشتراك,
Session Expiry Mobile,جلسة انتهاء موبايل,
Session Expiry in Hours e.g. 06:00,انتهاء صلاحية الجلسات على سبيل المثال. 06:00,
Session Expiry must be in format {0},يجب أن يكون انتهاء الجلسة بالتنسيق {0},
Session Start Failed,فشل بدء الجلسة,
Set Banner from Image,تعيين ترويسة من الصورة,
Set Chart,مجموعة الرسم البياني,
Set Filters,ضبط المرشحات,
Set New Password,وضع كلمة سر جديدة,
Set Number of Backups,تعيين عدد من النسخ الاحتياطية,
Set Only Once,تعيين مرة واحدة فقط,
Set Password,تعيين كلمة المرور,
Set Permissions,تعيين أذونات,
Set Permissions on Document Types and Roles,مجموعة ضوابط على أنواع المستندات والصلاحيات,
Set Property After Alert,تعيين الملكية بعد تنبيه,
Set Quantity,ضبط الكمية,
Set Role For,تعيين صلاحية لل,
Set User Permissions,تعيين صلاحيات المستخدم,
Set Value,تعيين القيمة,
Set custom roles for page and report,تعيين صلاحيات مخصصة للصفحة وللتقرير,
"Set default format, page size, print style etc.",تعيين تنسيق افتراضي، حجم الصفحة، نمط الطباعة الخ,
Set non-standard precision for a Float or Currency field,تعيين الدقة غير القياسية لحقل تعويم أو العملات,
Set numbering series for transactions.,تحديد الترقيم المتسلسل للمعاملات.,
Set up rules for user assignments.,إعداد القواعد لتعيينات المستخدم.,
Setting this Address Template as default as there is no other default,وضع هذا القالب كما العنوان الافتراضي حيث لا يوجد الافتراضية الأخرى,
Setting up your system,إعداد النظام الخاص بك,
Settings for About Us Page.,إعدادات صفحة من نحن,
Settings for Contact Us Page,إعدادات صفحة الاتصال بنا,
Settings for Contact Us Page.,إعدادات صفحة الاتصال بنا,
Settings for OAuth Provider,إعدادات مزود أوث,
Settings for the About Us Page,إعدادات لمن نحن الصفحة,
Setup Auto Email,الإعداد التلقائي البريد الإلكتروني,
Setup Complete,الإعداد كاملة,
Setup Notifications based on various criteria.,إخطارات الإعداد على أساس معايير مختلفة.,
Setup Reports to be emailed at regular intervals,لتكون عبر البريد الإلكتروني تقارير الإعداد على فترات منتظمة,
"Setup of top navigation bar, footer and logo.",الإعداد من أعلى الملاحة تذييل وبار والشعار.,
Share,مشاركة,
Share URL,مشاركة عنوان الرابط,
Share With,مشاركة مع,
Share this document with,مشاركة هذه الوثيقة مع,
Share {0} with,مشاركة {0} مع,
Shared,مشتركة,
Shared With,مشترك مع,
Shared with everyone,مشترك مع الجميع,
Shared with {0},مشترك مع {0},
Shop,تسوق,
Short keyboard patterns are easy to guess,نماذج لوحة المفاتيح قصيرة من السهل تخمين,
Show Attachments,عرض المرفقات,
Show Calendar,إظهار التقويم,
Show Dashboard,عرض لوحة القيادة,
Show Full Error and Allow Reporting of Issues to the Developer,إظهار خطأ كامل والسماح للإبلاغ عن القضايا إلى المطور,
Show Line Breaks after Sections,فواصل عرض الخط بعد الأقسام,
Show Permissions,مشاهدة ضوابط,
Show Preview Popup,إظهار معاينة المنبثقة,
Show Relapses,مشاهدة المعاودة,
Show Report,عرض تقرير,
Show Section Headings,عرض عناوين القسم,
Show Sidebar,مشاهدة الشريط الجانبي,
Show Title,اظهار العنوان,
Show Totals,مشاهدة المجاميع,
Show Weekends,عرض عطلة نهاية الاسبوع,
Show all Versions,عرض كل الإصدارات,
Show as Grid,تظهر كشبكة,
Show as cc,كما تظهر سم مكعب,
Show failed jobs,مشاهدة فشل الوظائف,
Show in Module Section,تظهر في القسم وحدة,
Show in filter,اعرض في الفلتر,
Show more details,إظهار مزيد من التفاصيل,
Show only errors,عرض الأخطاء فقط,
"Show title in browser window as ""Prefix - title""","اظهار العنوان في نافذة المتصفح كما ""بادئة - عنوان""",
Showing only Numeric fields from Report,عرض حقول رقمية فقط من التقرير,
Sidebar Items,عناصر الشريط الجانبي,
Sidebar Settings,إعدادات الشريط الجانبي,
Sidebar and Comments,الشريط الجانبي وتعليقات,
Sign Up,سجل,
Sign Up is disabled,تم تعطيل الاشتراك,
Signature,توقيع,
"Simple Python Expression, Example: Status in (""Closed"", ""Cancelled"")","تعبير Python البسيط، مثال: الحالة في (""مغلق""، ""تم الإلغاء"")",
"Simple Python Expression, Example: status == 'Open' and type == 'Bug'",تعبير Python البسيط، مثال: status == 'Open' واكتب == 'Bug',
Simultaneous Sessions,جلسات متزامنة,
Single DocTypes cannot be customized.,لا يمكن تخصيص نوع المستند s مفردة.,
Single Post (article).,مشاركة واحدة (المادة).,
Single Types have only one record no tables associated. Values are stored in tabSingles,أنواع واحد يكون سجل واحد فقط لا الجداول المرتبطة. يتم تخزين القيم في tabSingles,
Skip Authorization,تجاهل حق الوصول,
Skip rows with errors,تخطي الصفوف التي بها أخطاء,
Skype,سكايب,
Slack,تثاقل,
Slack Channel,قناة سلاك,
Slack Webhook Error,خطأ Slack Webhook,
Slack Webhook URL,Slack Webhook الرابط,
Slack Webhooks for internal integration,Slack Webhooks من أجل التكامل الداخلي,
Slideshow Items,عرض الشرائح عناصر,
Slideshow Name,اسم العرض,
Slideshow like display for the website,عرض الشرائح مثل عرض للموقع,
Small Text,نص صغير,
Smallest Currency Fraction Value,أصغر قيمه كسر العملة,
Smallest circulating fraction unit (coin). For e.g. 1 cent for USD and it should be entered as 0.01,أصغر وحدة تعميم جزء (عملة). على سبيل المثال ل 1 في المائة لـ USD ويجب إدخال كما 0.01,
Snapshot View,لقطة مشاهدة,
Social,اجتماعي,
Social Login Key,مفتاح تسجيل الدخول الاجتماعي,
Social Login Provider,موفر تسجيل الدخول الاجتماعي,
Social Logins,تسجيل الدخول الاجتماعي,
Socketio is not connected. Cannot upload,سوكتيو غير متصل. يتعذر التحميل,
Soft-Bounced,لينة المرتجعة,
Some of the features might not work in your browser. Please update your browser to the latest version.,قد لا تعمل بعض الميزات في المتصفح. يرجى تحديث المتصفح إلى أحدث إصدار.,
Something went wrong,حدث خطأ ما,
Something went wrong while generating dropbox access token. Please check error log for more details.,حدث خطأ ما أثناء إنشاء الرمز المميز للدخول إلى صندوق الإسقاط. يرجى التحقق من سجل الأخطاء للحصول على مزيد من التفاصيل.,
Sorry! I could not find what you were looking for.,"عذراَ!, لا يمكن العثورعلى ما تبحث عنه.",
Sorry! Sharing with Website User is prohibited.,معذرة! المشاركة مع مستخدم الموقع محظور.,
Sorry! User should have complete access to their own record.,معذرة! يجب أن يكون المستخدم الوصول الكامل إلى سجل الخاصة بهم.,
Sorry! You are not permitted to view this page.,"عذراَ!, غير مسموح لك مشاهدة هذه الصفحة.",
"Sorry, you're not authorized.",عذرا، أنت غير مخول.,
Sort Field,نوع الحقل,
Sort Order,ترتيب,
Sort field {0} must be a valid fieldname,يجب أن يكون حقل نوع {0} لاسم حقل صحيح,
Source Text,النص المصدر,
Spam,بريد مؤذي,
SparkPost,SparkPost,
Special Characters are not allowed,غير مسموح أحرف خاصة,
"Standard DocType cannot have default print format, use Customize Form",لا يمكن أن يكون تنسيق نوع المستند القياسي تنسيق طباعة افتراضي، استخدام نموذج مخصص,
Standard Print Format cannot be updated,لا يمكن تحديث تنسيق الطباعة القياسية,
Standard Print Style cannot be changed. Please duplicate to edit.,لا يمكن تغيير نمط الطباعة القياسي. الرجاء تكرار التعديل.,
Standard Reports,تقارير قياسية,
Standard Sidebar Menu,قائمة الشريط الجانبي الرئيسية,
Standard roles cannot be disabled,الصلاحيات القياسية لا يمكن تعطيلها,
Standard roles cannot be renamed,الصلاحيات القياسية لا يمكن إعادة تسميتها,
Standings,الترتيب,
Start Date Field,تاريخ البدء الحقل,
Start a conversation.,بدء محادثة.,
Start entering data below this line,البدء في إدخال البيانات تحت هذا الخط,
Start new Format,بدء تنسيق جديد,
StartTLS,STARTTLS,
Started,بدأت,
Starting Frappe ...,جارٍ بدء ITQAN...,
Starts on,يبدأ يوم,
States,الحالات,
"States for workflow (e.g. Draft, Approved, Cancelled).",الدول عن سير العمل (على سبيل المثال مشروع، وافق، ألغي ).,
Static Parameters,ثابت معلمات,
Stats based on last month's performance (from {0} to {1}),الإحصائيات بناءً على أداء الشهر الماضي (من {0} إلى {1}),
Stats based on last week's performance (from {0} to {1}),الإحصائيات بناءً على أداء الأسبوع الماضي (من {0} إلى {1}),
Status: {0},الحالة: {0},
Steps to verify your login,خطوات التحقق من تسجيل الدخول,
Stores the JSON of last known versions of various installed apps. It is used to show release notes.,يخزن JSON من الإصدارات المعروفة الأخيرة من مختلف التطبيقات المثبتة. يتم استخدامها لعرض ملاحظات الإصدار.,
Straight rows of keys are easy to guess,صفوف متتالية من مفاتيح سهلة للتخمين,
Stripe Settings,إعدادات الشريط,
Stripe payment gateway settings,إعدادات بوابة الدفع الشريطية,
Style,النمط,
Style Settings,نمط الضبط,
"Style represents the button color: Success - Green, Danger - Red, Inverse - Black, Primary - Dark Blue, Info - Light Blue, Warning - Orange",النمط يمثل لون الزر: النجاح-الأخضر، الخطر-الأحمر، معكوس-الأسود، أساسي-أزرق داكن، المعلومات-أزرق سماوي، تحذير-برتقالي,
Stylesheets for Print Formats,ستايلشيتس فور برينت فورماتس,
"Sub-currency. For e.g. ""Cent""","شبه العملات. ل ""سنت"" على سبيل المثال",
Sub-domain provided by erpnext.com,المجال الفرعي مقدم من erpnext.com,
Subdomain,مجال فرعي,
Subject Field,حقل الموضوع,
Submit after importing,تأكيد بعد الاستيراد,
Submit an Issue,يقدم العدد,
Submit this document to confirm,إرسال هذه الوثيقة إلى تأكيد,
Submit {0} documents?,إرسال {0} وثائق؟,
Submitting {0},تقديم {0},
Submitted Document cannot be converted back to draft. Transition row {0},الوثيقة المسجلة لا يمكن تحويلها إلى مسودة row {0},
Submitting,تقديم,
Subscription Notification,إشعار الاشتراك,
Subsidiary,شركة فرعية,
Success Action,نجاح العمل,
Success Message,رسالة النجاح,
Success URL,رابط النجاح,
Successful: {0} to {1},ناجح: {0} إلى {1},
Successfully Done,فعلت بنجاح,
Successfully Updated,تم التحديث بنجاح,
Successfully updated translations,تم تحديث الترجمات بنجاح,
Suggested Username: {0},اسم المستخدم اقترح: {0},
Sum,مجموع,
Sum of {0},مجموع {0},
Support Email Address Not Specified,دعم عنوان البريد الإلكتروني غير محدد,
Suspend Sending,تعليق إرسال,
Switch To Desk,التبديل إلى مكتب,
Symbol,رمز,
Sync,مزامنة,
Sync on Migrate,المزامنة على ترحيل,
Syntax error in template,خطأ في بناء الجملة في القالب,
System,نظام,
System Page,صفحة النظام,
System Settings,إعدادات النظام,
System User,مستخدم النظام,
System and Website Users,النظام و الموقع الإلكتروني للمستخدمين,
Table,جدول,
Table Field,حقل الجدول,
Table HTML,جدول HTML,
Table MultiSelect,الجدول MultiSelect,
Table updated,الجدول محدث,
Table {0} cannot be empty,جدول {0} لا يمكن أن يكون فارغا,
Take Backup Now,ابداء النسخ الاحتياطي الآن,
Take Photo,تصوير,
Team Members,أعضاء الفريق,
Team Members Heading,عنوان أعضاء الفريق,
Temporarily Disabled,موقوف مؤقتا,
Test Email Address,اختبار عنوان البريد الإلكتروني,
Test Runner,اختبار عداء,
Test_Folder,إختبار_المجلد,
Text,نص,
Text Align,محاذاة النص,
Text Color,لون الخط,
Text Content,محتوى النص,
Text Editor,محرر النصوص,
Text to be displayed for Link to Web Page if this form has a web page. Link route will be automatically generated based on `page_name` and `parent_website_route`,النص ليتم عرضها لرابط صفحة الانترنت إذا هذا النموذج لديه صفحة على شبكة الإنترنت. الطريق للرابط سيتم تكوينه تلقائيا على أساس `` page_name` و parent_website_route`,
Thank you for your email,شكرا لك على بريدك الإلكتروني,
Thank you for your interest in subscribing to our updates,شكرا لك على اهتمامك في الاشتراك في تحديثاتنا,
Thank you for your message,شكرا لرسالتك,
The CSV format is case sensitive,تنسيق كسف حساس لحالة الأحرف,
The Condition '{0}' is invalid,الشرط '{0}' غير صالح,
The First User: You,المستخدم الأول : أنت,
"The application has been updated to a new version, please refresh this page",تم تحديث التطبيق إلى الإصدار الجديد، يرجى تحديث هذه الصفحة,
The attachments could not be correctly linked to the new document,لا يمكن ربط المرفقات بشكل صحيح مع المستند الجديد,
The document could not be correctly assigned,لا يمكن تعيين المستند بشكل صحيح,
The document has been assigned to {0},تم تعيين المستند إلى {0},
The first user will become the System Manager (you can change this later).,المستخدم الأول سوف تصبح مدير النظام (يمكنك تغيير هذا لاحقا).,
The name that will appear in Google Calendar,الاسم الذي سيظهر في تقويم Google,
The process for deletion of {0} data associated with {1} has been initiated.,بدأت عملية حذف البيانات {0} المرتبطة {1}.,
The resource you are looking for is not available,المورد الذي تبحث عنه غير متاح,
The system provides many pre-defined roles. You can add new roles to set finer permissions.,ويوفر النظام العديد من أدوار محددة مسبقا. يمكنك إضافة أدوار جديدة لتعيين أذونات الدقيقة.,
The user from this field will be rewarded points,سيتم مكافأة نقاط المستخدم من هذا المجال,
Theme,موضوع,
Theme URL,عنوان الرابط الموضوع,
There can be only one Fold in a form,يمكن أن يكون هناك واحد فقط طية في شكل,
There is an error in your Address Template {0},يوجد خطأ في قالب العناوين {0},
There is no data to be exported,لا توجد بيانات ليتم تصديرها,
There is some problem with the file url: {0},هناك بعض المشاكل مع رابط الملف: {0},
There must be atleast one permission rule.,يجب أن يكون هناك على الأقل قاعدة إذن واحد.,
"There seems to be an issue with the server's braintree configuration. Don't worry, in case of failure, the amount will get refunded to your account.",يبدو أن هناك مشكلة مع التكوين برينتري الملقم. لا تقلق، في حالة الفشل، سيتم استرداد المبلغ إلى حسابك.,
There should remain at least one System Manager,يجب أن يظل هناك مدير نظام واحد على الأقل,
There was an error saving filters,كان هناك خطأ في حفظ المرشحات,
There were errors,كانت هناك أخطاء,
There were errors while creating the document. Please try again.,كانت هناك أخطاء أثناء إنشاء المستند. حاول مرة اخرى.,
There were errors while sending email. Please try again.,كانت هناك أخطاء أثناء إرسال البريد الإلكتروني. يرجى المحاولة مرة أخرى.,
"There were some errors setting the name, please contact the administrator",كانت هناك بعض الأخطاء التي تحدد الاسم، يرجى الاتصال بالمشرف,
These values will be automatically updated in transactions and also will be useful to restrict permissions for this user on transactions containing these values.,وسيتم تحديث هذه القيم تلقائيا في المعاملات وأيضا سوف تكون مفيدة لتقييد الصلاحيات لهذا المستخدم على المعاملات التي تحتوي على هذه القيم.,
Third Party Apps,تطبيقات الجهات الخارجية,
Third Party Authentication,إثبات أصالة الطرف الثالث,
This Currency is disabled. Enable to use in transactions,تم تعطيل هذه العملات. تمكين لاستخدامها في المعاملات,
This Kanban Board will be private,وهذا المجلس كانبان يكون القطاع الخاص,
This document cannot be reverted,لا يمكن التراجع عن هذا المستند,
This document has been modified after the email was sent.,تم تعديل هذا المستند بعد إرسال البريد الإلكتروني.,
This document has been reverted,تم إرجاع هذا المستند,
This document is currently queued for execution. Please try again,هذه الوثيقة في قائمة الانتظار حاليا لتنفيذها. حاول مرة اخرى,
This email is autogenerated,تم إنشاء هذا البريد الإلكتروني تلقائيا,
This email was sent to {0},أرسلت هذه الرسالة إلى {0},
This email was sent to {0} and copied to {1},وقد أرسلت هذه الرسالة الى {0} ونسخها إلى {1},
This feature is brand new and still experimental,هذه الميزة هي العلامة التجارية الجديدة والتجريبية لا يزال,
This field will appear only if the fieldname defined here has value OR the rules are true (examples):\nmyfield\neval:doc.myfield=='My Value'\neval:doc.age&gt;18,"سيظهر هذا المجال إلا إذا كان اسم حقل المحدد هنا له قيمة أو قواعد صحيحة (أمثلة): myfield حدة التقييم: doc.myfield == 'بلدي القيمة ""وحدة التقييم: doc.age&gt; 18",
This form does not have any input,هذا النموذج لا يحتوي على اي مدخل,
This form has been modified after you have loaded it,تم تعديل هذا النموذج بعد أن كنت قد تحميلها,
This format is used if country specific format is not found,ويستخدم هذا الشكل إذا لم يتم العثور على صيغة محددة البلاد,
This goes above the slideshow.,هذا يذهب فوق عرض الشرائح.,
This is a background report. Please set the appropriate filters and then generate a new one.,هذا هو تقرير الخلفية. يرجى تعيين المرشحات المناسبة ثم إنشاء واحدة جديدة.,
This is a top-10 common password.,هذا هو كلمة السر المشتركة من أعلى إلى 10.,
This is a top-100 common password.,هذا هو كلمة السر المشتركة من أعلى إلى 100.,
This is a very common password.,هذا هو كلمة شائعة جدا.,
This is an automatically generated reply,هذا الرد تلقائي,
This is similar to a commonly used password.,هذا هو مماثل لكلمة شائعة الاستخدام.,
This is the template file generated with only the rows having some error. You should use this file for correction and import.,هذا هو ملف القالب ولدت مع الصفوف فقط وجود بعض الأخطاء. يجب استخدام هذا الملف للتصحيح والاستيراد.,
This link has already been activated for verification.,تم تنشيط هذا الرابط بالفعل للتحقق منه.,
This link is invalid or expired. Please make sure you have pasted correctly.,هذا الرابط غير صالح أو منتهية الصلاحية. من فضلك تأكد من ولصق بشكل صحيح.,
This may get printed on multiple pages,قد تتم طباعة هذا على صفحات متعددة,
This month,هذا الشهر,
This query style is discontinued,تم إيقاف نمط طلب البحث هذا,
This report was generated on {0},تم إنشاء هذا التقرير في {0},
This report was generated {0}.,تم إنشاء هذا التقرير {0}.,
This request has not yet been approved by the user.,لم تتم الموافقة على هذا الطلب من قبل المستخدم.,
This role update User Permissions for a user,يقوم هذا الدور بتحديث صلاحيات المستخدم للمستخدم,
This will log out {0} from all other devices,سيقوم هذا بتسجيل الخروج {0} من كافة الأجهزة الأخرى,
This will permanently remove your data.,سيؤدي هذا إلى إزالة بياناتك نهائيًا.,
Throttled,مخنوق,
Thumbnail URL,الرابط المصغرة,
Time Interval,الفاصل الزمني,
Time Series,السلاسل الزمنية,
Time Series Based On,سلسلة زمنية بناءً على,
Time Zone,منطقة زمنية,
Time Zones,من المناطق الزمنية,
Time in seconds to retain QR code image on server. Min:<strong>240</strong>,الوقت في ثوان للاحتفاظ صورة رمز الاستجابة السريعة على الخادم. الحد الأدنى: <strong>240</strong>,
Timeline DocType,نوع المستند الزمني,
Timeline Field,الجدول الزمني الميدان,
Timeline Links,الجدول الزمني وصلات,
Timeline Name,اسم الزمني,
Timeline field must be a Link or Dynamic Link,يجب أن يكون حقل المخطط الزمني رابطا أو رابطا ديناميا,
Timeline field must be a valid fieldname,يجب أن يكون حقل المخطط الزمني اسم حقل صالحا,
Timeseries,السلاسل الزمنية,
Timestamp,الطابع الزمني,
Title Case,عنوان القضية,
Title Field,حقل العنوان,
Title Prefix,عنوان الاختصار,
Title field must be a valid fieldname,يجب أن يكون حقل العنوان حقل اسم صالح,
To Date Field,إلى تاريخ الحقل,
To Do,قائمة المهام,
To User,إلى المستخدم,
"To add dynamic subject, use jinja tags like\n\n<div><pre><code>New {{ doc.doctype }} #{{ doc.name }}</code></pre></div>","لإضافة موضوع ديناميكي، استخدم علامات جينيا مثل <div style=""""><pre style=""""> <code>New {{ doc.doctype }} #{{ doc.name }}</code> </pre> </div>",
"To add dynamic subject, use jinja tags like\n\n<div><pre><code>{{ doc.name }} Delivered</code></pre></div>","لإضافة موضوع ديناميكي، استخدام علامات جينجا مثل <div style=""""><pre style=""""> <code>{{ doc.name }} Delivered</code> </pre> </div>",
To and CC,إلى ونسخة,
"To get the updated report, click on {0}.",للحصول على التقرير المحدّث، انقر على {0}.,
ToDo,قائمة المهام,
Today,اليوم,
Toggle Chart,تبديل الرسم البياني,
Toggle Charts,تبديل الرسوم البيانية,
Toggle Grid View,تبديل عرض الشبكة,
Toggle Sidebar,تبديل الشريط الجانبي,
Token,رمز,
Token is missing,رمز مفقود,
"Too many users signed up recently, so the registration is disabled. Please try back in an hour",وقعت الكثير من المستخدمين في الآونة الأخيرة، وذلك هو تعطيل التسجيل. يرجى المحاولة مرة أخرى في ساعة,
Too many writes in one request. Please send smaller requests,الكثير من يكتب في طلب واحد. يرجى إرسال طلبات أصغر,
Top Bar Item,أفضل شريط الإغلاق,
Top Bar Items,قطع الشريط العلوي,
Top Performer,أفضل أداء,
Top Reviewer,كبار المعلقين,
Top {0},أعلى {0},
Total Pages,إجمالي الصفحات,
Total Rows,إجمالي الصفوف,
Total Subscribers,إجمالي عدد المشتركين,
Total number of emails to sync in initial sync process ,إجمالي عدد الرسائل الإلكترونية المراد مزامنتها في عملية المزامنة الأولية,
Totals Row,الصف الكلي,
Track Changes,تعقب التغيرات,
Track Email Status,تتبع حالة البريد الإلكتروني,
Track Field,حقل المسار,
Track Seen,المسار رأيت,
Track Views,طرق العرض المسار,
"Track if your email has been opened by the recipient.\n<br>\nNote: If you're sending to multiple recipients, even if 1 recipient reads the email, it'll be considered ""Opened""","تتبع إذا تم فتح البريد الإلكتروني الخاص بك من قبل المستلم.<br>ملاحظة: إذا كنت ترسل إلى عدة مستلمين، حتى إذا قرأ أحد المستلمين البريد الإلكتروني، فسيتم اعتباره ""مفتوح""",
Track milestones for any document,تتبع المعالم لأي وثيقة,
Transaction Hash,عملية تجزئة,
Transaction Log,سجل المعاملات,
Transaction Log Report,تقرير سجل المعاملات,
Transition Rules,الانتقال قوانين,
Transitions,التحولات,
Translatable,للترجمة,
Translate {0},ترجمة {0},
Translated Text,ترجمة النص,
Translation,ترجمة,
Translations,ترجمة,
Trash,قمامة، يدمر، يهدم,
Tree,شجرة,
Trigger Method,الطريقة الزناد,
Trigger Name,اسم الزناد,
"Trigger on valid methods like ""before_insert"", ""after_update"", etc (will depend on the DocType selected)","الزناد على الطرق الصحيحة مثل ""before_insert""، ""after_update""، وما إلى ذلك (تعتمد على نوع المستند المحدد)",
Try to avoid repeated words and characters,في محاولة لتجنب الكلمات المكررة وشخصيات,
Try to use a longer keyboard pattern with more turns,محاولة استخدام نمط لوحة المفاتيح أطول مع المزيد من المنعطفات,
Two Factor Authentication,توثيق ذو عاملين,
Two Factor Authentication method,أسلوب اثنان عامل المصادقة,
Type something in the search box to search,اكتب شيئا في مربع البحث للبحث,
Type:,النوع:,
UID,رمز المستخدم,
UIDNEXT,UIDNEXT,
UIDVALIDITY,UIDVALIDITY,
UNSEEN,غير مرئي,
UPPER CASE,الأحرف الكبيرة,
"URIs for receiving authorization code once the user allows access, as well as failure responses. Typically a REST endpoint exposed by the Client App.\n<br>e.g. http://hostname//api/method/frappe.www.login.login_via_facebook",روابط URI لاستلام رمز التفويض بعد موافقة المستخدم، وكذلك ردود الفشل. عادةً ما تكون نقطة نهاية REST يوفّرها تطبيق العميل.\n<br>مثال: http://hostname//api/method/frappe.www.login.login_via_facebook,
URLs,عناوين,
Unable to find attachment {0},تعذر العثور على مرفق {0},
Unable to load camera.,تعذر تحميل الكاميرا.,
Unable to load: {0},غير قادر على تحميل: {0},
Unable to open attached file. Did you export it as CSV?,تعذر فتح الملف المرفق. هل تم تصديره بتنسيق CSV؟,
Unable to read file format for {0},تعذر قراءة تنسيق الملف {0},
Unable to send emails at this time,غير قادر على إرسال رسائل البريد الإلكتروني في هذا الوقت,
Unable to update event,غير قادر على تحديث الحدث,
Unable to write file format for {0},تعذر كتابة تنسيق الملف {0},
Unassign Condition,إلغاء تعيين الشرط,
Under Development,تحت التطوير,
Unfollow,الغاء المتابعة,
Unhandled Email,البريد الإلكتروني غير معالج,
Unique,فريد من نوعه,
Unknown Column: {0},عمود غير معروف: {0},
Unknown User,مستخدم غير معروف,
"Unknown file encoding. Tried utf-8, windows-1250, windows-1252.",ترميز الملفات غير معروف. حاول UTF- 8، ويندوز 1250، ويندوز 1252.,
Unread,غير مقروء,
Unread Notification Sent,إرسال الإشعارات غير المقروءة,
Unselect All,إلغاء تحديد الكل,
Unshared,غير مشارك,
Unsubscribe,إلغاء الاشتراك,
Unsubscribe Method,طريقة إلغاء الاشتراك,
Unsubscribe Param,إلغاء الاشتراك بارام,
Unsupported File Format,تنسيق ملف غير معتمد,
Unzip,فك الضغط,
Unzipped {0} files,الملفات غير المضغوطة {0},
Unzipping files...,فك ضغط الملفات...,
Upcoming Events for Today,الأحداث القادمة لهذا اليوم,
Update Field,تحديث الحقل,
Update Translations,تحديث الترجمات,
Update Value,تحديث القيمة,
Update many values at one time.,تحديث العديد من القيم في وقت واحد.,
Update records,تحديث السجلات,
Updated,محدّث,
Updated successfully,تم التحديث بنجاح,
Updated {0}: {1},تحديث {0}: {1},
Updating,يتم التحديث,
Updating {0},تحديث {0},
Upload Failed,الرفع فشل,
Uploaded To Dropbox,تم الرفع إلى Dropbox,
Use ASCII encoding for password,استخدم ترميز ASCII لكلمة المرور,
Use Different Email Login ID,استخدام معرف تسجيل دخول مختلف للبريد الإلكتروني,
Use IMAP,استخدام IMAP,
Use POST,استخدم POST,
Use SSL,استخدام SSL,
Use TLS,استخدام TLS,
"Use a few words, avoid common phrases.",.استخدم كلمات قليلة، وتجنب العبارات الشائعة,
Use of sub-query or function is restricted,استخدام الاستعلام الفرعي أو وظيفة مقيدة,
Use socketio to upload file,استخدم socketio لتحميل الملف,
Use this fieldname to generate title,استخدام هذا اسم حقل لتوليد عنوان,
User '{0}' already has the role '{1}',المستخدم{0} يملك بالفعل الدور {1},
User Cannot Create,المستخدم لا يستطيع أن ينشئ,
User Cannot Search,المستخدم لا يستطيع أن يبحث,
User Defaults,المستخدم الافتراضي,
User Email,بريد المستخدم,
User Emails,مراسلات المستخدم,
User Field,حقل المستخدم,
User ID of a Blogger,هوية المستخدم من مدون,
User Image,صورة المستخدم,
User Name,اسم المستخدم,
User Permission,إذن المستخدم,
User Permissions,ضوابط المستخدم,
User Permissions are used to limit users to specific records.,يتم استخدام صلاحيات المستخدم لتقييد المستخدمين إلى سجلات محددة.,
User Permissions created sucessfully,صلاحيات المستخدم التي تم إنشاؤها بنجاح,
User Roles,أدوار المستخدم,
User Social Login,المستخدم تسجيل الدخول الاجتماعي,
User Tags,بطاقات المستخدم,
User Type,نوع المستخدم,
User can login using Email id or Mobile number,يمكن للمستخدم تسجيل الدخول باستخدام معرف البريد الإلكتروني أو رقم الجوال,
User can login using Email id or User Name,يمكن للمستخدم تسجيل الدخول باستخدام معرف البريد الإلكتروني أو اسم المستخدم,
User editable form on Website.,العضو شكل قابل للتحرير على موقع الويب.,
User is mandatory for Share,المستخدم إلزامي للمشاركة,
User not allowed to delete {0}: {1},المستخدم غير مسموح لحذف {0}: {1},
User permission already exists,إذن المستخدم موجود بالفعل,
User permissions should not apply for this Link,يجب ألا تنطبق صلاحيات المستخدم على هذا الرابط,
User {0} cannot be deleted,المستخدم {0} لا يمكن حذف,
User {0} cannot be disabled,المستخدم {0} لا يمكن تعطيل,
User {0} cannot be renamed,المستخدم {0} لا يمكن إعادة تسمية,
User {0} does not have access to this document,المستخدم {0} ليس لديه حق الوصول إلى هذا المستند,
User {0} does not have doctype access via role permission for document {1},لا يملك المستخدم {0} حق الوصول إلى النمط عبر إذن دور للمستند {1},
Username,اسم االمستخدم,
Username {0} already exists,اسم المستخدم {0} موجود بالفعل,
Users with role {0}:,مستخدمين مع صلاحية {0} :,
Uses the Email Address Name mentioned in this Account as the Sender's Name for all emails sent using this Account.,يستخدم اسم عنوان البريد الإلكتروني المذكور في هذا الحساب كاسم المرسل لجميع رسائل البريد الإلكتروني المرسلة باستخدام هذا الحساب.,
Uses the Email Address mentioned in this Account as the Sender for all emails sent using this Account. ,يستخدم عنوان البريد الإلكتروني المذكور في هذا الحساب باسم المرسل لجميع رسائل البريد الإلكتروني المرسلة باستخدام هذا الحساب.,
Valid,صالح,
Valid Login id required.,صالحة معرف تسجيل الدخول المطلوبة.,
Valid email and name required,مطلوب بريد إلكتروني صالح واسم صالح,
Value Based On,القيمة بناءً على,
Value Change,قيمة التغير,
Value Changed,تم تغير القيمة,
Value To Be Set,قيمة ليتم تعيينها,
Value cannot be changed for {0},لا يمكن تغير القيمة ل {0},
Value for a check field can be either 0 or 1,يمكن أن تكون قيمة حقل التحقق إما 0 أو 1,
Value for {0} cannot be a list,القيمة {0} لا يمكن أن تكون قائمة,
Value missing for,قيمة مفقودة لـ,
Value too big,قيمة كبيرة جدا,
Values Changed,القيم التي تم تغييرها,
Verdana,فيردانا,
Verfication Code,رمز التحقق,
Verification Link,رابط التحقق,
Verification code has been sent to your registered email address.,تم إرسال رمز التحقق إلى عنوان بريدك الإلكتروني المسجل.,
Verify,تأكد من,
Verify Password,التحقق من كلمة المرور,
Verifying...,التحقق من...,
Version,الإصدار,
Version Updated,تحديث الإصدار,
View All,عرض الكل,
View Comment,عرض التعليق,
View List,عرض القائمة,
View Log,عرض السجل,
View Permitted Documents,عرض المستندات المسموح بها,
View Properties (via Customize Form),عرض خصائص (عن طريق نموذج تخصيص),
View Settings,عرض إعدادات,
View Website,مشاهدة الموقع,
View document,عرض المستند,
View report in your browser,عرض التقرير في المتصفح,
View this in your browser,عرض هذا في متصفحك,
View {0},عرض {0},
Viewed By,تمت المشاهدة بواسطة,
Visit,زيارة,
Visitor,زائر,
We have received a request for deletion of {0} data associated with: {1},لقد تلقينا طلبًا بحذف {0} البيانات المرتبطة بـ: {1},
We have received a request from you to download your {0} data associated with: {1},لقد تلقينا طلبًا منك لتنزيل بيانات {0} المرتبطة بـ: {1},
Web Form,نموذج ويب,
Web Form Field,حقل نموذج الويب,
Web Form Fields,الحقول نموذج ويب,
Web Page,صفحة على الإنترنت,
Web Page Link Text,نص رابط صفحة الانترنت,
Web Site,موقع إلكتروني,
Web View,عرض ويب,
Webhook,Webhook,
Webhook Data,بيانات ويبهوك,
Webhook Header,رأس ويبهوك,
Webhook Headers,رؤوس ويبهوك,
Webhook Request,طلب ويبهوك,
Webhook URL,Webhook الرابط,
Webhooks calling API requests into web apps,ويبهوكس التي تطلب طلبات أبي في تطبيقات الويب,
Website Meta Tag,موقع العلامة الوصفية,
Website Route Meta,موقع ميتا الطريق,
Website Route Redirect,إعادة توجيه مسار الموقع,
Website Script,نص الموقع البرمجي,
Website Sidebar,موقع الشريط الجانبي,
Website Sidebar Item,موقع الشريط الجانبي الصنف,
Website Slideshow,موقع عرض الشرائح,
Website Slideshow Item,موقع الصنف عرض شرائح,
Website Theme,شكل الموقع,
Website Theme Image,موضوع الموقع صورة,
Website Theme Image Link,موضوع الموقع رابط الصورة,
Website User,مستخدم الموقع,
Welcome Message,رسالة الترحيب,
"When you Amend a document after Cancel and save it, it will get a new number that is a version of the old number.",عند تعديل مستند بعد الغاء وحفظه، وسوف تحصل على عدد جديد هو نسخة من الرقم القديم.,
Width,عرض,
Widths can be set in px or %.,الاعراض يمكن تعيين في مقصف أو%.,
Will be used in url (usually first name).,وسوف تستخدم في رابط (عادة الاسم الأول).,
Will be your login ID,سيكون معرف تسجيل الدخول,
Will only be shown if section headings are enabled,سيتم عرض فقط إذا تم تمكين عناوين المقطع,
With Letter head,مع رئيس رسالة,
With Letterhead,مع رأسية,
Workflow Action,إجراء سير العمل,
Workflow Action Master,سير العمل الاجراء الأساسي,
Workflow Action Name,سير العمل اسم العمل,
Workflow Document State,سير العمل الوثيقة الدولة,
Workflow Name,اسم سير العمل,
Workflow State,حالة سير العمل,
Workflow State Field,حقل حالة سير العمل,
Workflow State not set,لم يتم تعيين حالة سير العمل,
Workflow Transition,الانتقال سير العمل,
Workflow state represents the current state of a document.,تمثل حالة سير العمل الحالة الراهنة للوثيقة.,
Write,الكتابة,
Wrong fieldname <b>{0}</b> in add_fetch configuration of custom script,اسم الحقل غير صحيح <b>{0}</b> في add_fetch تكوين البرنامج النصي المخصص,
X Axis Field,X محور الحقل,
XLSX,XLSX,
Y Axis Fields,حقول محور Y,
Yahoo Mail,بريد ياهو,
Yandex.Mail,Yandex.Mail,
Yesterday,أمس,
You are connected to internet.,أنت متصل بالإنترنت.,
You are not allowed to create columns,غير مسموح لك بأنشاء اعمدة,
You are not allowed to delete a standard Website Theme,غير مسموح لك بحذف موضوع الموقع القياسي,
You are not allowed to print this document,غير مسموح لك طباعة هذه الوثيقة,
You are not allowed to print this report,غير مسموح لك بطباعة هذا التقرير,
You are not allowed to send emails related to this document,غير مسموح لك بإرسال رسائل البريد الإلكتروني ذات الصلة بهذه الوثيقة,
You are not allowed to update this Web Form Document,غير مسموح لك بتحديث الوثيقة نموذج الويب هذه,
You are not connected to Internet. Retry after sometime.,أنت غير متصل بالإنترنت. أعد المحاولة بعد وقت ما.,
You are not permitted to access this page.,غير مسموح لك بالوصول إلى هذه الصفحة.,
You are not permitted to view the newsletter.,غير مسموح لك بعرض الرسالة الإخبارية.,
You are now following this document. You will receive daily updates via email. You can change this in User Settings.,أنت الآن تتبع هذا المستند. سوف تتلقى التحديثات اليومية عبر البريد الإلكتروني. يمكنك تغيير هذا في إعدادات المستخدم.,
You can add dynamic properties from the document by using Jinja templating.,يمكنك إضافة خصائص ديناميكية من المستند باستخدام Jinja templating.,
You can also copy-paste this ,يمكنك أيضا نسخ ولصق هذا,
"You can change Submitted documents by cancelling them and then, amending them.",يمكنك تغيير الوثائق المسجلة من خلال إلغائها، ثم تعديلها.,
You can find things by asking 'find orange in customers',يمكنك العثور على الأشياء عن طريق طلب 'find orange in customers',
You can only upload upto 5000 records in one go. (may be less in some cases),يمكنك تحميل فقط حتى 5000 دفعة واحدة. (قد يكون أقل في بعض الحالات),
You can use Customize Form to set levels on fields.,يمكنك استخدام نموذج مخصص (Customize Form ) لتحديد المستويات على الحقول.,
You can use wildcard %,يمكنك استخدام حرف البدل%,
You can't set 'Options' for field {0},"لا يمكنك تعيين ""خيارات"" للحقل {0}",
You can't set 'Translatable' for field {0},لا يمكنك تعيين 'ترانزلاتابل' للحقل {0},
You cannot give review points to yourself,لا يمكنك إعطاء نقاط مراجعة لنفسك,
You cannot unset 'Read Only' for field {0},"لا يمكنك ضبط ""للقراءة فقط"" للحقل {0}",
You do not have enough permissions to access this resource. Please contact your manager to get access.,ليس لديك الصلاحيات الكافية للوصول إلى هذا المورد. الرجاء الاتصال بالمدير للحصول علي الوصول.,
You do not have enough permissions to complete the action,لا يوجد لديك الصلاحية الكافية لاتمام هذا العمل,
You do not have enough points,ليس لديك نقاط كافية,
You do not have enough review points,ليس لديك نقاط مراجعة كافية,
You don't have access to Report: {0},ليس لديك حق الوصول إلى التقرير: {0},
You don't have any messages yet.,ليست لديك أية رسائل حتى الآن.,
You don't have permission to access this file,لا تتوفر لديك الصلاحية للوصول الى هذا الملف,
You don't have permission to get a report on: {0},ليس لديك إذن للحصول على تقرير عن: {0},
You don't have the permissions to access this document,ليس لديك الصلاحيات للوصول إلى هذا المستند,
You gained {0} point,لقد ربحت {0} نقطة,
You gained {0} points,لقد ربحت {0} نقطة,
You have a new message from: ,لديك رسالة جديدة من:,
You have been successfully logged out,لقد تم تسجيل بنجاح,
You have unsaved changes in this form. Please save before you continue.,لديك تغييرات لم يتم حفظها في هذا النموذج. يرجى الحفظ قبل المتابعة.,
You must login to submit this form,يجب عليك تسجيل الدخول لإرسال هذا النموذج,
You need to be in developer mode to edit a Standard Web Form,عليك أن تكون في وضع المطور لتعديل نموذج ويب قياسي,
You need to be logged in and have System Manager Role to be able to access backups.,يتوجب عليك تسجيل الدخول بصلاحية مدير النظام حتي تتمكن من الوصول الى النسخ الأحتياطية.,
You need to be logged in to access this {0}.,تحتاج إلى تسجيل الدخول للوصول إلى هذه {0}.,
"You need to have ""Share"" permission","تحتاج إلى الحصول على إذن ""مشاركة""",
You need write permission to rename,تحتاج الى صلاحية كتابة لأعادة التسمية,
You selected Draft or Cancelled documents,لقد حددت مسودة أو مستندات تم إلغاؤها,
You unfollowed this document,لقد قمت بإلغاء متابعة هذا المستند,
Your Country,بلدك,
Your Language,لغتك,
Your Name,اسمك,
Your account has been locked and will resume after {0} seconds,تم قفل حسابك وسيتم استئنافه بعد {0} ثانية,
Your connection request to Google Calendar was successfully accepted,تم قبول طلب الاتصال الخاص بك إلى تقويم Google بنجاح,
Your information has been submitted,تم تقديم المعلومات الخاصة بك,
Your login id is,معرف تسجيل الدخول الخاص بك هو,
Your organization name and address for the email footer.,اسم المؤسسة وعنوانك لتذييل البريد الإلكتروني.,
Your payment has been successfully registered.,تم تسجيل دفعتك بنجاح.,
Your payment has failed.,أخفقت دفعتك.,
Your payment is cancelled.,تم إلغاء دفعتك.,
Your payment was successfully accepted,تم قبول الدفع الخاص بك بنجاح,
"Your query has been received. We will reply back shortly. If you have any additional information, please reply to this mail.",وقد وردت الاستعلام الخاص بك. سوف نقوم بالرد مرة أخرى قريبا. إذا كان لديك أي معلومات إضافية، يرجى الرد على هذا البريد.,
"Your session has expired, please login again to continue.",انتهت صلاحية الجلسة، يرجى تسجيل الدخول مرة أخرى للمتابعة.,
Zero,صفر,
Zero means send records updated at anytime,صفر يعني إرسال التحديثات في أي وقت,
_doctype,_doctype,
_report,_تقرير,
adjust,ضبط,
after_insert,أدخل_بعد,
align-center,محاذاة الوسط,
align-justify,محاذاة-تبرير,
align-left,محاذاة يسار,
align-right,محاذاة اليمين,
ap-northeast-1,ا ف ب-شمال-1,
ap-northeast-2,ا ف ب-شمال-2,
ap-northeast-3,ا ف ب-شمال-3,
ap-south-1,ا ف ب-جنوب-1,
ap-southeast-1,ا ف ب-جنوب-1,
ap-southeast-2,ا ف ب-جنوب-2,
arrow-down,سهم لأسفل,
arrow-left,سهم يسار,
arrow-right,سهم يمين,
arrow-up,سهم لأعلى,
asterisk,النجمة,
backward,الى الوراء,
ban-circle,دائرة الحظر,
bell,جرس,
bookmark,المرجعية,
briefcase,حقيبة,
bullhorn,البوق,
ca-central-1,كاليفورنيا-وسط-1,
camera,كاميرا,
cancelled this document,إلغاء هذه الوثيقة,
changed value of {0},القيمة المتغيرة لل{0},
changed values for {0},القيم المتغيرة ل{0},
chevron-down,شيفرون لأسفل,
chevron-left,شيفرون يسار,
chevron-right,شيفرون اليمين,
chevron-up,شيفرون المتابعة,
circle-arrow-down,دائرة السهم لأسفل,
circle-arrow-left,دائرة السهم اليسار,
circle-arrow-right,دائرة السهم الأيمن,
circle-arrow-up,دائرة السهم إلى أعلى,
cn-north-1,CN-شمال-1,
cn-northwest-1,CN-شمال غرب-1,
cog,تحكم في,
darkgrey,الرمادي الداكن,
dd-mm-yyyy,DD-MM-YYYY,
dd.mm.yyyy,dd.mm.yyyy,
dd/mm/yyyy,اليوم / الشهر / السنة,
"document type..., e.g. customer",نوع الوثيقة...، على سبيل المثال العملاء,
domain name,اسم النطاق,
download-alt,تحميل بديل,
"e.g. ""Support"", ""Sales"", ""Jerry Yang""","على سبيل المثال، ""الدعم ""، "" المبيعات ""، "" أحمد صالح """,
e.g. (55 + 434) / 4 or =Math.sin(Math.PI/2)...,على سبيل المثال، (55 + 434) / 4 أو = Math.sin(Math.PI / 2)...,
e.g. pop.gmail.com / imap.gmail.com,على سبيل المثال، pop.gmail.com / imap.gmail.com,
e.g. replies@yourcomany.com. All replies will come to this inbox.,على سبيل المثال، replies@yourcomany.com. سيأتي كل الردود على هذا البريد.,
e.g. smtp.gmail.com,على سبيل المثال، smtp.gmail.com,
e.g.:,على سبيل المثال:,
eject,اخرج,
envelope,مغلف,
eu-central-1,الاتحاد الأوروبي مركزي-1,
eu-north-1,الاتحاد الأوروبي الشمالي-1,
eu-west-1,الاتحاد الأوروبي الغربي-1,
eu-west-2,الاتحاد الأوروبي الغربي-2,
eu-west-3,الاتحاد الأوروبي الغربي-3,
exclamation-sign,تعجب علامة-,
eye-close,إغلاق العين,
eye-open,فتح العين,
facetime-video,facetime-video,
fairlogin,fairlogin,
fast-backward,بسرعة الى الوراء,
fast-forward,بسرعة الى الأمام,
film,فيلم,
fire,حريق,
folder-close,غلق مجلد,
folder-open,فتح مجلد,
fullscreen,ملء الشاشة,
gained by {0} via automatic rule {1},حصلت عليه {0} عبر القاعدة التلقائية {1},
gained {0} points,حصل على {0} نقطة,
gave {0} points,أعطى {0} نقاط,
gift,هدية,
glass,زجاج,
globe,العالم,
hand-down,إلى أسفل اليد,
hand-left,اليد اليسرى,
hand-right,ومن جهة اليمين,
hand-up,ومن ناحية المتابعة,
hdd,hdd,
headphones,سماعة الرأس,
heart,قلب,
hub,محور,
indent-left,المسافة البادئة اليسرى,
indent-right,المسافة البادئة اليمنى,
info-sign,معلومات تسجيل الدخول،,
italic,مائل,
john@doe.com,john@doe.com,
just now,الآن فقط,
leaf,ورق,
lightblue,lightblue,
list-alt,قائمة بديل,
magnet,مغناطيس,
map-marker,محدد الخريطة,
merged {0} into {1},تم دمج {0} إلى {1},
minus,ناقص,
minus-sign,علامة ناقص,
mm-dd-yyyy,شهر-يوم-سنة,
mm/dd/yyyy,شهر/يوم/سنة,
module name...,اسم الوحدة برمجية...,
new type of document,نوع جديد من الوثيقة,
no failed attempts,محاولات فاشلة لا,
none of,أيا من,
ok,حسنا,
ok-circle,دائرة OK-,
ok-sign,علامة OK-,
on_cancel,on_cancel,
on_change,على التغيير,
on_submit,on_submit,
on_trash,on_trash,
on_update,on_update,
on_update_after_submit,on_update_after_submit,
only.,فقط.,
or,أو,
pause,وقفة,
pencil,قلم رصاص,
picture,صور,
plane,طائرة,
play,لعب,
play-circle,لعب دائرة,
plus,زائد,
plus-sign,زائد توقيع,
qrcode,qrcode,
query-report,استعلام تقرير,
question-sign,علامة سؤال,
remove-circle,إزالة دائرة،,
remove-sign,إزالة التوقيع،,
removed,إزالة,
renamed from {0} to {1},إعادة تسمية من {0} إلى {1},
repeat,كرر,
resize-full,تغيير حجم كامل,
resize-horizontal,تغيير حجم الأفقي،,
resize-small,تغيير حجم صغير,
resize-vertical,تغيير حجم عمودية,
restored {0} as {1},استعادة {0} ك {1},
retweet,retweet,
road,طريق,
sa-east-1,سا شرق-1,
screenshot,لقطة شاشة,
share-alt,حصة بديل,
shopping-cart,عربة التسوق,
show,تبين,
signal,إشارة,
star,نجم,
star-empty,النجوم فارغة,
step-backward,خطوة إلى الوراء,
step-forward,خطوة إلى الأمام,
submitted this document,هذه الوثيقة مقدمة / مسجلة,
text in document type,النص في نوع الوثيقة,
text-height,ارتفاع النص,
text-width,عرض النص,
th,ال,
th-large,TH-الكبيرة,
th-list,TH-قائمة,
thumbs-down,علامة إستهجان,
thumbs-up,الابهام إلى أعلى,
tint,لون,
toggle Tag,تبديل العلامة,
updated to {0},تحديث ل{0},
us-east-1,لنا شرق-1,
us-east-2,لنا شرق-2,
us-west-1,لنا غرب-1,
us-west-2,لنا غرب-2,
use % as wildcard,استخدام% كما البدل,
values separated by commas,قيم مفصولة بفواصل,
via automatic rule {0} on {1},عبر القاعدة التلقائية {0} بتاريخ {1},
viewed,يشاهد,
volume-down,حجم إلى أسفل,
volume-off,حجم حالا,
volume-up,حجم المتابعة,
warning-sign,علامة إنذار,
wrench,وجع,
yyyy-mm-dd,yyyy-mm-dd,
zoom-in,تكبير,
zoom-out,تصغير,
{0} Calendar,{0} التقويم,
{0} Chart,{0} الرسم البياني,
{0} Dashboard,{0} لوحة المعلومات,
{0} List,قائمة {0},
{0} Modules,{0} وحدات,
{0} Report,{0} تقرير,
{0} Settings not found,لم يتم العثور على إعدادات {0},
{0} Tree,{0} شجرة,
{0} added,{0} أضيف,
{0} already exists. Select another name,{0} موجود بالفعل. اختر اسمًا آخر,
{0} already unsubscribed,{0} ألغى الاشتراك بالفعل,
{0} already unsubscribed for {1} {2},{0} تم إلغاء الاشتراك في {1} {2},
{0} and {1},{0} و {1},
{0} appreciated on {1},{0} موضع تقدير في {1},
{0} appreciated your work on {1} with {2} point,{0} قدر عملك على {1} بنقطة {2},
{0} appreciated your work on {1} with {2} points,{0} قدر عملك على {1} بنقاط {2},
{0} appreciated {1},{0} موضع تقدير {1},
{0} appreciation point for {1} {2},{0} نقطة التقدير لـ {1} {2},
{0} appreciation points for {1} {2},{0} نقاط التقدير لـ {1} {2},
{0} assigned {1}: {2},{0} تعيين {1}: {2},
{0} cannot be set for Single types,{0} لا يمكن تحديده لأنواع أحادية,
{0} comments,{0} تعليقات,
{0} created successfully,تم إنشاء {0} بنجاح,
{0} criticism point for {1} {2},{0} نقطة النقد لـ {1} {2},
{0} criticism points for {1} {2},{0} نقاط النقد لـ {1} {2},
{0} criticized on {1},{0} انتقد يوم {1},
{0} criticized your work on {1} with {2} point,{0} انتقد عملك على {1} بنقطة {2},
{0} criticized your work on {1} with {2} points,{0} انتقد عملك على {1} بـ {2} نقاط,
{0} criticized {1},{0} انتقد {1},
{0} days ago,قبل {0} أيام,
{0} does not exist in row {1},{0} غير موجود في الصف {1},
"{0} field cannot be set as unique in {1}, as there are non-unique existing values",لا يمكن أن يحتوي اسم الحقل {0} على أحرف خاصة مثل {1},
{0} has already assigned default value for {1}.,{0} قام بالفعل بتعيين القيمة الافتراضية لـ {1}.,
{0} has been successfully added to the Email Group.,{0} تم بنجاح الإضافة إلى مجموعة البريد الإلكتروني,
{0} has left the conversation in {1} {2},{0} تركت محادثة في {1} {2},
{0} hours ago,{0} قبل ساعات,
{0} in row {1} cannot have both URL and child items,{0} في الصف {1} لا يمكن أن يكون لها عنوان الرابط وبنود فرعية في نفس الوقت,
{0} is a mandatory field,{0} حقل إلزامي,
{0} is an invalid email address in 'Recipients',"{0} هو عنوان بريد إلكتروني غير صالح في ""المستلمين""",
{0} is not a raw printing format.,{0} ليس تنسيق طباعة خامًا.,
{0} is not a valid Email Address,{0} ليس عنوان بريد إلكتروني صالحًا,
{0} is not a valid Workflow State. Please update your Workflow and try again.,{0} ليست حالة سير عمل صالحة. يرجى تحديث سير العمل والمحاولة مرة أخرى.,
{0} is now default print format for {1} doctype,{0} هو الآن تنسيق الطباعة الافتراضي لنوع المستند {1},
{0} is saved,{0} تم حفظها,
{0} items selected,{0} الأصناف المحددة,
{0} logged in,{0} تم تسجيل الدخول,
{0} logged out: {1},{0} تسجيل الخروج: {1},
{0} minutes ago,قبل {0} دقائق,
{0} months ago,قبل {0} أشهر,
{0} must be one of {1},{0} يجب أن يكون واحدا من {1},
{0} must be set first,يجب تعيين {0} أولا,
{0} must be unique,{0} يجب أن تكون فريدة من نوعها,
{0} not a valid State,{0} ليست حالة صالحة,
{0} not allowed to be renamed,{0} غير مسموح بإعادة تسميته,
{0} not found,لم يتم العثور على {0},
{0} of {1},{0} من {1},
{0} or {1},{0} أو {1},
{0} record deleted,تم حذف السجل {0},
{0} records deleted,{0} تم حذف السجلات,
{0} reverted your point on {1},{0} التراجع عن وجهة نظرك في {1},
{0} reverted your points on {1},{0} التراجع عن نقاطك في {1},
{0} reverted {1},{0} تم التراجع {1},
{0} room must have atmost one user.,الحد الأقصى للغرفة {0} هو مستخدم واحد فقط.,
{0} rows for {1},{0} صفوف لـ {1},
{0} saved successfully,تم حفظ {0} بنجاح,
{0} self assigned this task: {1},{0} تم تعيين هذه المهمة بنفسها: {1},
{0} shared this document with everyone,{0} المشتركة هذه الوثيقة مع الجميع,
{0} shared this document with {1},{0} مشاركة هذه الوثيقة مع {1},
{0} subscribers added,{0} مشتركين تم اضافتهم,
{0} to stop receiving emails of this type,{0} لإيقاف تلقي رسائل البريد الإلكتروني من هذا النوع,
{0} to {1},{0} إلى {1},
{0} un-shared this document with {1},{0} الغى مشاركة هذه الوثيقة مع {1},
{0} updated,{0} تم تحديث,
{0} weeks ago,قبل {0} أسبوع /أسابيع,
{0} {1} added,تمت إضافة {0} {1},
{0} {1} already exists,{0} {1} موجود بالفعل,
"{0} {1} cannot be ""{2}"". It should be one of ""{3}""","{0} {1} لا يمكن أن يكون {{}}. يجب أن تكون واحدة من ""{3}""",
{0} {1} cannot be a leaf node as it has children,{0} {1} لا يمكن أن يكون تفريعة لأن لديه تفريعات أخرى,
"{0} {1} does not exist, select a new target to merge",{0} {1} غير موجود، حدد هدفا جديدا لدمج,
{0} {1} not found,{0} {1} غير موجود,
{0} {1} to {2},{0} {1} الى {2},
"{0}, Row {1}",{0}، الصف {1},
"{0}: '{1}' ({3}) will get truncated, as max characters allowed is {2}",{0}: '{1}' ({3}) سيتم اقتطاعه، حيث أن الحد الأقصى المسموح به هو {2},
{0}: Cannot set Amend without Cancel,{0}: لا يمكن تعيين تعديل بدون إلغاء,
{0}: Cannot set Assign Amend if not Submittable,{0}: لا يمكن تعيين معدل إذا لم يتم إرساله,
{0}: Cannot set Assign Submit if not Submittable,{0} : لا يمكن تحديد تعيين بالتأكيد إذا لم يكن قابل للتأكيد,
{0}: Cannot set Cancel without Submit,{0}: لا يمكن تعيين إلغاء بدون إرسال,
{0}: Cannot set Import without Create,{0} : لا يمكن تحديد استيراد دون إنشاء,
"{0}: Cannot set Submit, Cancel, Amend without Write",{0} : لا يمكن تحديد تأكيد، الغاء، تعديل دون كتابة,
{0}: Cannot set import as {1} is not importable,{0}: لا يمكن تعيين استيراد كما {1} غير قابل للاستيراد,
{0}: No basic permissions set,{0} : لم يتم تحديد صلاحيات أساسية,
"{0}: Only one rule allowed with the same Role, Level and {1}",{0} قاعدة واحدة فقط سمح لها نفس الدور، المستوى و{1},
{0}: Permission at level 0 must be set before higher levels are set,{0} : صلاحيات على مستوى 0 يجب تحديده قبل أن يتم تحديد صلاحيات أعلى,
{0}: {1} in {2},{0}: {1} في {2},
{0}: {1} is set to state {2},{0}: تم تعيين {1} على الحالة {2},
{app_title},{ app_title },
{{{0}}} is not a valid fieldname pattern. It should be {{field_name}}.,{{{0}}} غير صالح كأسم حقل. يجب أن يكون {{field_name}}.,
Communication Link,حلقة اتصال,
Force User to Reset Password,إجبار المستخدم على إعادة تعيين كلمة المرور,
In Days,في الايام,
Last Password Reset Date,تاريخ إعادة تعيين كلمة المرور الأخيرة,
The password of your account has expired.,انتهت صلاحية كلمة المرور الخاصة بحسابك.,
Workflow State transition not allowed from {0} to {1},انتقال حالة سير العمل غير مسموح به من {0} إلى {1},
{0} must be after {1},{0} يجب أن يكون بعد {1},
{0}: Field '{1}' cannot be set as Unique as it has non-unique values,{0}: لا يمكن تعيين الحقل '{1}' على أنه فريد لأنه يحتوي على قيم غير فريدة,
{0}: Field {1} in row {2} cannot be hidden and mandatory without default,{0}: الحقل {1} في الصف {2} لا يمكن إخفاؤه وإجباره دون التقصير,
{0}: Field {1} of type {2} cannot be mandatory,{0}: الحقل {1} من النوع {2} لا يمكن أن يكون إلزاميًا,
{0}: Fieldname {1} appears multiple times in rows {2},{0}: اسم الحقل {1} يظهر عدة مرات في الصفوف {2},
{0}: Fieldtype {1} for {2} cannot be unique,{0}: لا يمكن أن يكون Fieldtype {1} لـ {2} فريدًا,
{0}: Options must be a valid DocType for field {1} in row {2},{0}: يجب أن تكون الخيارات نوع نوع المستند صالحًا للحقل {1} في الصف {2},
{0}: Options required for Link or Table type field {1} in row {2},{0}: الخيارات المطلوبة لحقل نوع الرابط أو الجدول {1} في الصف {2},
{0}: Options {1} must be the same as doctype name {2} for the field {3},{0}: يجب أن تكون الخيارات {1} هي نفس اسم النمط العقلي {2} للحقل {3},
{0}:Fieldtype {1} for {2} cannot be indexed,{0}: لا يمكن فهرسة Fieldtype {1} لـ {2},
Make {0},اصنع {0},
A user who posts blogs.,مستخدم ينشر المدونات.,
Applying: {0},التطبيق: {0},
Fieldname {0} is restricted,اسم الحقل {0} مقيد,
Is Optional State,هو الدولة اختياري,
No values to show,لا توجد قيم لإظهارها,
View Ref,عرض المرجع,
Workflow Action is not created for optional states,لم يتم إنشاء إجراء سير العمل للحالات الاختيارية,
{0} values selected,{0} القيم المحددة,
"""amended_from"" field must be present to do an amendment.","يجب أن يكون الحقل ""amended_from"" حاضرًا لإجراء تعديل.",
(Mandatory),(إلزامي),
1 Google Calendar Event synced.,تمت مزامنة حدث تقويم Google واحد.,
1 record will be exported,سيتم تصدير سجل واحد,
1 week ago,1 قبل أسبوع,
5 Records,5 السجلات,
A recurring {0} {1} has been created for you via Auto Repeat {2}.,تم إنشاء {0} {1} متكرر لك من خلال التكرار التلقائي {2}.,
API,API,
API Method,طريقة API,
About {0} minute remaining,حوالي {0} دقيقة متبقية,
About {0} minutes remaining,حوالي {0} دقائق متبقية,
About {0} seconds remaining,حوالي {0} ثانية متبقية,
Access Log,سجل الوصول,
Access not allowed from this IP Address,الوصول غير مسموح به من عنوان IP هذا,
Action Type,نوع العمل,
Activity Log by ,سجل النشاط بواسطة,
Add Fields,إضافة الحقول,
Administration,الادارة,
After Cancel,بعد الغاء,
After Delete,بعد الحذف,
After Save,بعد الحفظ,
After Save (Submitted Document),بعد الحفظ (المستند المقدم),
After Submit,بعد تقديم,
Aggregate Function Based On,مجموع وظيفة بناءً على,
Aggregate Function field is required to create a dashboard chart,حقل تجميع الوظائف مطلوب لإنشاء مخطط لوحة القيادة,
All Records,جميع السجلات,
Allot Points To Assigned Users,تخصيص نقاط للمستخدمين المعينين,
Allow Auto Repeat,السماح للتكرار التلقائي,
Allow Google Calendar Access,السماح بالوصول إلى تقويم Google,
Allow Google Contacts Access,السماح بوصول جهات اتصال Google,
Allow Google Drive Access,تسمح جوجل محرك الوصول,
Allow Guest,اسمح للضيف,
Allow Guests to Upload Files,السماح للضيوف برفع الملفات,
Also adding the status dependency field {0},إضافة حقل تبعية الحالة أيضًا {0},
An error occurred while setting Session Defaults,حدث خطأ أثناء إعداد الإعدادات الافتراضية للجلسة,
Annual,سنوي,
Append Emails to Sent Folder,إلحاق رسائل البريد الإلكتروني إلى مجلد المرسلة,
Apply Assignment Rule,تطبيق قاعدة الواجب,
Apply Only Once,تطبق مرة واحدة فقط,
Apply this rule only once per document,قم بتطبيق هذه القاعدة مرة واحدة فقط لكل وثيقة,
Approval Required,الموافقة مطلوبة,
Approved,معتمد,
Are you sure you want to delete all rows?,هل تريد بالتأكيد حذف جميع الصفوف؟,
Are you sure you want to delete this post?,هل أنت متأكد أنك تريد حذف هذه المشاركة؟,
Are you sure you want to merge {0} with {1}?,هل أنت متأكد من رغبتك في دمج {0} مع {1}؟,
Assignment Day {0} has been repeated.,تم تكرار يوم الواجب {0}.,
Assignment Days,أيام الواجب,
Assignment Rule Day,يوم قاعدة الواجب,
Assignments,تعيينات,
Attach a web link,إرفاق رابط الويب,
Authorize Google Calendar Access,تخويل الوصول إلى تقويم Google,
Authorize Google Contacts Access,السماح بوصول جهات اتصال Google,
Authorize Google Drive Access,تخويل Google Drive Access,
Auto Repeat Document Creation Failed,فشل إنشاء مستند تكرار تلقائي,
Auto Repeat Document Creation Failure,فشل تكرار إنشاء المستند التلقائي,
Auto Repeat created for this document,تكرار تلقائي تم إنشاؤه لهذا المستند,
Auto Repeat failed for {0},فشل التكرار التلقائي لـ {0},
Automatic Linking can be activated only for one Email Account.,يمكن تنشيط الربط التلقائي فقط لحساب بريد إلكتروني واحد.,
Automatic Linking can be activated only if Incoming is enabled.,لا يمكن تنشيط الربط التلقائي إلا إذا تم تمكين الوارد.,
Automatically generates recurring documents.,يولد تلقائيا الوثائق المتكررة.,
Backing up to Google Drive.,النسخ الاحتياطي إلى Google Drive.,
Backup Folder ID,معرف مجلد النسخ الاحتياطي,
Backup Folder Name,اسم مجلد النسخ الاحتياطي,
Before Cancel,قبل الإلغاء,
Before Delete,قبل الحذف,
Before Insert,قبل إدراج,
Before Save,قبل الحفظ,
Before Save (Submitted Document),قبل الحفظ (المستند المقدم),
Before Submit,قبل إرسال,
Blank Template,نموذج فارغ,
Callback URL,عاود الاتصال بالعنوان,
Cancel All Documents,الغاء جميع الوثائق,
Cancelling documents,إلغاء الوثائق,
Cannot match column {0} with any field,لا يمكن مطابقة العمود {0} بأي حقل,
Change,تغيير,
Change User,تغيير المستخدم,
Check the Error Log for more information: {0},تحقق من سجل الأخطاء لمزيد من المعلومات: {0},
Clear Cache and Reload,مسح ذاكرة التخزين المؤقت وتحديث,
Clear Filters,مرشحات واضحة,
Click on <b>Authorize Google Drive Access</b> to authorize Google Drive Access.,انقر فوق <b>السماح لـ Google Drive Access</b> بتخويل <b>الوصول</b> إلى Google Drive.,
Click on a file to select it.,انقر على ملف لتحديده.,
Click on the link below to approve the request,انقر على الرابط أدناه للموافقة على الطلب,
Click on the lock icon to toggle public/private,انقر على أيقونة القفل للتبديل بين القطاعين عام والخاص,
Click on {0} to generate Refresh Token.,انقر فوق {0} لإنشاء تحديث الرمز المميز.,
Close Condition,أغلق الشرط,
Column {0},العمود {0},
Columns / Fields,الأعمدة / الحقول,
"Configure notifications for mentions, assignments, energy points and more.",قم بتكوين الإشعارات الخاصة بالإشارات والتعيينات ونقاط الطاقة والمزيد.,
Contact Email,بريد جهة الاتصال,
Contact Numbers,ارقام التواصل,
Contact Phone,هاتف الاتصال,
Contact Synced with Google Contacts.,الاتصال متزامنة مع جهات اتصال Google.,
Context,سياق الكلام,
Contribute Translations,المساهمة في الترجمات,
Contributed,ساهم,
Controller method get_razorpay_order missing,طريقة تحكم get_razorpay_order مفقودة,
Copied to clipboard.,نسخ إلى الحافظة.,
Core Modules {0} cannot be searched in Global Search.,لا يمكن البحث عن الوحدات الأساسية {0} في البحث العالمي.,
Could not create Razorpay order. Please contact Administrator,لا يمكن إنشاء طلب Razorpay. يرجى الاتصال المسؤول,
Could not create razorpay order,لا يمكن إنشاء ترتيب razorpay,
Create Log,إنشاء سجل,
Create your first {0},قم بإنشاء أول {0},
Created {0} records successfully.,تم إنشاء {0} سجلات بنجاح.,
Cron,كرون,
Cron Format,تنسيق كرون,
Daily Events should finish on the Same Day.,يجب أن تنتهي الأحداث اليومية في نفس اليوم.,
Daily Long,يوميا طويلة,
Default Role on Creation,دور افتراضي في الخلق,
Default Theme,الموضوع الافتراضي,
Default {0},الافتراضي {0},
Delete All,حذف الكل,
Do you want to cancel all linked documents?,هل تريد إلغاء جميع الوثائق المرتبطة؟,
DocType Action,عمل نوع المستند,
DocType Event,حدث نوع المستند,
DocType Link,رابط نوع الوثيقة,
Document Share,مشاركة المستند,
Document Tag,علامة المستند,
Document Title,عنوان المستند,
Document Type Field Mapping,تعيين نوع المستند المستند,
Document Type Mapping,تعيين نوع المستند,
Document Type {0} has been repeated.,تم تكرار نوع المستند {0}.,
Document renamed from {0} to {1},تمت إعادة تسمية المستند من {0} إلى {1},
Document type is required to create a dashboard chart,نوع المستند مطلوب لإنشاء مخطط لوحة معلومات,
Documentation Link,رابط التوثيق,
Don't Import,لا تستورد,
Don't Send Emails,لا ترسل رسائل البريد الإلكتروني,
"Drag and drop files, ",سحب وإسقاط الملفات،,
Drop,قطرة,
Drop Here,إسقاط هنا,
Drop files here,قم بوضع الملفات هنا,
Dynamic Template,قالب ديناميكي,
ERPNext Role,دور ITQAN ERP,
Email / Notifications,اشعارات البريد الإلكتروني,
Email Account setup please enter your password for: {0},إعداد حساب البريد الإلكتروني، الرجاء إدخال كلمة المرور الخاصة بك: {0},
Email Address whose Google Contacts are to be synced.,عنوان البريد الإلكتروني الذي سيتم مزامنة جهات اتصال Google الخاصة به.,
"Email ID must be unique, Email Account already exists for {0}",يجب أن يكون معرف البريد الإلكتروني فريدًا، حساب البريد الإلكتروني موجود بالفعل لـ {0},
Email IDs,البريد الإلكتروني معرفات,
Enable Allow Auto Repeat for the doctype {0} in Customize Form,تمكين السماح للتكرار التلقائي للنمط {0} في تخصيص النموذج,
Enable Automatic Linking in Documents,تمكين الربط التلقائي في المستندات,
Enable Email Notifications,تمكين إشعارات البريد الإلكتروني,
Enable Google API in Google Settings.,تمكين Google API في إعدادات Google.,
Enable Security,تمكين الأمن,
Energy Point,نقطة الطاقة,
Enter Client Id and Client Secret in Google Settings.,أدخل معرف العميل وسر العميل في إعدادات Google.,
Enter Code displayed in OTP App.,أدخل الرمز المعروض في تطبيق OTP.,
Event Configurations,تكوينات الحدث,
Event Consumer,الحدث المستهلك,
Event Consumer Document Type,نوع مستند المستهلك الحدث,
Event Consumer Document Types,أنواع مستندات الحدث للحدث,
Event Producer,منتج الحدث,
Event Producer Document Type,نوع وثيقة منتج الحدث,
Event Producer Document Types,أنواع وثائق منتج الحدث,
Event Streaming,تدفق الحدث,
Event Subscriber,الحدث المشترك,
Event Sync Log,حدث مزامنة السجل,
Event Synced with Google Calendar.,حدث مزامنة مع تقويم Google.,
Event Update Log,سجل تحديث الحدث,
Export 1 record,تصدير 1 سجل,
Export Errored Rows,تصدير الصفوف الخطأ,
Export From,تصدير من,
Export Type,نوع التصدير,
Export {0} records,تصدير {0} السجلات,
Failed to connect to the Event Producer site. Retry after some time.,أخفق الاتصال بموقع منتج المنتج. أعد المحاولة بعد بعض الوقت.,
Failed to create an Event Consumer or an Event Consumer for the current site is already registered.,فشل إنشاء مستهلك حدث أو مستهلك حدث للموقع الحالي بالفعل.,
Failure,بالفشل,
Fetching default Global Search documents.,جلب مستندات البحث العالمي الافتراضية.,
Fetching posts...,جارٍ جلب المشاركات...,
Field Mapping,الربط الميدانية,
Field To Check,حقل للتحقق,
File Information,معلومات الملف,
Filter By,مصنف بواسطة,
Filtered Records,السجلات التي تمت تصفيتها,
Filters applied for {0},المرشحات المطبقة على {0},
Finished,تم الانتهاء من,
First,أول,
For Document Event,لوثيقة الحدث,
"For more information, <a class=""text-muted"" href=""https://erpnext.com/docs/user/manual/en/setting-up/email/linking-emails-to-document"">click here</a>.","لمزيد من المعلومات، <a class=""text-muted"" href=""https://erpnext.com/docs/user/manual/en/setting-up/email/linking-emails-to-document"">انقر هنا</a>.",
"For more information, {0}.",لمزيد من المعلومات، {0}.,
"For performance, only the first 100 rows were processed.",للأداء، تمت معالجة أول 100 صف فقط.,
Form URL-Encoded,نموذج الرابط المشفرة,
Frequently Visited Links,كثيرا ما زار الروابط,
From Date,من تاريخ,
From User,من المستخدم,
Global Search DocType,البحث العالمي نوع المستند,
Global Search Document Types Reset.,إعادة تعيين أنواع وثائق البحث عامة.,
Global Search Settings,إعدادات البحث العالمية,
Global Shortcuts,اختصارات العالمية,
Go,اذهب,
Go to next record,انتقل إلى السجل التالي,
Go to previous record,الذهاب إلى السجل السابق,
Google API Settings.,إعدادات واجهة برمجة تطبيقات Google.,
Google Calendar,تقويم جوجل,
"Google Calendar - Could not create Calendar for {0}, error code {1}.",تقويم Google - تعذر إنشاء تقويم لـ {0}، رمز الخطأ {1}.,
"Google Calendar - Could not delete Event {0} from Google Calendar, error code {1}.",تقويم Google - تعذر حذف الحدث {0} من تقويم Google، رمز الخطأ {1}.,
"Google Calendar - Could not fetch event from Google Calendar, error code {0}.",تقويم Google - تعذر إحضار حدث من تقويم Google، رمز الخطأ {0}.,
"Google Calendar - Could not insert contact in Google Contacts {0}, error code {1}.",تقويم Google - تعذر إدراج جهة اتصال في جهات اتصال Google {0}، رمز الخطأ {1}.,
"Google Calendar - Could not insert event in Google Calendar {0}, error code {1}.",تقويم Google - تعذر إدراج حدث في تقويم Google {0}، رمز الخطأ {1}.,
"Google Calendar - Could not update Event {0} in Google Calendar, error code {1}.",تقويم Google - تعذر تحديث الحدث {0} في تقويم Google، رمز الخطأ {1}.,
Google Calendar Event ID,معرف حدث تقويم Google,
Google Calendar Integration.,تكامل تقويم Google.,
Google Calendar has been configured.,تم تكوين تقويم Google.,
Google Contacts,اتصالات جوجل,
"Google Contacts - Could not sync contacts from Google Contacts {0}, error code {1}.",جهات اتصال Google - تعذر مزامنة جهات الاتصال من جهات اتصال Google {0}، رمز الخطأ {1}.,
"Google Contacts - Could not update contact in Google Contacts {0}, error code {1}.",جهات اتصال Google - تعذر تحديث جهة الاتصال في جهات اتصال Google {0}، رمز الخطأ {1}.,
Google Contacts Id,معرف جهات اتصال Google,
Google Contacts Integration is disabled.,تم تعطيل تكامل جهات اتصال Google.,
Google Contacts Integration.,اتصالات جوجل التكامل.,
Google Contacts has been configured.,تم تكوين جهات اتصال Google.,
Google Drive,محرك جوجل,
Google Drive - Could not create folder in Google Drive - Error Code {0},Google Drive - تعذر إنشاء مجلد في Google Drive - رمز الخطأ {0},
Google Drive - Could not find folder in Google Drive - Error Code {0},Google Drive - تعذر العثور على مجلد في Google Drive - رمز الخطأ {0},
Google Drive Backup Successful.,Google Drive Backup Successful.,
Google Drive Backup.,جوجل محرك النسخ الاحتياطي.,
Google Drive Integration.,جوجل محرك التكامل.,
Google Drive has been configured.,تم تكوين Google Drive.,
Google Integration is disabled.,تم تعطيل Google التكامل.,
Google Settings,إعدادات جوجل,
Group By,مجموعة من,
Group By Based On,تجميع حسب,
Group By Type,مجموعة حسب النوع,
Group By field is required to create a dashboard chart,حقل تجميع حسب مطلوب لإنشاء مخطط لوحة القيادة,
HH:mm,HH: مم,
HH:mm:ss,HH: MM: SS,
HOOK-.####,صنارة صيد-.####,
HTML Page,صفحة HTML,
Has Mapping,لديه الربط,
Hourly Long,كل ساعة طويلة,
"If non-standard port (e.g. POP3: 995/110, IMAP: 993/143)",إذا كان المنفذ غير قياسي (مثل POP3: 995/110، IMAP: 993/143),
If the document has different field names on the Producer and Consumer's end check this and set up the Mapping,إذا كان المستند يحتوي على أسماء حقول مختلفة في نهاية المنتج والمستهلك، فتحقق من هذا وقم بإعداد التعيين,
If this is checked the documents will have the same name as they have on the Event Producer's site,إذا تم تحديد ذلك، فستكون للوثائق نفس الاسم الذي تحمله على موقع منتج الأحداث,
Illegal SQL Query,استعلام SQL غير قانوني,
Import File,استيراد ملف,
Import Log Preview,استيراد سجل معاينة,
Import Preview,استيراد معاينة,
Import Progress,استيراد التقدم,
Import Type,نوع الاستيراد,
Import Warnings,استيراد تحذيرات,
"Import template should be of type .csv, .xlsx or .xls",يجب أن يكون قالب الاستيراد من النوع.csv أو.xlsx أو.xls,
Import template should contain a Header and atleast one row.,يجب أن يحتوي قالب الاستيراد على رأس صف واحد على الأقل.,
Importing {0} of {1},استيراد {0} من {1},
"Importing {0} of {1}, {2}",استيراد {0} من {1}، {2},
Include indentation,تشمل المسافة البادئة,
Incoming Change,التغيير الوارد,
Invalid Filter Value,قيمة تصفية غير صالحة,
Invalid URL,الرابط غير صالح,
Invalid field name: {0},اسم الحقل غير صالح: {0},
Invalid file URL. Please contact System Administrator.,عنوان الرابط للملف غير صالح. يرجى الاتصال بمسؤول النظام.,
Invalid include path,مسار تضمين غير صالح,
Invalid username or password,خطأ في اسم المستخدم أو كلمة مرور,
Is Primary,هو الابتدائية,
Is Primary Mobile,هو المحمول الأساسي,
Is Primary Phone,هو الهاتف الأساسي,
Is Tree,هي شجرة,
JSON Request Body,طلب JSON الجسم,
Javascript is disabled on your browser,تم تعطيل Javascript على متصفحك,
Job,الوظيفة,
Jump to field,القفز الى الميدان,
Keyboard Shortcuts,اختصارات لوحة المفاتيح,
LDAP Group,مجموعة LDAP,
LDAP Group Field,حقل مجموعة LDAP,
LDAP Group Mapping,تعيين مجموعة LDAP,
LDAP Group Mappings,تعيينات LDAP,
LDAP Last Name Field,حقل اسم العائلة LDAP,
LDAP Middle Name Field,حقل الاسم الأوسط LDAP,
LDAP Mobile Field,LDAP Mobile Field,
LDAP Phone Field,حقل هاتف LDAP,
LDAP User Creation and Mapping,إنشاء مستخدم LDAP والربط,
Landscape,المناظر الطبيعيه,
Last,الاخير,
Last Backup On,آخر النسخ الاحتياطي على,
Last Execution,آخر تنفيذ,
Last Sync On,آخر مزامنة تشغيل,
Last Update,اخر تحديث,
Last refreshed,آخر تحديث,
Link Document Type,رابط نوع الوثيقة,
Link Fieldname,اسم الحقل الرابط,
Loading import file...,جارٍ تحميل ملف الاستيراد...,
Local Document Type,نوع المستند المحلي,
Log Data,تسجيل البيانات,
Main Section (HTML),القسم الرئيسي (HTML),
Main Section (Markdown),القسم الرئيسي (تخفيض السعر),
"Maintains a Log of all inserts, updates and deletions on Event Producer site for documents that have consumers.","يحتفظ بسجل لجميع عمليات الإدراج والتحديثات والحذف على موقع ""منتج الأحداث"" للوثائق التي تحتوي على مستهلكين.",
Maintains a log of every event consumed along with the status of the sync and a Resync button in case sync fails.,يحتفظ بسجل لكل حدث يتم استهلاكه مع حالة المزامنة وزر Resync في حالة فشل المزامنة.,
Make all attachments private,اجعل جميع المرفقات خاصة,
Mandatory Depends On,إلزامي يعتمد على,
Map Columns,خريطة الأعمدة,
Map columns from {0} to fields in {1},خريطة الأعمدة من {0} إلى الحقول في {1},
Mapping column {0} to field {1},تعيين العمود {0} إلى الحقل {1},
Mark all as Read,اشر عليها بانها قرات,
Maximum Points,النقاط القصوى,
Maximum points allowed after multiplying points with the multiplier value\n(Note: For no limit leave this field empty or set 0),الحد الأقصى للنقاط المسموح بها بعد ضرب نقاط بقيمة المضاعف (ملاحظة: بلا حدود، اترك هذا الحقل فارغًا أو حدد 0),
Me,أنا,
Mention,أشير,
Modules,وحدات برمجية,
Monthly Long,الشهرية الطويلة,
Naming Series,نمط الترقيم,
Navigate Home,انتقل المنزل,
Navigate list down,انتقل القائمة لأسفل,
Navigate list up,انتقل القائمة لأعلى,
New Notification,إخطار جديد,
New {0}: {1},جديد {0}: {1},
Newsletter should have atleast one recipient,يجب أن تحتوي الرسالة الإخبارية على متلقي واحد على الأقل,
No Events Today,لا أحداث اليوم,
No Google Calendar Event to sync.,لا يوجد حدث تقويم Google للمزامنة.,
No More Activity,لا مزيد من النشاط,
No Name Specified for {0},لا يوجد اسم محدد لـ {0},
No Upcoming Events,لا الأحداث القادمة,
No activity,لا يوجد نشاط,
No conditions provided,لا توجد شروط,
No contacts linked to document,لا جهات اتصال مرتبطة بالمستند,
No data to export,لا توجد بيانات للتصدير,
No documents found tagged with {0},لم يتم العثور على مستندات ذات علامة {0},
No failed logs,لا سجلات فاشلة,
No filters found,لم يتم العثور على مرشحات,
No more items to display,لا مزيد من الأصناف لعرضها,
No more posts,لا مزيد من الوظائف,
No new Google Contacts synced.,لم تتم مزامنة جهات اتصال Google الجديدة.,
No pending or current jobs for this site,لا توجد وظائف معلقة أو حالية لهذا الموقع,
No posts yet,لا توجد مشاركات حتى الآن,
No records will be exported,لن يتم تصدير سجلات,
No results found for {0} in Global Search,لم يتم العثور على نتائج لـ {0} في Global Search,
No user found,لم يتم العثور على المستخدم,
Not Specified,غير محدد,
Notification Log,سجل الإخطار,
Notification Settings,إعدادات الإشعار,
Notification Subscribed Document,وثيقة الاشتراك المكتوبة,
Notifications Disabled,تم تعطيل الإشعارات,
Number of Groups,عدد المجموعات,
OAuth Client ID,معرف عميل OAuth,
OTP setup using OTP App was not completed. Please contact Administrator.,لم يكتمل إعداد OTP باستخدام تطبيق OTP. يرجى الاتصال المسؤول.,
Only one {0} can be set as primary.,يمكن تعيين {0} واحد فقط على أنه أساسي.,
Open Awesomebar,افتح شريط ممتاز,
Open Chat,دردشة مفتوحة,
Open Documents,المستندات المفتوحة,
Open Help,افتح المساعدة,
Open Settings,أفتح الإعدادات,
Open list item,فتح عنصر القائمة,
Organizational Unit for Users,الوحدة التنظيمية للمستخدمين,
Page Shortcuts,اختصارات الصفحة,
Parent Field (Tree),حقل الأصل (شجرة),
Parent Field must be a valid fieldname,يجب أن يكون حقل الأصل اسمًا صالحًا للحقل,
Pin Globally,دبوس على الصعيد العالمي,
Places,أماكن,
Please check the filter values set for Dashboard Chart: {},يرجى التحقق من قيم المرشح المحددة لمخطط لوحة المعلومات: {},
Please enable pop-ups in your browser,يرجى تمكين النوافذ المنبثقة في متصفحك,
Please find attached {0}: {1},يرجى الاطلاع على المرفق {0}: {1},
Please select applicable Doctypes,يرجى اختيار الأساليب المناسبة,
Portrait,صورة,
Press Alt Key to trigger additional shortcuts in Menu and Sidebar,اضغط على مفتاح Alt لتشغيل اختصارات إضافية في القائمة والشريط الجانبي,
Print Settings...,إعدادات الطباعة...,
Producer Document Name,اسم وثيقة المنتج,
Producer URL,عنوان الرابط للمنتج,
Property Depends On,الملكية تعتمد على,
Pull from Google Calendar,سحب من تقويم جوجل,
Pull from Google Contacts,سحب من اتصالات جوجل,
Pulled from Google Calendar,تم سحبها من تقويم Google,
Pulled from Google Contacts,سحبت من اتصالات جوجل,
Push to Google Calendar,اضغط على تقويم Google,
Push to Google Contacts,اضغط على جهات اتصال Google,
Queue / Worker,طابور / عامل,
RAW Information Log,سجل معلومات RAW,
Raw Printing Settings...,إعدادات الطباعة الخام...,
Read Only Depends On,قراءة يعتمد فقط على,
Recent Activity,النشاط الأخير,
Reference document has been cancelled,تم الغاء الوثيقة المرجعية,
Reload File,إعادة تحميل الملف,
Remote Document Type,نوع المستند البعيد,
"Renamed files and replaced code in controllers, please check!",إعادة تسمية الملفات ورمز استبدالها في وحدات التحكم، يرجى مراجعة!,
Repeat on Last Day of the Month,كرر في اليوم الأخير من الشهر,
Repeats {0},يكرر {0},
Report Information,تقرير المعلومات,
Report with more than 10 columns looks better in Landscape mode.,التقرير مع أكثر من 10 أعمدة تبدو أفضل في وضع أفقي.,
Request Structure,طلب هيكل,
Restricted,محدد,
Restrictions,قيود,
Resync,المزامنة,
Row Number,رقم الصف,
Row {0},الصف {0},
Run Jobs only Daily if Inactive For (Days),شغِّل الوظائف فقط يوميًا إذا كان غير نشط (أيام),
SMS was not sent. Please contact Administrator.,لم يتم إرسال الرسائل القصيرة. يرجى الاتصال المسؤول.,
Saved Successfully,حفظ بنجاح,
Scheduled Job,الوظيفة المجدولة,
Scheduled Job Log,سجل الوظائف المجدولة,
Scheduled Job Type,نوع الوظيفة المجدولة,
Scheduler Inactive,المجدول غير نشط,
Scheduler is inactive. Cannot import data.,المجدول غير نشط. لا يمكن استيراد البيانات.,
Script Manager,مدير البرنامج النصي,
Script Type,نوع البرنامج النصي,
Search Priorities,أولويات البحث,
Search Source Text,بحث نص المصدر,
Search by filename or extension,البحث عن طريق اسم الملف أو التمديد,
Select Date Range,اختر نطاق التاريخ,
Select Field,اختر المجال,
Select Field...,اختر الحقل...,
Select Filters,اختر المرشحات,
Select Google Calendar to which event should be synced.,حدد تقويم Google للحدث الذي يجب مزامنته.,
Select Google Contacts to which contact should be synced.,حدد جهات اتصال Google التي يجب مزامنتها مع جهة الاتصال.,
Select Group By...,اختر مجموعة حسب...,
Select Mandatory,حدد إلزامية,
Select atleast 2 actions,حدد على الأقل 2 الإجراءات,
Select list item,حدد عنصر القائمة,
Select multiple list items,حدد عناصر قائمة متعددة,
Send an email to {0} to link it here,أرسل بريدًا إلكترونيًا إلى {0} لربطه هنا,
Server Action,عمل الخادم,
Server Script,خادم النصي,
Session Default,الجلسة الافتراضية,
Session Default Settings,إعدادات الجلسة الافتراضية,
Session Defaults,الجلسة الافتراضية,
Session Defaults Saved,تم حفظ الإعدادات الافتراضية للجلسة,
Set as Default Theme,تعيين كالموضوع الافتراضي,
Setting up Global Search documents.,إعداد وثائق البحث العالمي.,
Show Document,عرض المستند,
Show Failed Logs,إظهار السجلات الفاشلة,
Show Keyboard Shortcuts,إظهار اختصارات لوحة المفاتيح,
Show More Activity,عرض المزيد من النشاط,
Show Traceback,إظهار التتبع,
Show Warnings,إظهار التحذيرات,
Showing only first {0} rows out of {1},إظهار أول صف {0} فقط من {1},
"Simple Python Expression, Example: Status in (""Invalid"")","تعبير Python البسيط، مثال: الحالة في (""غير صالح"")",
Skipping Untitled Column,تخطي العمود بلا عنوان,
Skipping column {0},عمود التخطي {0},
Social Home,الصفحة الرئيسية الاجتماعية,
Some columns might get cut off when printing to PDF. Try to keep number of columns under 10.,قد تنقطع بعض الأعمدة عند الطباعة إلى PDF. حاول الحفاظ على عدد الأعمدة أقل من 10.,
Something went wrong during the token generation. Click on {0} to generate a new one.,حدث خطأ ما أثناء الجيل المميز. انقر على {0} لإنشاء واحدة جديدة.,
Submit After Import,إرسال بعد الاستيراد,
Submitting...,تقديم...,
Success! You are good to go 👍,نجاح! أنت جيد للذهاب 👍,
Successful Transactions,المعاملات الناجحة,
Successfully Submitted!,قدمت بنجاح!,
Successfully imported {0} record.,تم استيراد سجل {0} بنجاح.,
Successfully imported {0} records.,تم استيراد سجلات {0} بنجاح.,
Successfully updated {0} record.,تم تحديث السجل بنجاح {0}.,
Successfully updated {0} records.,تم تحديث سجلات {0} بنجاح.,
Sync Calendar,مزامنة التقويم,
Sync Contacts,مزامنة جهات الاتصال,
Sync with Google Calendar,مزامنة مع تقويم Google,
Sync with Google Contacts,مزامنة مع جهات اتصال Google,
Synced,مزامن,
Syncing,المزامنة,
Syncing {0} of {1},مزامنة {0} من {1},
Tag Link,علامة الارتباط,
Take Backup,خذ نسخة احتياطية,
Template Error,خطأ في القالب,
Template Options,خيارات القالب,
Template Warnings,تحذيرات القالب,
The Auto Repeat for this document has been disabled.,تم تعطيل التكرار التلقائي لهذا المستند.,
The following records needs to be created before we can import your file.,يجب إنشاء السجلات التالية قبل أن نتمكن من استيراد ملفك.,
The mapping configuration between two doctypes.,تكوين التعيين بين اثنين من الأساليب.,
The site which is consuming your events.,الموقع الذي يستهلك الأحداث الخاصة بك.,
The site you want to subscribe to for consuming events.,الموقع الذي تريد الاشتراك فيه لاستهلاك الأحداث.,
The webhook will be triggered if this expression is true,سيتم تشغيل webhook إذا كان هذا التعبير صحيحًا,
The {0} is already on auto repeat {1},{0} قيد التكرار التلقائي {1},
There are some linked records which needs to be created before we can import your file. Do you want to create the following missing records automatically?,هناك بعض السجلات المرتبطة التي يجب إنشاؤها قبل أن نتمكن من استيراد ملفك. هل تريد إنشاء السجلات المفقودة التالية تلقائيًا؟,
There should be atleast one row for the following tables: {0},يجب أن يكون هناك صف واحد على الأقل للجداول التالية: {0},
There should be atleast one row for {0} table,يجب أن يكون هناك صف واحد على الأقل لجدول {0},
This action is only allowed for {},هذا الإجراء مسموح به فقط لـ {},
This cannot be undone,هذا لا يمكن التراجع عنها,
Time Format,تنسيق الوقت,
Time series based on is required to create a dashboard chart,مطلوب سلسلة زمنية بناءً على إنشاء مخطط لوحة معلومات,
Time {0} must be in format: {1},يجب أن يكون الوقت {0} بالتنسيق: {1},
"To configure Auto Repeat, enable ""Allow Auto Repeat"" from {0}.","لتهيئة التكرار التلقائي، قم بتمكين ""السماح بالتكرار التلقائي"" من {0}.",
To enable it follow the instructions in the following link: {0},لتمكينه، اتبع التعليمات في الرابط التالي: {0},
"To use Google Calendar, enable {0}.",لاستخدام تقويم Google، قم بتمكين {0}.,
"To use Google Contacts, enable {0}.",لاستخدام جهات اتصال Google، قم بتمكين {0}.,
"To use Google Drive, enable {0}.",لاستخدام Google Drive، قم بتمكين {0}.,
Today's Events,أحداث اليوم,
Toggle Public/Private,تبديل عامة / الخاصة,
Tracks milestones on the lifecycle of a document if it undergoes multiple stages.,يتتبع المعالم في دورة حياة المستند إذا مر بمراحل متعددة.,
Tree structures are implemented using Nested Set,يتم تطبيق بنيات الشجرة باستخدام مجموعة متداخلة,
Trigger Primary Action,الزناد العمل الأساسي,
URL for documentation or help,عنوان الرابط للتوثيق أو المساعدة,
URL must start with 'http://' or 'https://',"يجب أن يبدأ عنوان الرابط بـ ""http: //"" أو ""https: //""",
Unchanged,دون تغيير,
Unpin,إزالة التثبيت,
Untitled Column,عمود بلا عنوان,
Untranslated,غير مترجم,
Upcoming Events,الأحداث القادمة,
Update Existing Records,تحديث السجلات الموجودة,
Update Type,نوع التحديث,
Updated To A New Version 🎉,تم التحديث إلى إصدار جديد 🎉,
"Updating {0} of {1}, {2}",تحديث {0} من {1}، {2},
Upload file,رفع ملف,
Upload {0} files,قم برفع {0} الملفات,
Uploaded To Google Drive,تم الرفع إلى Google Drive,
Uploaded successfully,تم الرفع بنجاح,
Uploading {0} of {1},تحميل {0} من {1},
Use SSL for Outgoing,استخدام طبقة المقابس الآمنة للخارج,
Use Same Name,استخدم نفس الاسم,
Used For Google Maps Integration.,يستخدم لتكامل خرائط جوجل.,
User ID Property,خاصية معرف المستخدم,
User Profile,ملف تعريفي للمستخدم,
User Settings,إعدادات المستخدم,
User does not exist,المستخدم غير موجود,
User {0} has requested for data deletion,طلب المستخدم {0} حذف البيانات,
Users assigned to the reference document will get points.,سيحصل المستخدمون المعينون في المستند المرجعي على نقاط.,
Value must be one of {0},يجب أن تكون القيمة واحدة من {0},
Value {0} missing for {1},القيمة {0} مفقودة لـ {1},
Verification,التحقق,
Verification Code,شيفرة التأكيد,
Verification code email not sent. Please contact Administrator.,لم يتم إرسال رمز التحقق. يرجى الاتصال المسؤول.,
Verified,التحقق,
Verifier,المدقق,
View Full Log,عرض السجل الكامل,
"View Log of all print, download and export events",عرض سجل لجميع أحداث الطباعة وتنزيل وتصدير,
Visit Web Page,زيارة صفحة الويب,
Webhook Secret,Webhook Secret,
Webhook Security,Webhook الأمن,
Webhook Trigger,Webhook Trigger,
Weekly Long,أسبوعي طويل,
"When enabled this will allow guests to upload files to your application, You can enable this if you wish to collect files from user without having them to log in, for example in job applications web form.",عند التمكين، سيتيح ذلك للضيوف تحميل الملفات إلى التطبيق الخاص بك، يمكنك تمكين هذا إذا كنت ترغب في جمع الملفات من المستخدم دون الحاجة إلى تسجيل الدخول، على سبيل المثال في نموذج ويب تطبيقات الوظائف.,
Will run scheduled jobs only once a day for inactive sites. Default 4 days if set to 0.,سيتم تشغيل المهام المجدولة مرة واحدة فقط يوميًا للمواقع غير النشطة. الافتراضي 4 أيام إذا تم تعيينه على 0.,
Workflow Status,حالة سير العمل,
You are not allowed to export {} doctype,غير مسموح لك بتصدير النمط {},
You can try changing the filters of your report.,يمكنك محاولة تغيير عوامل تصفية تقريرك.,
You do not have permissions to cancel all linked documents.,ليس لديك أذونات لإلغاء كافة المستندات المرتبطة.,
You need to create these first: ,تحتاج إلى إنشاء هذه أولاً:,
You need to enable JavaScript for your app to work.,تحتاج إلى تمكين JavaScript لتشغيل تطبيقك.,
You need to install pycups to use this feature!,تحتاج إلى تثبيت pycups لاستخدام هذه الميزة!,
Your Target,الهدف الخاص بك,
"browse,",تصفح،,
cancelled this document {0},ألغيت هذه الوثيقة {0},
changed value of {0} {1},القيمة المتغيرة {0} {1},
changed values for {0} {1},القيم المتغيرة لـ {0} {1},
choose an,اختيار,
empty,فارغة,
of,من,
or attach a,أو إرفاق,
submitted this document {0},قدم هذه الوثيقة {0},
"tag name..., e.g. #tag",اسم العلامة...، على سبيل المثال #tag,
uploaded file,ملف تم الرفع,
via Data Import,عبر استيراد البيانات,
{0} Google Calendar Events synced.,{0} تمت مزامنة أحداث تقويم Google.,
{0} Google Contacts synced.,{0} مزامنة جهات اتصال Google.,
{0} are mandatory fields,{0} هي حقول إلزامية,
{0} are required,{0} مطلوبة,
{0} assigned a new task {1} {2} to you,{0} خصص مهمة جديدة {1} {2} لك,
{0} gained {1} point for {2} {3},{0} حصل على {1} نقطة لـ {2} {3},
{0} gained {1} points for {2} {3},{0} حصل على {1} نقاط لـ {2} {3},
{0} has no versions tracked.,{0} لا يحتوي على إصدارات متعقبة.,
{0} is not a valid report format. Report format should one of the following {1},{0} ليس تنسيق تقرير صالحًا. يجب أن يكون تنسيق التقرير مما يلي {1},
{0} mentioned you in a comment in {1} {2},{0} ذكرتك في تعليق في {1} {2},
{0} of {1} ({2} rows with children),{0} من {1} ({2} صفوف تحتوي على أطفال),
{0} records will be exported,سيتم تصدير {0} السجلات,
{0} shared a document {1} {2} with you,{0} شارك مستند {1} {2} معك,
{0} should not be same as {1},{0} يجب ألا يكون مطابقًا لـ {1},
{0} translations pending,{0} ترجمات معلقة,
{0} {1} is linked with the following submitted documents: {2},{0} {1} مرتبط بالمستندات المرسلة التالية: {2},
"{0}: Failed to attach new recurring document. To enable attaching document in the auto repeat notification email, enable {1} in Print Settings",{0}: فشل في إرفاق وثيقة متكررة جديدة. لتمكين إرفاق المستند في رسالة البريد الإلكتروني لإشعار التكرار التلقائي، قم بتمكين {1} في إعدادات الطباعة,
{0}: Fieldname cannot be one of {1},{0}: اسم الحقل لا يمكن أن يكون أحد {1},
{} Complete,{} اكتمال,
← Back to upload files,← الرجوع إلى تحميل الملفات,
Activity,نشاط,
Add / Manage Email Accounts.,إضافة / إدارة حسابات البريد الإلكتروني.,
Add Child,إضافة الطفل,
Add Multiple,إضافة متعددة,
Add Participants,أضف مشاركين,
Added {0} ({1}),وأضاف {0} ({1}),
Address Line 1,العنوان (سطر 1),
Addresses,عناوين,
All,الكل,
Brand,العلامة التجارية,
Browse,تصفح,
Cancelled,ملغي,
Chart,خريطة,
Close,إغلاق,
Communication,الاتصالات,
Compact Item Print,مدمجة الصنف طباعة,
Company,الشركة,
Complete,أكمال,
Completed,مكتمل,
Continue,استمر,
Country,الدولة,
Creating {0},إنشاء {0},
Currency,العملة,
Customize,تخصيص,
Daily,يوميا,
Date,التاريخ,
Dear,العزيز,
Default,الافتراضي,
Delete,حذف,
Description,البيان,
Designation,المسمى الوظيفي,
Disabled,معطّل,
Doctype,نوع المستند,
Download Template,تحميل الوثيقة,
Dr,Dr,
Due Date,تاريخ الاستحقاق,
Duplicate,نسخ,
Edit Profile,تعديل الملف الشخصي,
Email,البريد الإلكتروني,
End Time,وقت الانتهاء,
Enter Value,أدخل القيمة,
Entity Type,نوع الكيان,
Error,خطأ,
Expired,منتهي الصلاحية,
Export,تصدير,
Export not allowed. You need {0} role to export.,الصادرات غير مسموح به. تحتاج {0} صلاحية التصدير.,
Fetching...,جلب...,
Field,حقل,
File Manager,مدير الملفات,
Filters,فلاتر,
Get Items,جلب الأصناف,
Goal,الهدف,
Group,مجموعة,
Group Node,عقدة المجموعة,
Help,مساعدة,
Help Article,صفحة المساعدة,
Home,الرئيسية,
Import Data from CSV / Excel files.,استيراد البيانات من ملفات CSV / Excel.,
In Progress,في تَقَدم,
Intermediate,متوسط,
Invite as User,دعوة كمستخدم,
"It seems that there is an issue with the server's stripe configuration. In case of failure, the amount will get refunded to your account.",يبدو أن هناك مشكلة في تكوين شريطية للخادم. في حالة الفشل، سيتم رد المبلغ إلى حسابك.,
Loading...,تحميل...,
Location,الموقع,
Looks like someone sent you to an incomplete URL. Please ask them to look into it.,يبدو مثل شخص أرسل لك إلى عنوان الرابط غير مكتمل. من فضلك اطلب منهم للنظر في ذلك.,
Master,سيد,
Message,رسالة,
Missing Values Required,قيم مفقودة مطلوبة,
Mobile No,رقم الجوال,
Month,شهر,
Name,الاسم,
Newsletter,النشرة الإخبارية,
Not Allowed,غير مسموح,
Note,ملاحظات,
Offline,غير متصل بالإنترنت,
Open,مفتوح,
Page {0} of {1},الصفحة {0} من {1},
Pay,دفع,
Pending,قيد الانتظار,
Phone,الهاتف,
Please click on the following link to set your new password,الرجاء الضغط على الرابط التالي لتعيين كلمة المرور الجديدة,
Please select another payment method. Stripe does not support transactions in currency '{0}',يرجى تحديد طريقة دفع أخرى. Stripe لا يدعم المعاملات بالعملة '{0}',
Please specify,رجاء حدد,
Printing,طبع,
Priority,أفضلية,
Project,مشروع,
Quarterly,فصلي,
Queued,قائمة الانتظار,
Quick Entry,إدخال سريع,
Reason,سبب,
Refreshing,جاري التحديث,
Rename,إعادة تسمية,
Reset,إعادة تعيين,
Review,إعادة النظر,
Room,قاعة,
Room Type,نوع الغرفة,
Save,حفظ,
Search results for,نتائج البحث عن,
Select All,تحديد الكل,
Send,إرسال,
Sending,إرسال,
Server Error,خطأ في الخادم,
Set,مجموعة,
Setup,الإعدادات,
Setup Wizard,معالج الإعدادات,
Size,حجم,
Sr,ر.ت,
Start,بداية,
Start Time,بداية الوقت,
Status,الحالة,
Submitted,معتمد,
Tag,بطاقة شعار,
Template,قالب,
Thursday,الخميس,
Title,اللقب,
Total,الإجمالي,
Totals,الإجماليات,
Tuesday,الثلاثاء,
Type,النوع,
Update,تحديث,
User {0} is disabled,المستخدم {0} تم تعطيل,
Users and Permissions,المستخدمين والصلاحيات,
Warehouse,مستودع,
Welcome to {0},أهلا وسهلا بك إلى {0},
Year,عام,
Yearly,سنويا,
You,أنت,
You can also copy-paste this link in your browser,يمكنك أيضا نسخ - لصق هذا الرابط في متصفحك,
and,و,
{0} Name,{0} الاسم,
{0} is required,{0} مطلوب,
ALL,جميع,
Attach File,إرفاق ملف,
Barcode,الباركود,
Beginning with,بداية من,
Bold,بالخط العريض,
CANCELLED,ملغي,
Calendar,تقويم,
Center,مركز,
Clear,واضح,
Comment,تعليق,
Comments,تعليقات,
DRAFT,مسودة,
Dashboard,لوحة المعلومات,
DocType,نوع المستند,
Download,تحميل,
EMail,البريد الإلكتروني,
Edit in Full Page,تحرير في صفحة كاملة,
Email Inbox,البريد الوارد,
File,ملف,
Forward,إلى الأمام,
Icon,أيقونة,
In,في,
Inbox,صندوق الوارد,
Insert New Records,أدخل سجلات جديدة,
JavaScript,جافا سكريبت,
LDAP Settings,إعدادات LDAP,
Left,ترك,
Like,مثل,
Link,حلقة الوصل,
Logged in,تسجيل الدخول,
New,جديد,
Not Found,لم يتم العثور على,
Not Like,لا تعجبني,
Notify by Email,الإخطار عن طريق البريد الإلكتروني,
Now,الآن,
Off,إيقاف,
One of,واحد من,
Page,الصفحة,
Print,طباعة,
Reference Name,اسم الإشارة,
Refresh,تحديث,
Repeat,كرر,
Right,حق,
Roles HTML,الأدوار HTML,
Scheduled To Send,من المقرر أن ترسل,
Search Results for ,نتائج البحث عن,
Send Notification To,إرسال إشعار ل,
Success,نجاح,
Tags,بطاقات,
Time,زمن,
Updated Successfully,تم التحديث بنجاح,
Upload,رفع,
User ,المستخدم,
Value,القيمة,
Web Link,رابط موقع,
Your Email Address,عنوان البريد الإلكتروني الخاص بك,
Desktop,سطح المكتب,
Usage Info,معلومات الاستخدام,
Download Backups,تحميل النسخ الاحتياطية,
Recorder,مسجل,
Role Permissions Manager,مدير ضوابط الصلاحيات,
Translation Tool,أداة الترجمة,
Awaiting password,في انتظار كلمة المرور,
Current status,الحالة الحالية,
Download template,تحميل الوثيقة,
Edit in full page,التحرير في صفحة كاملة,
Email Id,البريد الإلكتروني,
Email address,البريد الإلكتروني,
Ends on,ينتهي في,
Half-yearly,نصف سنوي,
Hidden,مخفي,
Javascript,جافا سكريبت,
Ldap settings,إعدادات Ldap,
Mobile number,رقم الهاتف المحمول,
Mx,MX,
No,لا,
Not found,لم يتم العثور على,
Notes:,ملاحظات:,
Notify by email,إبلاغ عبر البريد الإلكتروني,
Permitted Documents For User,المستندات المسموح بها للمستخدم,
Reference Docname,إشارة اسم المستند,
Reference Doctype,مرجع نوع المستند,
Reference name,اسم المرجع,
Roles Html,أدوار Html,
Row #,الصف #,
Scheduled to send,من المقرر أن ترسل,
Select Doctype,حدد نوع المستند,
Send Email for Successful backup,إرسال بريد إلكتروني للنجاح النسخ الاحتياطي,
Sign up,سجل,
Time format,تنسيق الوقت,
Upload failed,فشل في رفع الملف,
User Id,تعريف المستخدم,
Yes,نعم,
Your email address,عنوان بريدك الإلكتروني,
added,وأضاف,
added {0},تم اضافة {0},
barcode,الباركود,
beginning with,بدء ب,
blue,أزرق,
bold,جريء,
book,كتاب,
calendar,التقويم,
certificate,شهادة,
check,تحقق,
clear,واضح,
comment,تعليق,
comments,تعليقات,
created,أنشأ,
danger,خطر,
dashboard,لوحة القيادة,
download,تحميل,
edit,تصحيح,
email inbox,البريد الوارد,
file,ملف,
filter,فلتر,
flag,علم,
font,الخط,
forward,إلى الأمام,
green,أخضر,
home,الصفحة الرئيسية,
icon,رمز,
inbox,صندوق الوارد,
like,مثل,
link,رابط,
list,قائمة,
lock,قفل,
logged in,تسجيل الدخول,
message,رسالة,
module,إضافة,
move,نقل,
music,موسيقى,
new,جديد,
now,الآن,
off,بعيدا,
one of,واحدة من,
orange,البرتقالي,
page,صفحة,
print,طباعة,
purple,أرجواني,
random,عشوائي,
red,أحمر,
refresh,تحديث,
remove,إزالة المرشح,
response,استجابة,
search,بحث,
share,مشاركة,
stop,توقف,
success,نجاح,
tag,بطاقة,
tags,العلامات,
tasks,مهام,
time,الوقت,
trash,القمامة,
upload,رفع,
user,مستخدم,
value,قيمة,
web link,ارتباط ويب,
yellow,الأصفر,
Not permitted,غير مسموح به,
Add Chart to Dashboard,إضافة مخطط إلى لوحة القيادة,
Add to Dashboard,إضافة إلى لوحة القيادة,
Google Translation,ترجمة جوجل,
Important,مهم,
No Filters Set,لا توجد فلاتر,
No Records Created,لا سجلات تم إنشاؤها,
Please Set Chart,يرجى وضع الرسم البياني,
Please create chart first,يرجى إنشاء الرسم البياني أولا,
"Report has no data, please modify the filters or change the Report Name",لا يحتوي التقرير على بيانات، يرجى تعديل الفلاتر أو تغيير اسم التقرير,
Select Dashboard,اختر لوحة القيادة,
Y Field,Y الميدان,
You need to be in developer mode to edit this document,يجب أن تكون في وضع المطور لتحرير هذا المستند,
Cards,بطاقات,
Community Contribution,مساهمة المجتمع,
Count Filter,عد مرشح,
Dashboard Chart Field,حقل مخطط لوحة القيادة,
Desk Card,بطاقة مكتب,
Desk Chart,مكتب الرسم البياني,
Desk Page,مكتب الصفحة,
Desk Shortcut,مكتب اختصار,
Developer Mode Only,وضع المطور فقط,
Disable User Customization,تعطيل تخصيص المستخدم,
For example: {} Open,على سبيل المثال: {} فتح,
Link Cards,بطاقات الارتباط,
Link To,رابط ل,
Onboarding,على متن الطائرة,
Percentage,النسبة المئوية,
Pie,فطيرة,
Pin To Bottom,دبوس إلى أسفل,
Pin To Top,دبوس الى أعلى الصفحة,
Restrict to Domain,تقييد النطاق,
Shortcuts,اختصارات,
X Field,X الميدان,
Y Axis,المحور ص,
workspace,مساحة العمل,
Setup > User,الإعداد&gt; المستخدم,
Setup > Customize Form,الإعداد&gt; تخصيص النموذج,
Setup > User Permissions,الإعداد&gt; صلاحيات المستخدم,
"Error connecting to QZ Tray Application...<br><br> You need to have QZ Tray application installed and running, to use the Raw Print feature.<br><br><a target=""_blank"" href=""https://qz.io/download/"">Click here to Download and install QZ Tray</a>.<br> <a target=""_blank"" href=""https://erpnext.com/docs/user/manual/en/setting-up/print/raw-printing"">Click here to learn more about Raw Printing</a>.","خطأ في الاتصال بـ QZ Tray Application...<br><br>تحتاج إلى تثبيت تطبيق QZ Tray وتشغيله لاستخدام ميزة Raw Print.<br><br><a href=""https://qz.io/download/"" target=""_blank"">انقر هنا لتنزيل وتثبيت QZ Tray</a>.<br><a href=""https://erpnext.com/docs/user/manual/en/setting-up/print/raw-printing"" target=""_blank"">انقر هنا لمعرفة المزيد عن الطباعة الخام</a>.",
No email account associated with the User. Please add an account under User > Email Inbox.,لا يوجد حساب بريد إلكتروني مرتبط بالمستخدم. الرجاء إضافة حساب ضمن المستخدم&gt; البريد الوارد للبريد الإلكتروني.,
"For comparison, use >5, <10 or =324. For ranges, use 5:10 (for values between 5 & 10).",للمقارنة، استخدم&gt; 5، &lt;10 أو = 324. للنطاقات، استخدم 5:10 (للقيم بين 5 و 10).,
No default Address Template found. Please create a new one from Setup > Printing and Branding > Address Template.,لم يتم العثور على قالب عنوان افتراضي. يرجى إنشاء واحدة جديدة من الإعداد&gt; الطباعة والعلامة التجارية&gt; قالب العنوان.,
Please setup default Email Account from Setup > Email > Email Account,يرجى إعداد حساب البريد الإلكتروني الافتراضي من الإعداد&gt; البريد الإلكتروني&gt; حساب البريد الإلكتروني,
Email Account not setup. Please create a new Email Account from Setup > Email > Email Account,حساب البريد الإلكتروني لا الإعداد. يرجى إنشاء حساب بريد إلكتروني جديد من الإعداد&gt; البريد الإلكتروني&gt; حساب البريد الإلكتروني,
Attach file,أرفق ملف,
Contribution Status,حالة المساهمة,
Contribution Document Name,اسم وثيقة المساهمة,
Extends,يمتد,
Extends Another Page,يمتد من صفحة أخرى,
Please select target language for translation,يرجى اختيار اللغة المستهدفة للترجمة,
Select Language,اختيار اللغة,
Confirm Translations,تأكيد الترجمات,
Contributed Translations,الترجمات المساهمة,
Show Tags,أضهر العلامات,
Do not have permission to access {0} bucket.,ليس لديك إذن للوصول إلى حاوية {0}.,
Allow document creation via Email,السماح بإنشاء المستندات عبر البريد الإلكتروني,
Sender Field,حقل المرسل,
Logout All Sessions on Password Reset,تسجيل الخروج من جميع الجلسات عند إعادة تعيين كلمة المرور,
Logout From All Devices After Changing Password,تسجيل الخروج من جميع الأجهزة بعد تغيير كلمة المرور,
Send Notifications For Documents Followed By Me,إرسال إخطارات للمستندات التي اتبعتها,
Send Notifications For Email Threads,إرسال إخطارات لمواضيع البريد الإلكتروني,
Bypass Restricted IP Address Check If Two Factor Auth Enabled,تحقق من تجاوز عنوان IP المقيد إذا تم تمكين مصادقة عاملين,
Reset LDAP Password,إعادة تعيين كلمة مرور LDAP,
Confirm New Password,تأكيد كلمة المرور الجديدة,
Logout All Sessions,تسجيل الخروج من جميع الجلسات,
Passwords do not match!,كلمة المرور غير مطابقة!,
Dashboard Manager,مدير لوحة القيادة,
Dashboard Settings,اعدادات اللوحة الرئيسية,
Chart Configuration,تكوين الرسم البياني,
No Permitted Charts on this Dashboard,لا توجد مخططات مسموح بها في لوحة المعلومات هذه,
No Permitted Charts,لا توجد مخططات مسموح بها,
Reset Chart,إعادة تعيين المخطط,
via {0},عبر {0},
{0} is not a valid Phone Number,{0} ليس رقم هاتف صالحًا,
Failed Transactions,المعاملات الفاشلة,
Value for field {0} is too long in {1}. Length should be lesser than {2} characters,قيمة الحقل {0} طويلة جدًا في {1}. يجب أن يكون الطول أقل من {2} حرف,
Data Too Long,البيانات طويلة جدًا,
via Notification,عبر الإخطار,
Log in to access this page.,تسجيل الدخول للوصول إلى هذه الصفحة.,
Report Document Error,تقرير خطأ في المستند,
{0} is an invalid Data field.,{0} هو حقل بيانات غير صالح.,
Only Options allowed for Data field are:,الخيارات المسموح بها لحقل البيانات فقط هي:,
Select a valid Subject field for creating documents from Email,حدد حقل موضوع صالحًا لإنشاء المستندات من البريد الإلكتروني,
"Subject Field type should be Data, Text, Long Text, Small Text, Text Editor",يجب أن يكون نوع حقل الموضوع بيانات، نص، نص طويل، نص صغير، محرر نص,
Select a valid Sender Field for creating documents from Email,حدد حقل مرسل صالحًا لإنشاء المستندات من البريد الإلكتروني,
Sender Field should have Email in options,يجب أن يحتوي حقل المرسل على البريد الإلكتروني في الخيارات,
Password changed successfully.,تم تغيير الرقم السري بنجاح.,
Failed to change password.,فشل تغيير كلمة المرور.,
No Entry for the User {0} found within LDAP!,لم يتم العثور على إدخال للمستخدم {0} في LDAP!,
No LDAP User found for email: {0},لم يتم العثور على مستخدم LDAP للبريد الإلكتروني: {0},
Prepared Report User,إعداد تقرير المستخدم,
Scheduler Event,حدث المجدول,
Select Event Type,حدد نوع الحدث,
Schedule Script,جدولة البرنامج النصي,
Duration,المدة الزمنية,
Donut,الدونات,
Custom Options,خيارات مخصصة,
"Ex: ""colors"": [""#d1d8dd"", ""#ff5858""]","مثال: ""الألوان"": [""# d1d8dd""، ""# ff5858""]",
Confirmation Email Template,نموذج البريد الإلكتروني للتأكيد,
Welcome Email Template,ترحيب قالب البريد الإلكتروني,
Schedule Send,جدولة الإرسال,
Do you really want to send this email newsletter?,هل تريد حقًا إرسال هذه النشرة الإخبارية عبر البريد الإلكتروني؟,
Advanced Settings,إعدادات متقدمة,
Disable Comments,تعطيل التعليقات,
Comments on this blog post will be disabled if checked.,سيتم تعطيل التعليقات على منشور المدونة هذا إذا تم تحديدها.,
CSS Class,فئة CSS,
Full Width,العرض الكامل,
Page Builder,منشئ الصفحة,
Page Building Blocks,كتل إنشاء الصفحة,
Header and Breadcrumbs,رأس وفتات الخبز,
Add Custom Tags,إضافة علامات مخصصة,
Web Page Block,كتلة صفحة الويب,
Web Template,قالب الويب,
Edit Values,تحرير القيم,
Web Template Values,قيم قالب الويب,
Add Container,أضف الحاوية,
Web Page View,عرض صفحة الويب,
Path,مسار,
Referrer,المرجع,
Browser,المستعرض,
Browser Version,إصدار المستعرض,
Web Template Field,حقل قالب الويب,
Section,الجزء,
Hide,إخفاء,
Enable In App Website Tracking,تمكين تتبع موقع التطبيق,
Enable Google Indexing,تمكين فهرسة Google,
"To use Google Indexing, enable <a href=""#Form/Google Settings"">Google Settings</a>.","لاستخدام فهرسة Google، قم بتمكين <a href=""#Form/Google Settings"">إعدادات Google</a>.",
Authorize API Indexing  Access,تخويل الوصول إلى فهرسة API,
Indexing Refresh Token,رمز تحديث الفهرسة,
Indexing Authorization Code,رمز ترخيص الفهرسة,
Theme Configuration,تكوين الموضوع,
Font Properties,خصائص الخط,
Button Rounded Corners,زوايا دائرية بأزرار,
Button Shadows,زر الظلال,
Button Gradients,تدرجات الزر,
Light Color,لون فاتح,
Stylesheet,ورقة الأنماط,
Custom SCSS,SCSS مخصص,
Navbar,نافبار,
Source Message,رسالة المصدر,
Translated Message,رسالة مترجمة,
Verified By,التحقق من,
Using this console may allow attackers to impersonate you and steal your information. Do not enter or paste code that you do not understand.,قد يسمح استخدام وحدة التحكم هذه للمهاجمين بانتحال هويتك وسرقة معلوماتك. لا تدخل أو تلصق رمزًا لا تفهمه.,
{0} m,{0} م,
{0} h,{0} ح,
{0} d,{0} د,
{0} w,{0} ث,
{0} M,{0} م,
{0} y,{0} ص,
yesterday,في الامس,
{0} years ago,قبل {0} سنة,
New Chart,مخطط جديد,
New Shortcut,اختصار جديد,
Edit Chart,تحرير المخطط,
Edit Shortcut,تحرير الاختصار,
Couldn't Load Desk,تعذر تحميل المكتب,
"Something went wrong while loading Desk. <b>Please relaod the page</b>. If the problem persists, contact the Administrator",حدث خطأ ما أثناء تحميل Desk. <b>الرجاء إعادة الصفحة</b>. إذا استمرت المشكلة، فاتصل بالمسؤول,
Customize Workspace,تخصيص مساحة العمل,
Customizations Saved Successfully,تم حفظ التخصيصات بنجاح,
Something went wrong while saving customizations,حدث خطأ ما أثناء حفظ التخصيصات,
{} Dashboard,{} لوحة القيادة,
No changes in document,لا توجد تغييرات في المستند,
by Role,حسب الدور,
Document is only editable by users with role,المستند قابل للتحرير فقط من قبل المستخدمين ذوي الدور,
{0}: Other permission rules may also apply,{0}: قد تنطبق قواعد أذونات أخرى أيضًا,
{0} Page Views,{0} مشاهدات الصفحة,
Expand,وسعت,
Collapse,انهيار,
"Invalid Bearer token, please provide a valid access token with prefix 'Bearer'.","رمز الحامل غير صالح، يرجى تقديم رمز وصول صالح مع البادئة ""Bearer"".",
"Failed to decode token, please provide a valid base64-encoded token.",فشل فك الرمز المميز، يرجى تقديم رمز مميز صالح بترميز base64.,
"Invalid token, please provide a valid token with prefix 'Basic' or 'Token'.","رمز غير صالح، يرجى تقديم رمز صالح مع البادئة ""أساسي"" أو ""رمز مميز"".",
{0} is not a valid Name,{0} ليس اسمًا صالحًا,
Your system is being updated. Please refresh again after a few moments.,يتم تحديث نظامك. يرجى التحديث مرة أخرى بعد لحظات قليلة.,
{0} {1}: Submitted Record cannot be deleted. You must {2} Cancel {3} it first.,{0} {1}: لا يمكن حذف السجل المقدم. يجب عليك {2} إلغاء {3} أولاً.,
Invalid naming series (. missing) for {0},سلسلة تسمية غير صالحة (. مفقود) لـ {0},
Error has occurred in {0},حدث خطأ في {0},
Status Updated,تم تحديث الحالة,
You can also copy-paste this {0} to your browser,يمكنك أيضًا نسخ {0} هذا ولصقه في متصفحك,
Enabled scheduled execution for script {0},تمكين التنفيذ المجدول للنص {0},
Scheduled execution for script {0} has updated,تم تحديث التنفيذ المجدول للنص {0},
The Link specified has either been used before or Invalid,تم استخدام الارتباط المحدد من قبل أو غير صالح,
Options for {0} must be set before setting the default value.,يجب تعيين خيارات {0} قبل تعيين القيمة الافتراضية.,
Default value for {0} must be in the list of options.,يجب أن تكون القيمة الافتراضية لـ {0} في قائمة الخيارات.,
Google Indexing has been configured.,تم تكوين فهرسة Google.,
Allow API Indexing Access,السماح بالوصول إلى فهرسة API,
Allow Google Indexing Access,السماح بالوصول إلى فهرسة Google,
Custom Documents,المستندات المخصصة,
Could not save customization,تعذر حفظ التخصيص,
Transgender,المتحولين جنسيا,
Genderqueer,الجنس,
Non-Conforming,عدم المطابقة,
Prefer not to say,افضل عدم القول,
Is Billing Contact,هو جهة اتصال الفوترة,
Address And Contacts,العنوان و جهات الاتصال,
Lead Conversion Time,وقت تحويل الزبون المحتمل,
Due Date Based On,تاريخ الاستحقاق بناءً على,
Phone Number,رقم الهاتف,
Linked Documents,المستندات المرتبطة,
Account SID,حساب SID,
Steps,خطوات,
email,البريد الإلكتروني,
Component,مكون,
Subtitle,عنوان فرعي,
Global Defaults,افتراضيات العالمية,
Prefix,بادئة,
Is Public,عام,
This chart will be available to all Users if this is set,سيكون هذا المخطط متاحًا لجميع المستخدمين إذا تم تعيين هذا,
Number Card,بطاقة رقم,
Function,وظيفة,
Minimum,الحد الأدنى,
Maximum,أقصى,
This card will be available to all Users if this is set,ستكون هذه البطاقة متاحة لجميع المستخدمين إذا تم تعيين ذلك,
Stats,احصائيات,
Show Percentage Stats,إظهار إحصائيات النسبة المئوية,
Stats Time Interval,الفاصل الزمني للإحصائيات,
Show percentage difference according to this time interval,إظهار فرق النسبة المئوية وفقًا لهذا الفاصل الزمني,
Filters Section,قسم المرشحات,
Number Card Link,رابط بطاقة الرقم,
Card,بطاقة,
API Access,الوصول إلى API,
Access Key Secret,الوصول إلى Key Secret,
S3 Bucket Details,تفاصيل دلو S3,
Bucket Name,اسم الجرافة,
Backup Details,تفاصيل النسخ الاحتياطي,
Backup Files,ملفات النسخ الاحتياطي,
Backup public and private files along with the database.,النسخ الاحتياطي للملفات عامة والخاصة مع قاعدة البيانات.,
Set to 0 for no limit on the number of backups taken,اضبط على 0 لعدم وجود حد لعدد النسخ الاحتياطية المأخوذة,
Meta Description,ميتا الوصف,
Meta Image,صورة ميتا,
Google Snippet Preview,معاينة Google Snippet,
This is an example Google SERP Preview.,هذا مثال على معاينة Google SERP.,
Add Gray Background,أضف خلفية رمادية,
Hide Block,إخفاء الحظر,
This Week,هذا الاسبوع,
This Month,هذا الشهر,
This Quarter,هذا الربع,
This Year,هذه السنة,
All Time,كل الوقت,
Select From Date,حدد من تاريخ,
since yesterday,منذ البارحة,
since last week,منذ الأسبوع الماضي,
since last month,منذ اخر شهر,
since last year,منذ السنة الماضية,
Show,تبين,
New Number Card,بطاقة رقم جديدة,
Your Shortcuts,اختصاراتك,
You haven't added any Dashboard Charts or Number Cards yet.,لم تقم بإضافة أي مخططات لوحة معلومات أو بطاقات أرقام حتى الآن.,
Click On Customize to add your first widget,انقر فوق تخصيص لإضافة عنصر واجهة المستخدم الأول الخاص بك,
Are you sure you want to reset all customizations?,هل أنت متأكد أنك تريد إعادة تعيين كافة التخصيصات؟,
"Couldn't save, please check the data you have entered",تعذر الحفظ، يرجى التحقق من البيانات التي أدخلتها,
Validation Error,خطئ في التحقق,
"You can only upload JPG, PNG, PDF, or Microsoft documents.",يمكنك فقط تحميل مستندات JPG أو PNG أو PDF أو Microsoft.,
Reverting length to {0} for '{1}' in '{2}'. Setting the length as {3} will cause truncation of data.,"إعادة الطول إلى {0} لـ ""{1}"" في ""{2}"". تعيين الطول كـ {3} سيؤدي إلى اقتطاع البيانات.",
'{0}' not allowed for type {1} in row {2},"""{0}"" غير مسموح به للنوع {1} في الصف {2}",
Option {0} for field {1} is not a child table,الخيار {0} للحقل {1} ليس جدولًا فرعيًا,
Invalid Option,خيار غير صالح,
Request Body consists of an invalid JSON structure,يتكون نص الطلب من بنية JSON غير صالحة,
Invalid JSON,JSON غير صالح,
Party GSTIN,GSTIN للحزب,
GST State,دولة ضريبة السلع والخدمات,
Andaman and Nicobar Islands,جزر أندامان ونيكوبار,
Andhra Pradesh,ولاية اندرا براديش,
Arunachal Pradesh,اروناتشال براديش,
Assam,آسام,
Bihar,بيهار,
Chandigarh,شانديغار,
Chhattisgarh,تشهاتيسجاره,
Dadra and Nagar Haveli,دادرا وناغار هافيلي,
Daman and Diu,دامان وديو,
Delhi,دلهي,
Goa,غوا,
Gujarat,ولاية غوجارات,
Haryana,هاريانا,
Himachal Pradesh,هيماشال براديش,
Jammu and Kashmir,جامو وكشمير,
Jharkhand,جهارخاند,
Karnataka,كارناتاكا,
Kerala,ولاية كيرالا,
Lakshadweep Islands,جزر لاكشادويب,
Madhya Pradesh,ماديا براديش,
Maharashtra,ماهاراشترا,
Manipur,مانيبور,
Meghalaya,ميغالايا,
Mizoram,ميزورام,
Nagaland,ناجالاند,
Odisha,أوديشا,
Other Territory,إقليم آخر,
Pondicherry,بونديشيري,
Punjab,البنجاب,
Rajasthan,راجستان,
Sikkim,سيكيم,
Tamil Nadu,تاميل نادو,
Telangana,تيلانجانا,
Tripura,تريبورا,
Uttar Pradesh,ولاية أوتار براديش,
Uttarakhand,أوتارانتشال,
West Bengal,ولاية البنغال الغربية,
GST State Number,رقم حالة ضريبة السلع والخدمات,
Import from Google Sheets,استيراد من جداول بيانات Google,
Must be a publicly accessible Google Sheets URL,يجب أن يكون عنوان الرابط الخاص بجداول بيانات Google متاحًا للجميع,
Refresh Google Sheet,قم بتحديث ورقة Google,
Import File Errors and Warnings,استيراد ملف الأخطاء والتحذيرات,
"Successfully imported {0} records out of {1}. Click on Export Errored Rows, fix the errors and import again.",تم بنجاح استيراد {0} من السجلات من {1}. انقر فوق تصدير الصفوف ذات الأخطاء، وأصلح الأخطاء واستورد مرة أخرى.,
"Successfully imported {0} record out of {1}. Click on Export Errored Rows, fix the errors and import again.",تم بنجاح استيراد سجل {0} من {1}. انقر فوق تصدير الصفوف ذات الأخطاء، وأصلح الأخطاء واستورد مرة أخرى.,
"Successfully updated {0} records out of {1}. Click on Export Errored Rows, fix the errors and import again.",تم بنجاح تحديث {0} سجلات من {1}. انقر فوق تصدير الصفوف ذات الأخطاء، وأصلح الأخطاء واستورد مرة أخرى.,
"Successfully updated {0} record out of {1}. Click on Export Errored Rows, fix the errors and import again.",تم بنجاح تحديث سجل {0} من {1}. انقر فوق تصدير الصفوف ذات الأخطاء، وأصلح الأخطاء واستورد مرة أخرى.,
Data Import Legacy,تراث استيراد البيانات,
Documents restored successfully,تمت استعادة المستندات بنجاح,
Documents that were already restored,المستندات التي تمت استعادتها بالفعل,
Documents that failed to restore,المستندات التي فشلت في استعادتها,
Document Restoration Summary,ملخص استعادة المستند,
Hide Days,إخفاء الأيام,
Hide Seconds,إخفاء الثواني,
Hide Border,إخفاء الحدود,
Index Web Pages for Search,فهرس صفحات الويب للبحث,
Action / Route,العمل / الطريق,
Document Naming Rule,قاعدة تسمية الوثيقة,
Rule Conditions,شروط القاعدة,
Digits,أرقام,
Example: 00001,مثال: 00001,
Counter,عداد,
Document Naming Rule Condition,شرط قاعدة تسمية المستند,
Installed Application,التطبيق المثبت,
Application Name,اسم التطبيق,
Application Version,إصدار التطبيق,
Git Branch,فرع جيت,
Installed Applications,التطبيقات المثبتة,
Navbar Item,عنصر Navbar,
Item Label,تسمية الصنف,
Item Type,نوع الصنف,
Separator,فاصل,
Navbar Settings,إعدادات Navbar,
Application Logo,شعار التطبيق,
Logo Width,عرض الشعار,
Dropdowns,هبوط قطرة,
Settings Dropdown,قائمة الإعدادات المنسدلة,
Help Dropdown,قائمة المساعدة المنسدلة,
Query / Script,استعلام / برنامج نصي,
"Filters will be accessible via <code>filters</code>. <br><br>Send output as <code>result = [result]</code>, or for old style <code>data = [columns], [result]</code>","يمكن الوصول إلى <code>filters</code> عبر <code>filters</code>.<br><br>إرسال الإخراج <code>result = [result]</code>، أو <code>data = [columns], [result]</code> النمط القديم <code>data = [columns], [result]</code>",
Client Code,رمز العميل,
Report Column,عمود التقرير,
Report Filter,عامل تصفية التقرير,
Wildcard Filter,مرشح البدل,
"Will add ""%"" before and after the query","ستضيف ""%"" قبل وبعد الاستعلام",
"Route: Example ""/desk""","المسار: مثال ""/ مكتب""",
Enable Onboarding,تمكين Onboarding,
Password Reset Link Generation Limit,حد إنشاء ارتباط إعادة تعيين كلمة المرور,
Hourly rate limit for generating password reset links,حد المعدل بالساعة لإنشاء روابط إعادة تعيين كلمة المرور,
Include Web View Link in Email,إرسال ارتباط عرض الويب للمستند بالبريد الإلكتروني,
Enable Auto-deletion of Prepared Reports,تمكين الحذف التلقائي للتقارير المعدة,
Prepared Report Expiry Period (Days),فترة انتهاء صلاحية التقرير المُعد (أيام),
System will automatically delete Prepared Reports after these many days since creation,سيقوم النظام تلقائيًا بحذف التقارير المعدة بعد هذه الأيام العديدة منذ الإنشاء,
Package Document Type,نوع وثيقة الحزمة,
Include Attachments,قم بتضمين المرفقات,
Overwrite,الكتابة فوق,
Package Publish Target,هدف نشر الحزمة,
Site URL,الرابط الموقع,
Package Publish Tool,أداة نشر الحزمة,
Click on the row for accessing filters.,انقر فوق الصف للوصول إلى المرشحات.,
Sites,المواقع,
Last Deployed On,آخر نشر في,
Console Log,سجل وحدة التحكم,
"Set Default Options for all charts on this Dashboard (Ex: ""colors"": [""#d1d8dd"", ""#ff5858""])","تعيين الخيارات الافتراضية لجميع الرسوم البيانية في لوحة المعلومات هذه (على سبيل المثال: ""الألوان"": [""# d1d8dd""، ""# ff5858""])",
Use Report Chart,استخدم مخطط التقرير,
Heatmap,خريطة الحرارة,
Dynamic Filters,مرشحات ديناميكية,
Dynamic Filters JSON,المرشحات الديناميكية JSON,
Set Dynamic Filters,تعيين عوامل التصفية الديناميكية,
Click to Set Dynamic Filters,انقر لتعيين عوامل تصفية ديناميكية,
Hide Custom DocTypes and Reports,إخفاء أنواع المستندات والتقارير المخصصة,
Checking this will hide custom doctypes and reports cards in Links section,سيؤدي تحديد هذا إلى إخفاء نماذج المستندات المخصصة وبطاقات التقارير في قسم الروابط,
DocType View,طريقة عرض نوع المستند,
Which view of the associated DocType should this shortcut take you to?,ما هي طريقة عرض نوع المستند المرتبطة التي يجب أن يأخذك إليها هذا الاختصار؟,
List View Settings,إعدادات عرض القائمة,
Maximum Number of Fields,أقصى عدد من الحقول,
Module Onboarding,وحدة Onboarding,
System managers are allowed by default,يسمح لمديري النظام بشكل افتراضي,
Documentation URL,الرابط التوثيق,
Is Complete,كاملة,
Alert,إنذار,
Document Link,رابط المستند,
Attached File,ملف مرفق,
Attachment Link,رابط المرفقات,
Open Reference Document,افتح مستند مرجعي,
Custom Configuration,التكوين المخصص,
Filters Configuration,تكوين المرشحات,
Dynamic Filters Section,قسم المرشحات الديناميكية,
Please create Card first,الرجاء إنشاء البطاقة أولاً,
Onboarding Permission,إذن على متن الطائرة,
Onboarding Step,خطوة Onboarding,
Is Mandatory,إلزامي,
Is Skipped,تم تخطي,
Create Entry,إنشاء الدخول,
Update Settings,إعدادات التحديث,
Show Form Tour,إظهار جولة في النموذج,
View Report,عرض التقرير,
Go to Page,انتقل إلى صفحة,
Watch Video,شاهد الفيديو,
Show Full Form?,إظهار الشكل الكامل؟,
Show full form instead of a quick entry modal,إظهار شكل كامل بدلاً من إدخال سريع مشروط,
Report Reference Doctype,تقرير مرجع نوع المستند,
Report Description,وصف تقرير,
This will be shown to the user in a dialog after routing to the report,سيظهر هذا للمستخدم في مربع حوار بعد التوجيه إلى التقرير,
Example: #Tree/Account,مثال: # شجرة / حساب,
Callback Title,عنوان رد الاتصال,
Callback Message,رسالة رد,
This will be shown in a modal after routing,سيظهر هذا في شكل مشروط بعد التوجيه,
Validate Field,تحقق من صحة الحقل,
Value to Validate,قيمة للتحقق من صحتها,
Use % for any non empty value.,استخدم% لأي قيمة غير فارغة.,
Video URL,رابط الفيديو,
Onboarding Step Map,خريطة خطوة Onboarding,
Step,خطوة,
System Console,وحدة تحكم النظام,
Console,وحدة التحكم,
To print output use <code>log(text)</code>,لطباعة الإخراج، استخدم <code>log(text)</code>,
Commit,ارتكب,
Execute Console script,تنفيذ البرنامج النصي لوحدة التحكم,
Execute,نفذ - اعدم,
Create Contacts from Incoming Emails,إنشاء جهات اتصال من رسائل البريد الإلكتروني الواردة,
Inbox User,مسؤل علبة الوارد,
Disabled Auto Reply,الرد التلقائي معطل,
Schedule Sending,جدولة الإرسال,
Message (Markdown),الرسالة (Markdown),
Message (HTML),الرسالة (HTML),
Send Attachments,إرسال المرفقات,
Testing,اختبارات,
System Notification,إعلام النظام,
WhatsApp,ال WhatsApp,
Twilio Number,رقم تويليو,
"To use WhatsApp for Business, initialize <a href=""#Form/Twilio Settings"">Twilio Settings</a>.","لاستخدام WhatsApp for Business، قم بتهيئة <a href=""#Form/Twilio Settings"">Twilio Settings</a>.",
"To use Slack Channel, add a <a href=""#List/Slack%20Webhook%20URL/List"">Slack Webhook URL</a>.","لاستخدام قناة Slack، أضف <a href=""#List/Slack%20Webhook%20URL/List"">عنوان الرابط لـ Slack Webhook</a>.",
Send System Notification,إرسال إشعار النظام,
"If enabled, the notification will show up in the notifications dropdown on the top right corner of the navigation bar.",في حالة التمكين، سيظهر الإشعار في القائمة المنسدلة للإشعارات أعلى الزاوية اليمنى من شريط التنقل.,
Send To All Assignees,أرسل إلى جميع المعينين,
Receiver By Document Field,المستلم حسب حقل المستند,
Receiver By Role,المستلم حسب الدور,
Child Table,طاولة فرعية,
Remote Value Filters,مرشحات القيمة البعيدة,
API Key of the user(Event Subscriber) on the producer site,مفتاح API الخاص بالمستخدم (المشترك في الحدث) على موقع المنتج,
API Secret of the user(Event Subscriber) on the producer site,سر واجهة برمجة التطبيقات للمستخدم (المشترك في الحدث) على موقع المنتج,
Paytm Settings,إعدادات Paytm,
Merchant Key,مفتاح التاجر,
Staging,انطلاق,
Industry Type ID,معرف نوع الصناعة,
See https://docs.aws.amazon.com/general/latest/gr/s3.html for details.,راجع https://docs.aws.amazon.com/general/latest/gr/s3.html للحصول على التفاصيل.,
af-south-1,af-south-1,
ap-east-1,ap-east-1,
eu-south-1,الاتحاد الأوروبي الجنوبي -1,
me-south-1,لي الجنوب 1,
Twilio Number Group,مجموعة Twilio Number Group,
Twilio Settings,إعدادات Twilio,
Auth Token,رمز المصادقة,
Read Time,وقت القراءة,
in minutes,في دقائق,
Featured,متميز,
Hide CTA,إخفاء CTA,
"Description for listing page, in plain text, only a couple of lines. (max 200 characters)",وصف لصفحة القائمة، بنص عادي، سطرين فقط. (بحد أقصى 200 حرف),
Meta Title,عنوان الفوقية,
Enable Social Sharing,تمكين المشاركة الاجتماعية,
Show CTA in Blog,إظهار CTA في المدونة,
CTA,CTA,
CTA Label,تسمية CTA,
CTA URL,CTA الرابط,
Default Portal Home,الصفحة الرئيسية للمدخل الافتراضي,
"Example: ""/desk""","مثال: ""/ desk""",
Social Link Settings,إعدادات الارتباط الاجتماعي,
Social Link Type,نوع الارتباط الاجتماعي,
facebook,موقع التواصل الاجتماعي الفيسبوك,
linkedin,ينكدين,
twitter,تويتر,
"If Icon is set, it will be shown instead of Label",إذا تم تعيين الرمز، فسيتم عرضه بدلاً من التصنيف,
Apply Document Permissions,تطبيق أذونات المستند,
"For help see <a href=""https://frappeframework.com/docs/user/en/guides/portal-development/web-forms"" target=""_blank"">Client Script API and Examples</a>","للحصول على المساعدة، راجع <a href=""https://frappeframework.com/docs/user/en/guides/portal-development/web-forms"" target=""_blank"">أمثلة و API Script</a>",
Dynamic Route,الطريق الديناميكي,
Map route parameters into form variables. Example <code>/project/&lt;name&gt;</code>,تعيين معلمات الطريق في متغيرات النموذج. مثال <code>/project/&lt;name&gt;</code>,
Context Script,سيناريو السياق,
"<p>Set context before rendering a template. Example:</p><p>\n</p><div><pre><code>\ncontext.project = frappe.get_doc(""Project"", frappe.form_dict.name)\n</code></pre></div>","<p style="""">قم بتعيين السياق قبل تقديم قالب. مثال:</p><p style=""""></p><div style=""""><pre style=""""> <code>context.project = frappe.get_doc(""Project"", frappe.form_dict.name)</code></pre></div>",
Title of the page,عنوان الصفحة,
This title will be used as the title of the webpage as well as in meta tags,سيتم استخدام هذا العنوان كعنوان لصفحة الويب وكذلك في العلامات الوصفية,
Makes the page public,يجعل الصفحة عامة,
Checking this will publish the page on your website and it'll be visible to everyone.,سيؤدي التحقق من ذلك إلى نشر الصفحة على موقع الويب الخاص بك وستكون مرئية للجميع.,
URL of the page,عنوان الرابط للصفحة,
"This will be automatically generated when you publish the page, you can also enter a route yourself if you wish",سيتم إنشاء هذا تلقائيًا عند نشر الصفحة، ويمكنك أيضًا إدخال مسار بنفسك إذا كنت ترغب في ذلك,
Content type for building the page,نوع المحتوى لبناء الصفحة,
"You can select one from the following,",يمكنك اختيار واحد مما يلي،,
Standard rich text editor with controls,محرر نص منسق قياسي مع عناصر تحكم,
Github flavoured markdown syntax,أسلوب تخفيض سعر جيثب بنكهة,
HTML with jinja support,HTML مع دعم jinja,
Frappe page builder using components,ITQAN Page Builder باستخدام المكونات,
Checking this will show a text area where you can write custom javascript that will run on this page.,سيؤدي التحقق من هذا إلى إظهار منطقة نصية حيث يمكنك كتابة جافا سكريبت مخصص سيتم تشغيله على هذه الصفحة.,
Meta title for SEO,عنوان Meta لـ SEO,
"By default the title is used as meta title, adding a value here will override it.",بشكل افتراضي، يتم استخدام العنوان كعنوان تعريف، وستؤدي إضافة قيمة هنا إلى تجاوزه.,
"The meta description is an HTML attribute that provides a brief summary of a web page. Search engines such as Google often display the meta description in search results, which can influence click-through rates.",وصف التعريف هو سمة HTML توفر ملخصًا موجزًا لصفحة الويب. غالبًا ما تعرض محركات البحث مثل Google الوصف التعريفي في نتائج البحث، مما قد يؤثر على معدلات النقر.,
"The meta image is unique image representing the content of the page. Images for this Card should be at least 280px in width, and at least 150px in height.",الصورة الوصفية هي صورة فريدة تمثل محتوى الصفحة. يجب ألا يقل عرض صور هذه البطاقة عن 280 بكسل، وأن لا يقل ارتفاعها عن 150 بكسل.,
Add Space on Top,أضف مساحة في الأعلى,
Add Space on Bottom,أضف مساحة في الأسفل,
Is Unique,فريد من نوعة,
User Agent,وكيل المستخدم,
Table Break,فاصل الجدول,
Hide Login,إخفاء تسجيل الدخول,
Navbar Template,قالب نافبار,
Navbar Template Values,قيم قالب نافبار,
Call To Action,دعوة للعمل,
Call To Action URL,عنوان الرابط للدعوة إلى العمل,
Footer Logo,تذييل الشعار,
Footer Template,قالب التذييل,
Footer Template Values,قيم قالب التذييل,
Enable Tracking Page Views,تمكين تتبع مشاهدات الصفحة,
"Checking this will enable tracking page views for blogs, web pages, etc.",سيؤدي التحقق من ذلك إلى تمكين تتبع مشاهدات الصفحة للمدونات وصفحات الويب وما إلى ذلك.,
Disable Signup for your site,تعطيل الاشتراك في موقعك,
Check this if you don't want users to sign up for an account on your site. Users won't get desk access unless you explicitly provide it.,تحقق من هذا إذا كنت لا تريد أن يقوم المستخدمون بالتسجيل للحصول على حساب على موقعك. لن يتمكن المستخدمون من الوصول إلى المكتب ما لم تقدمه صراحةً.,
URL to go to on clicking the slideshow image,عنوان الرابط للانتقال إليه عند النقر فوق صورة عرض الشرائح,
Custom Overrides,تجاوزات مخصصة,
Ignored Apps,التطبيقات التي تم تجاهلها,
Include Theme from Apps,تضمين سمة من التطبيقات,
Website Theme Ignore App,موضوع تجاهل التطبيق,
Are you sure you want to save this document?,هل أنت متأكد أنك تريد حفظ هذا المستند؟,
Refresh All,تحديث كافة,
"Level 0 is for document level permissions, higher levels for field level permissions.",المستوى 0 مخصص لأذونات مستوى المستند، ومستويات أعلى للأذونات على مستوى الحقل.,
Website Analytics,تحليلات الموقع,
d,د,Days (Field: Duration)
h,ح,Hours (Field: Duration)
m,م,Minutes (Field: Duration)
s,س,Seconds (Field: Duration)
Less,أقل,
Not a valid DocType view:,طريقة عرض نوع المستند غير صالحة:,
Unknown View,عرض غير معروف,
Go Back,عد,
Let's take you back to onboarding,دعنا نعيدك إلى الإعداد,
Great Job,عمل عظيم,
Looks Great,تبدو رائعة,
Looks like you didn't change the value,يبدو أنك لم تغير القيمة,
Oops,وجه الفتاة,
Skip Step,تخطي الخطوة,
"You're doing great, let's take you back to the onboarding page.",أنت تقوم بعمل رائع، دعنا نعيدك إلى صفحة الإعداد.,
Good Work 🎉,عمل جيد 🎉,
Submit this document to complete this step.,أرسل هذا المستند لإكمال هذه الخطوة.,
Great,عظيم,
You may continue with onboarding,يمكنك الاستمرار في الإعداد,
You seem good to go!,يبدو أنك على ما يرام!,
Onboarding Complete,اكتمل الإعداد,
{0} Settings,{0} الإعدادات,
{0} Fields,{0} الحقول,
Reset Fields,تصفير البيانات في الحقول,
Select Fields,حدد الحقول,
Warning: Unable to find {0} in any table related to {1},تحذير: تعذر العثور على {0} في أي جدول متعلق بـ {1},
Tree view is not available for {0},عرض الشجرة غير متاح لـ {0},
Create Card,إنشاء بطاقة,
Card Label,ملصق البطاقة,
Reports already in Queue,التقارير موجودة بالفعل في قائمة الانتظار,
Proceed Anyway,المتابعة على أية حال,
Delete and Generate New,حذف وإنشاء جديد,
1 Report,1 تقرير,
{0} ({1}) (1 row mandatory),{0} ({1}) (صف واحد إلزامي),
Select Fields To Insert,حدد الحقول المطلوب إدراجها,
Select Fields To Update,حدد الحقول المراد تحديثها,
"This document is already amended, you cannot ammend it again",تم تعديل هذا المستند بالفعل، ولا يمكنك تعديله مرة أخرى,
Add to ToDo,أضف إلى ToDo,
{0} is currently {1},{0} حاليًا {1},
{0} are currently {1},{0} حاليًا {1},
Currently Replying,الرد حاليا,
created {0},تم إنشاء {0},
Make a call,إجراء مكالمة,
Change,تغيير,Coins
Too Many Requests,طلبات كثيرة جدا,
"Invalid Authorization headers, add a token with a prefix from one of the following: {0}.",رؤوس المصادقة غير صالحة، أضف رمزًا مميزًا ببادئة من أحد الخيارات التالية: {0}.,
"Invalid Authorization Type {0}, must be one of {1}.",نوع التفويض غير صالح {0}، يجب أن يكون واحدًا من {1}.,
{} is not a valid date string.,{} ليست سلسلة تاريخ صالحة.,
Invalid Date,تاريخ غير صالح,
Please select a valid date filter,الرجاء تحديد مرشح تاريخ صالح,
Value {0} must be in the valid duration format: d h m s,يجب أن تكون القيمة {0} بتنسيق المدة الصالح: dhms,
Google Sheets URL is invalid or not publicly accessible.,عنوان الرابط الخاص بجداول بيانات Google غير صالح أو لا يمكن الوصول إليه بشكل عام.,
"Google Sheets URL must end with ""gid={number}"". Copy and paste the URL from the browser address bar and try again.","يجب أن ينتهي عنوان الرابط الخاص بجداول بيانات Google بـ ""gid = {number}"". انسخ والصق عنوان الرابط من شريط عنوان المتصفح وحاول مرة أخرى.",
Incorrect URL,الرابط غير صحيح,
"""{0}"" is not a valid Google Sheets URL","""{0}"" ليس عنوان الرابط صالحًا لجداول بيانات Google",
Duplicate Name,اسم مكرر,
"Please check the value of ""Fetch From"" set for field {0}","يرجى التحقق من قيمة مجموعة ""الجلب من"" للحقل {0}",
Wrong Fetch From value,إحضار خاطئ من القيمة,
A field with the name '{}' already exists in doctype {}.,"يوجد حقل بالاسم ""{}"" بالفعل في نوع المستند {}.",
Custom Field {0} is created by the Administrator and can only be deleted through the Administrator account.,يتم إنشاء الحقل المخصص {0} بواسطة المسؤول ولا يمكن حذفه إلا من خلال حساب المسؤول.,
Failed to send {0} Auto Email Report,فشل إرسال تقرير البريد الإلكتروني التلقائي {0},
Test email sent to {0},تم إرسال بريد إلكتروني تجريبي إلى {0},
Email queued to {0} recipients,تم وضع البريد الإلكتروني في قائمة الانتظار لـ {0} من المستلمين,
Newsletter should have at least one recipient,يجب أن تحتوي الرسالة الإخبارية على مستلم واحد على الأقل,
Please enable Twilio settings to send WhatsApp messages,يرجى تمكين إعدادات Twilio لإرسال رسائل WhatsApp,
"Not allowed to attach {0} document, please enable Allow Print For {0} in Print Settings",غير مسموح بإرفاق مستند {0}، يرجى تمكين السماح بالطباعة لـ {0} في إعدادات الطباعة,
Signup Disabled,تم تعطيل التسجيل,
Signups have been disabled for this website.,تم تعطيل الاشتراكات لهذا الموقع.,
Open Document,افتح المستند,
The comment cannot be empty,لا يمكن أن يكون التعليق فارغًا,
Hourly comment limit reached for: {0},تم بلوغ حد التعليق بالساعة لـ: {0},
Please add a valid comment.,الرجاء إضافة تعليق صالح.,
Document {0} Already Restored,تمت استعادة المستند {0} بالفعل,
Restoring Deleted Document,استعادة المستند المحذوف,
{function} of {fieldlabel},{function} من {fieldlabel},
Invalid template file for import,ملف نموذج غير صالح للاستيراد,
Invalid or corrupted content for import,محتوى غير صالح أو تالف للاستيراد,
Value {0} must in {1} format,يجب أن تكون القيمة {0} بتنسيق {1},
{0} is a mandatory field asdadsf,{0} هو حقل إلزامي asdadsf,
Could not map column {0} to field {1},تعذر تعيين العمود {0} للحقل {1},
Skipping Duplicate Column {0},تخطي عمود مكرر {0},
The column {0} has {1} different date formats. Automatically setting {2} as the default format as it is the most common. Please change other values in this column to this format.,العمود {0} له {1} تنسيقات تاريخ مختلفة. تعيين {2} تلقائيًا كتنسيق افتراضي لأنه الأكثر شيوعًا. يرجى تغيير القيم الأخرى في هذا العمود إلى هذا التنسيق.,
You have reached the hourly limit for generating password reset links. Please try again later.,لقد وصلت إلى الحد الأقصى المحدد بالساعة لإنشاء روابط إعادة تعيين كلمة المرور. الرجاء معاودة المحاولة في وقت لاحق.,
Please hide the standard navbar items instead of deleting them,الرجاء إخفاء عناصر شريط التنقل القياسية بدلاً من حذفها,
DocType's name should not start or end with whitespace,يجب ألا يبدأ اسم نوع المستند أو ينتهي بمسافة,
File name cannot have {0},لا يمكن أن يحتوي اسم الملف على {0},
{0} is not a valid file url,{0} ليس عنوان url صالحًا للملف,
Error Attaching File,خطأ في إرفاق الملف,
Please generate keys for the Event Subscriber User {0} first.,الرجاء إنشاء مفاتيح للمستخدم المشترك في الحدث {0} أولاً.,
Please set API Key and Secret on the producer and consumer sites first.,يُرجى تعيين مفتاح وسر واجهة برمجة التطبيقات على مواقع المنتج والمستهلك أولاً.,
User {0} not found on the producer site,المستخدم {0} غير موجود في موقع المنتج,
Event Subscriber has to be a System Manager.,يجب أن يكون المشترك في الحدث مدير نظام.,
Row #{0}: Invalid Local Fieldname,الصف # {0}: اسم حقل محلي غير صالح,
Row #{0}: Please set Mapping or Default Value for the field {1} since its a dependency field,"الصف # {0}: الرجاء تعيين ""تعيين"" أو ""القيمة الافتراضية"" للحقل {1} نظرًا لأنه حقل تبعية",
Row #{0}: Please set remote value filters for the field {1} to fetch the unique remote dependency document,الصف رقم {0}: الرجاء تعيين عوامل تصفية القيمة البعيدة للحقل {1} لجلب مستند التبعية الفريد عن بُعد,
Paytm payment gateway settings,إعدادات بوابة الدفع Paytm,
"Company, Fiscal Year and Currency defaults",التخلف عن السداد للشركة والسنة المالية والعملات,
Razorpay Signature Verification Failed,فشل التحقق من توقيع Razorpay,
Google Drive - Could not locate - {0},Google Drive - تعذر تحديد الموقع - {0},
"Sync token was invalid and has been resetted, Retry syncing.",كان رمز المزامنة المميز غير صالح وتم إعادة ضبطه، أعد محاولة المزامنة.,
Please select another payment method. Paytm does not support transactions in currency '{0}',"الرجاء تحديد طريقة دفع أخرى. لا يدعم Paytm المعاملات بالعملة ""{0}""",
Invalid Account SID or Auth Token.,SID الحساب أو رمز المصادقة غير صالح.,
Please enable twilio settings before sending WhatsApp messages,يرجى تمكين إعدادات twilio قبل إرسال رسائل WhatsApp,
Delivery Failed,فشل التسليم,
Twilio WhatsApp Message Error,خطأ رسالة Twilio WhatsApp,
A featured post must have a cover image,يجب أن تحتوي الوظيفة المميزة على صورة غلاف,
Load More,تحميل المزيد,
Published on,منشور في,
Enable developer mode to create a standard Web Template,قم بتمكين وضع المطور لإنشاء قالب ويب قياسي,
Was this article helpful?,هل كان المقال مساعدا؟!,
Thank you for your feedback!,شكرا لك على ملاحظاتك!,
New Mention on {0},إشارة جديدة في {0},
Assignment Update on {0},تحديث الواجب بتاريخ {0},
New Document Shared {0},مستند جديد مشترك {0},
Energy Point Update on {0},تحديث Energy Point على {0},
You cannot create a dashboard chart from single DocTypes,لا يمكنك إنشاء مخطط لوحة معلومات من أنواع نوع المستند s الفردية,
Invalid json added in the custom options: {0},تمت إضافة json غير صالح في الخيارات المخصصة: {0},
Invalid JSON in card links for {0},JSON غير صالح في روابط البطاقة لـ {0},
Standard Not Set,المعيار غير محدد,
Please set the following documents in this Dashboard as standard first.,يرجى تعيين المستندات التالية في لوحة المعلومات هذه كمعيار أولاً.,
Shared with the following Users with Read access:{0},مشترك مع المستخدمين التاليين الذين لهم حق الوصول للقراءة: {0},
Already in the following Users ToDo list:{0},"بالفعل في قائمة ""المهام للمستخدمين"" التالية: {0}",
Your assignment on {0} {1} has been removed by {2},تمت إزالة واجبك في {0} {1} بواسطة {2},
Invalid Credentials,بيانات الاعتماد غير صالحة,
Print UOM after Quantity,اطبع وحدة القياس بعد الكمية,
Uncaught Server Exception,استثناء خادم لم يتم اكتشافه,
There was an error building this page,كان هناك خطأ في بناء هذه الصفحة,
Hide Traceback,إخفاء Traceback,
Value from this field will be set as the due date in the ToDo,سيتم تعيين القيمة من هذا الحقل كتاريخ الاستحقاق في ToDo,
New module created {0},تم إنشاء وحدة جديدة {0},
"Report has no numeric fields, please change the Report Name",لا يحتوي التقرير على حقول رقمية، يُرجى تغيير اسم التقرير,
There are documents which have workflow states that do not exist in this Workflow. It is recommended that you add these states to the Workflow and change their states before removing these states.,هناك مستندات بها حالات سير عمل غير موجودة في سير العمل هذا. يوصى بإضافة هذه الحالات إلى سير العمل وتغيير حالاتها قبل إزالة هذه الحالات.,
Worflow States Don't Exist,حالات Worflow لا وجود لها,
Save Anyway,حفظ على أي حال,
Energy Points:,نقاط الطاقة:,
Review Points:,نقاط المراجعة:,
Rank:,مرتبة:,
Monthly Rank:,الترتيب الشهري:,
Invalid expression set in filter {0} ({1}),تم تعيين تعبير غير صالح في عامل التصفية {0} ({1}),
Invalid expression set in filter {0},تم تعيين تعبير غير صالح في عامل التصفية {0},
{0} {1} added to Dashboard {2},تمت إضافة {0} {1} إلى لوحة التحكم {2},
Set Filters for {0},تعيين عوامل التصفية لـ {0},
Not permitted to view {0},غير مسموح بمشاهدة {0},
Camera,الة تصوير,
Invalid filter: {0},مرشح غير صالح: {0},
Let's Get Started,هيا بنا نبدأ,
Reports & Masters,التقارير والماجستير,
New {0} {1} added to Dashboard {2},تمت إضافة {0} {1} جديد إلى لوحة التحكم {2},
New {0} {1} created,تم إنشاء {0} {1} جديد,
New {0} Created,جديد {0} تم إنشاؤه,
"Invalid ""depends_on"" expression set in filter {0}","تم تعيين تعبير ""يعتمد على"" غير صالح في عامل التصفية {0}",
{0} Reports,{0} التقارير,
There is {0} with the same filters already in the queue:,يوجد {0} بالفلاتر نفسها في قائمة الانتظار بالفعل:,
There are {0} with the same filters already in the queue:,يوجد {0} بالفلاتر نفسها في قائمة الانتظار بالفعل:,
Are you sure you want to generate a new report?,هل أنت متأكد أنك تريد إنشاء تقرير جديد؟,
{0}: {1} vs {2},{0}: {1} ضد {2},
Add a {0} Chart,أضف مخطط {0},
Currently you have {0} review points,حاليًا لديك {0} من نقاط المراجعة,
{0} is not a valid DocType for Dynamic Link,{0} ليس نوع نوع المستند صالحًا للارتباط الديناميكي,
via Assignment Rule,عبر قاعدة التنازل,
Based on Field,على أساس الميدان,
Assign to the user set in this field,تعيين المستخدم في هذا المجال,
Log Setting User,مستخدم إعداد السجل,
Log Settings,إعدادات السجل,
Error Log Notification,إعلام سجل الخطأ,
Users To Notify,يخطر المستخدمون,
Log Cleanup,تنظيف السجل,
Clear Error log After,مسح سجل الخطأ بعد,
Clear Activity Log After,امسح سجل النشاط بعد,
Clear Email Queue After,امسح قائمة انتظار البريد الإلكتروني بعد,
Please save to edit the template.,يرجى الحفظ لتعديل القالب.,
Google Analytics Anonymize IP,تحليلات جوجل لإخفاء هوية IP,
Incorrect email or password. Please check your login credentials.,بريد أو كلمة مرورغير صحيحة. يرجى التحقق من بيانات اعتماد تسجيل الدخول الخاصة بك.,
Incorrect Configuration,التكوين غير الصحيح,
You are not allowed to delete Standard Report,لا يُسمح لك بحذف التقرير القياسي,
You have unseen {0},لديك غير مرئي {0},
Log cleanup and notification configuration,تنظيف السجل وتكوين الإخطار,
State/Province,الولاية / المقاطعة,
Document Actions,وثيقة الإجراءات,
Document Links,روابط الوثيقة,
List Settings,إعدادات القائمة,
Cannot delete standard link. You can hide it if you want,لا يمكن حذف الارتباط القياسي. يمكنك إخفاء ذلك إذا كنت تريد,
Cannot delete standard action. You can hide it if you want,لا يمكن حذف الإجراء القياسي. يمكنك إخفاء ذلك إذا كنت تريد,
Applied On,تم التطبيق,
Row Name,اسم الصف,
For DocType Link / DocType Action,لإجراء نوع المستند Link / نوع المستند,
Cannot edit filters for standard charts,لا يمكن تحرير عوامل التصفية للمخططات القياسية,
Event Producer Last Update,آخر تحديث لمنتج الحدث,
Default for 'Check' type of field {0} must be either '0' or '1',"يجب أن يكون الإعداد الافتراضي لنوع حقل ""التحقق"" {0} إما ""0"" أو ""1""",
Non Negative,غير سلبي,
Rules with higher priority number will be applied first.,سيتم تطبيق القواعد ذات رقم الأولوية الأعلى أولاً.,
Open URL in a New Tab,افتح الرابط في علامة تبويب جديدة,
Align Right,محاذاة اليمين,
Loading Filters...,تحميل عوامل التصفية...,
Count Customizations,عد التخصيصات,
For Example: {} Open,على سبيل المثال: {} Open,
Choose Existing Card or create New Card,اختر بطاقة موجودة أو أنشئ بطاقة جديدة,
Number Cards,عدد البطاقات,
Function Based On,وظيفة على أساس,
Add Filters,إضافة عوامل تصفية,
Skip,تخطى,
Dismiss,رفض,
Value cannot be negative for,لا يمكن أن تكون القيمة سالبة لـ,
Value cannot be negative for {0}: {1},لا يمكن أن تكون القيمة سالبة لـ {0}: {1},
Negative Value,قيمة سالبة,
Authentication failed while receiving emails from Email Account: {0}.,فشلت المصادقة أثناء تلقي رسائل البريد الإلكتروني من حساب البريد الإلكتروني: {0}.,
Message from server: {0},رسالة من الخادم: {0},
"""Customer Provided Item"" cannot be Purchase Item also","""الأصناف المقدمة من العملاء"" لا يمكن شرائها",
"""Customer Provided Item"" cannot have Valuation Rate","""الأصناف المقدمة من العملاء"" لا يمكن ان تحتوي على تكلفة",
"""Is Fixed Asset"" cannot be unchecked, as Asset record exists against the item","""اصل ثابت"" لا يمكن أن يكون غير محدد، حيث يوجد سجل أصول مقابل الصنف",
'Based On' and 'Group By' can not be same,'على أساس' و 'المجموعة حسب' لا يمكن أن يكونا نفس الشيء,
'Days Since Last Order' must be greater than or equal to zero,"يجب أن تكون ""الأيام منذ آخر طلب"" أكبر من أو تساوي الصفر",
'Entries' cannot be empty,المدخلات لا يمكن أن تكون فارغة,
'From Date' is required,من تاريخ (مطلوب),
'From Date' must be after 'To Date',"""من تاريخ "" يجب أن يكون بعد "" إلى تاريخ """,
'Has Serial No' can not be 'Yes' for non-stock item,"""لهُ رقم تسلسل"" لا يمكن ان يكون ""نعم"" لبند غير قابل للتخزين",
'Opening','افتتاحي',
'To Case No.' cannot be less than 'From Case No.','الى الحالة رقم' لا يمكن أن يكون أقل من 'من الحالة رقم',
'To Date' is required,' إلى تاريخ ' مطلوب,
'Total','مجموع',
'Update Stock' can not be checked because items are not delivered via {0},"""الأوراق المالية التحديث"" لا يمكن التحقق من أنه لم يتم تسليم المواد عن طريق {0}",
'Update Stock' cannot be checked for fixed asset sale,"لا يمكن تحديد ""تحديث المخزون"" عند بيع أصل ثابت",
1 exact match.,1 تطابق تام.,
90-Above,90 و أكثر,
A Customer Group exists with same name please change the Customer name or rename the Customer Group,توجد مجموعة عملاء بنفس الاسم؛ يرجى تغيير اسم العميل أو إعادة تسمية مجموعة العملاء,
A Default Service Level Agreement already exists.,اتفاقية مستوى الخدمة الافتراضية موجودة بالفعل.,
A Lead requires either a person's name or an organization's name,يتطلب العميل المتوقع اسم شخص أو اسم مؤسسة,
A customer with the same name already exists,يوجد عميل يحمل الاسم نفسه من قبل,
A question must have more than one options,يجب أن يكون للسؤال أكثر من خيار,
A qustion must have at least one correct options,يجب أن يحتوي qustion على خيارات صحيحة واحدة على الأقل,
Abbr can not be blank or space,الاسم المختصر لا يمكن أن يكون فارغاً او به مسافة,
Abbreviation already used for another company,الاختصار مستخدم بالفعل لشركة أخرى,
Abbreviation cannot have more than 5 characters,لا يمكن أن يزيد الاختصار عن 5 أحرف,
Abbreviation is mandatory,الاسم المختصر إلزامي,
About the Company,عن الشركة,
About your company,عن شركتك,
Above,فوق,
Academic Term,الفصل الأكاديمي,
Academic Term: ,الشروط الأكاديمية :,
Academic Year,السنة الدراسية,
Academic Year: ,السنة الأكاديمية:,
Accepted + Rejected Qty must be equal to Received quantity for Item {0},الكمية المقبولة + الكمية المرفوضة يجب أن تساوي الكمية المستلمة من الصنف {0},
Accessable Value,قيمة الوصول,
Account Number,رقم الحساب,
Account Number {0} already used in account {1},رقم الحساب {0} بالفعل مستخدم في الحساب {1},
Account Pay Only,حساب الدفع فقط,
Account Type,نوع الحساب,
Account Type for {0} must be {1},نوع الحساب {0} يجب ان يكون {1},
"Account balance already in Credit, you are not allowed to set 'Balance Must Be' as 'Debit'",رصيد الحساب بالفعل دائن، غير مسموح لك لتعيين ' الرصيد يجب ان يكون ' ك ' مدين ',
"Account balance already in Debit, you are not allowed to set 'Balance Must Be' as 'Credit'",رصيد الحساب رصيد مدين، غير مسموح لك بتغييره 'الرصيد يجب أن يكون دائن',
Account number for account {0} is not available.<br> Please setup your Chart of Accounts correctly.,رقم الحساب للحساب {0} غير متاح.<br>يرجى إعداد دليل الحسابات بشكل صحيح.,
Account with child nodes cannot be converted to ledger,لا يمكن تحويل الحساب إلى حساب دفتر أستاذ لأنه يحتوي على حسابات فرعية,
Account with child nodes cannot be set as ledger,لا يمكن تعيين الحساب كحساب دفتر أستاذ لأنه يحتوي على حسابات فرعية,
Account with existing transaction can not be converted to group.,لا يمكن تحويل حساب جرت عليه أي عملية إلى تصنيف مجموعة,
Account with existing transaction can not be deleted,لا يمكن حذف الحساب لوجود معاملات مرتبطة به,
Account with existing transaction cannot be converted to ledger,لا يمكن تحويل الحساب إلى دفتر أستاذ لوجود معاملات مرتبطة به,
Account {0} does not belong to company: {1},الحساب {0} لا يتبع الشركة: {1},
Account {0} does not belongs to company {1},الحساب {0} لا ينتمي للشركة {1},
Account {0} does not exist,حساب {0} غير موجود,
Account {0} does not exists,الحساب {0} غير موجود,
Account {0} does not match with Company {1} in Mode of Account: {2},الحساب {0} لا يتطابق مع الشركة {1} في طريقة الحساب: {2},
Account {0} has been entered multiple times,الحساب {0} تم إدخاله عدة مرات,
Account {0} is added in the child company {1},تتم إضافة الحساب {0} في الشركة التابعة {1},
Account {0} is frozen,الحساب {0} مجمد,
Account {0} is invalid. Account Currency must be {1},الحساب {0} غير صحيح. يجب أن تكون عملة الحساب {1},
Account {0}: Parent account {1} can not be a ledger,الحساب {0}: الحساب الرئيسي {1} لا يمكن أن يكون حساب دفتر أستاذ,
Account {0}: Parent account {1} does not belong to company: {2},الحساب {0}: الحساب الرئيسي {1} لا ينتمي إلى الشركة: {2},
Account {0}: Parent account {1} does not exist,الحساب {0}: الحسابه الأب {1} غير موجود,
Account {0}: You can not assign itself as parent account,الحساب {0}: لا يمكنك جعله حساب رئيسي,
Account: {0} can only be updated via Stock Transactions,الحساب: {0} لا يمكن تحديثه إلا من خلال معاملات المخزون,
Account: {0} with currency: {1} can not be selected,الحساب: {0} مع العملة: {1} لا يمكن اختياره,
Accountant,محاسب,
Accounting,المحاسبة,
Accounting Entry for Asset,المدخلات الحسابية للأصول,
Accounting Entry for Stock,القيود المحاسبية للمخزون,
Accounting Entry for {0}: {1} can only be made in currency: {2},المدخل المحاسبي ل {0}: {1} يمكن أن يكون فقط بالعملة {1}.,
Accounting Ledger,موازنة دفتر الأستاذ,
Accounting journal entries.,القيود المحاسبية لدفتر اليومية,
Accounts,الحسابات,
Accounts Payable,الحسابات الدائنة,
Accounts Payable Summary,ملخص الحسابات المستحقة للدفع,
Accounts Receivable,الحسابات المدينة,
Accounts Receivable Summary,ملخص الحسابات المدينة,
Accounts table cannot be blank.,جدول الحسابات لا يمكن أن يكون فارغا.,
Accumulated Depreciation,إستهلاك متراكم,
Accumulated Depreciation Amount,قيمة الاستهلاك المتراكمة,
Accumulated Depreciation as on,الاستهلاك المتراكم كما في,
Accumulated Monthly,متراكمة شهريا,
Accumulated Values,القيم المتراكمة,
Accumulated Values in Group Company,القيم المتراكمة في مجموعة الشركة,
Achieved ({}),حقق ({}),
Action Initialised,العمل مهيأ,
Activity Cost exists for Employee {0} against Activity Type - {1},تكلفة النشاط موجودة للموظف {0} مقابل نوع النشاط - {1},
Activity Cost per Employee,تكلفة النشاط لكل موظف,
Activity Type,نوع النشاط,
Actual Cost,التكلفة الفعلية,
Actual Delivery Date,تاريخ التسليم الفعلي,
Actual Qty,الكمية الفعلية,
Actual Qty is mandatory,الكمية الفعلية هي إلزامية,
Actual Qty {0} / Waiting Qty {1},الكمية الفعلية {0} / الكمية المنتظره {1},
Actual Qty: Quantity available in the warehouse.,الكمية الفعلية : الكمية المتوفرة في المستودع.,
Actual qty in stock,الكمية الفعلية في المخزون,
Actual type tax cannot be included in Item rate in row {0},نوع الضريبة الفعلي لا يمكن تضمينه في معدل الصنف في الصف {0},
Add / Edit Prices,إضافة و تعديل الأسعار,
Add Customers,إضافة العملاء,
Add Employees,إضافة موظفين,
Add Item,اضافة بند,
Add Items,إضافة بنود,
Add Leads,إضافة العملاء المحتملين,
Add Multiple Tasks,إضافة مهام متعددة,
Add Sales Partners,إضافة شركاء المبيعات,
Add Serial No,إضافة رقم تسلسلي,
Add Students,أضف طلاب,
Add Suppliers,إضافة الموردين,
Add Time Slots,إضافة فترة زمنية,
Add Timesheets,إضافة جداول زمنية,
Add Timeslots,إضافة فسحات زمنية,
Add Users to Marketplace,إضافة مستخدمين إلى السوق,
Add a new address,أضف عنوانا جديدا,
Add cards or custom sections on homepage,إضافة بطاقات أو أقسام مخصصة على الصفحة الرئيسية,
Add more items or open full form,إضافة المزيد من الأصناف أو فتح نموذج كامل,
Add notes,أضف ملاحظات,
Add the rest of your organization as your users. You can also add invite Customers to your portal by adding them from Contacts,أضف بقية أفراد مؤسستك كمستخدمين. يمكنك أيضا إضافة دعوة العملاء إلى بوابتك عن طريق إضافتهم من جهات الاتصال,
Add/Remove Recipients,إضافة / إزالة المستلمين,
Added,تم الاضافة,
Added {0} users,تمت إضافة {0} مستخدمين,
Additional Salary Component Exists.,مكون الراتب الإضافي موجود.,
Address Name,اسم العنوان,
Administrative Expenses,نفقات إدارية,
Administrative Officer,موظف إداري,
Admission,القبول,
Admission and Enrollment,القبول والتسجيل,
Admissions for {0},قبول ل {0},
Admit,يتقدم,
Admitted,قُبل,
Advance Amount,المبلغ مقدما,
Advance Payments,دفعات مقدمة,
Advance account currency should be same as company currency {0},يجب أن تكون عملة الحساب المسبق مماثلة لعملة الشركة {0},
Advance amount cannot be greater than {0} {1},قيمة الدفعة المقدمة لا يمكن أن تكون أكبر من {0} {1},
Advertising,الدعاية,
Aerospace,الفضاء,
Against,مقابل,
Against Account,الحساب المقابل,
Against Journal Entry {0} does not have any unmatched {1} entry,قيد اليومية المقابل {0} لا يحتوى مدخل {1} غير مطابق,
Against Journal Entry {0} is already adjusted against some other voucher,قيد اليومية {0} تمت تسويته بالفعل مقابل سند آخر,
Against Supplier Invoice {0} dated {1},مقابل فاتورة المورد {0} بتاريخ {1},
Against Voucher,مقابل إيصال,
Against Voucher Type,مقابل إيصال نوع,
Age,عمر,
Age (Days),(العمر (أيام,
Ageing Based On,العمرعلى أساس,
Ageing Range 1,مدى العمر 1,
Ageing Range 2,مدى العمر 2,
Ageing Range 3,مدى العمر 3,
Agriculture,الزراعة,
Agriculture (beta),الزراعة (تجريبي),
Airline,الطيران,
All Accounts,جميع الحسابات,
All Addresses.,جميع العناوين.,
All Assessment Groups,جميع مجموعات التقييم,
All BOMs,كل قوائم المواد,
All Contacts.,جميع جهات الاتصال.,
All Customer Groups,جميع مجموعات العملاء,
All Departments,جميع الاقسام,
All Healthcare Service Units,جميع وحدات خدمات الرعاية الصحية,
All Item Groups,كل مجموعات الأصناف,
All Products,جميع المنتجات,
All Products or Services.,جميع المنتجات أو الخدمات.,
All Student Admissions,قبول جميع الطلاب,
All Supplier Groups,جميع مجموعات الموردين,
All Supplier scorecards.,جميع نتائج الموردين,
All Territories,جميع الأقاليم,
All Warehouses,جميع المخازن,
All communications including and above this shall be moved into the new Issue,يجب نقل جميع الاتصالات بما في ذلك وما فوقها إلى الإصدار الجديد,
All items have already been transferred for this Work Order.,تم نقل جميع الأصناف بالفعل لأمر التشغيل هذا.,
All other ITC,جميع ITC الأخرى,
All the mandatory Task for employee creation hasn't been done yet.,لم يتم تنفيذ جميع المهام الإلزامية لإنشاء الموظفين حتى الآن.,
Allocate Payment Amount,تخصيص مبلغ الدفع,
Allocated Amount,المبلغ المخصص,
Allocating leaves...,تخصيص الإجازات...,
Already record exists for the item {0},يوجد سجل للصنف {0},
"Already set default in pos profile {0} for user {1}, kindly disabled default",تم تعيين الإعداد الافتراضي في الملف الشخصي لنقطة البيع {0} للمستخدم {1}، يرجى تعطيل الإعداد الافتراضي,
Alternate Item,صنف بديل,
Alternative item must not be same as item code,يجب ألا يكون الصنف البديل هو نفسه رمز الصنف,
Amount After Depreciation,القيمة بعد الاستهلاك,
Amount of Integrated Tax,مقدار الضريبة المتكاملة,
Amount of TDS Deducted,مبلغ TDS المقتطع,
Amount should not be less than zero.,يجب ألا يقل المبلغ عن الصفر.,
Amount to Bill,قيمة الفاتورة,
Amount {0} {1} against {2} {3},مبلغ {0} {1} مقابل {2} {3},
Amount {0} {1} deducted against {2},مبلغ {0} {1} خصم مقابل {2},
Amount {0} {1} transferred from {2} to {3},القيمة {0} {1} نقلت من {2} إلى {3},
Amount {0} {1} {2} {3},القيمة {0} {1} {2} {3},
Amt,الإجمالي,
"An Item Group exists with same name, please change the item name or rename the item group",توجد مجموعة بند بنفس الاسم، يرجى تغيير اسم الصنف أو إعادة تسمية مجموعة الصنف,
An academic term with this 'Academic Year' {0} and 'Term Name' {1} already exists. Please modify these entries and try again.,"يوجد بالفعل فصل دراسي مع ""السنة الدراسية"" {0} و ""اسم الفصل"" {1}. يرجى تعديل هذه القيود والمحاولة مرة أخرى.",
An error occurred during the update process,حدث خطأ أثناء عملية التحديث,
"An item exists with same name ({0}), please change the item group name or rename the item",يوجد بند بنفس الاسم ({0})، يرجى تغيير اسم مجموعة الصنف أو إعادة تسمية الصنف,
Analyst,محلل,
Annual Billing: {0},الفواتير السنوية: {0},
Another Budget record '{0}' already exists against {1} '{2}' and account '{3}' for fiscal year {4},سجل الموازنة الآخر '{0}' موجود بالفعل مقابل {1} '{2}' وحساب '{3}' للسنة المالية {4},
Another Period Closing Entry {0} has been made after {1},قيد إقفال فترة أخرى {0} تم إنشائها بعد {1},
Another Sales Person {0} exists with the same Employee id,مندوب مبيعات آخر {0} موجود بنفس رقم هوية الموظف,
Antibiotic,مضاد حيوي,
Apparel & Accessories,ملابس واكسسوارات,
"Applicable if the company is SpA, SApA or SRL",ينطبق إذا كانت الشركة SpA أو SApA أو SRL,
Applicable if the company is a limited liability company,ينطبق إذا كانت الشركة شركة ذات مسؤولية محدودة,
Applicable if the company is an Individual or a Proprietorship,ينطبق إذا كانت الشركة فردية أو مملوكة,
Application of Funds (Assets),استخدام الاموال (الأصول),
Applied,طلب,
Appointment Confirmation,تأكيد الموعد,
Appointment Duration (mins),المدة الزمنية للموعد (دقيقة),
Appointment Type,نوع الموعد,
Appointment {0} and Sales Invoice {1} cancelled,تم إلغاء الموعد {0} و فاتورة المبيعات {1},
Appointments and Encounters,المواعيد واللقاءات,
Appointments and Patient Encounters,المواعيد ومواجهات المرضى,
Appraisal {0} created for Employee {1} in the given date range,تقييم الاداء {0} تم إنشاؤه للموظف {1} في النطاق الزمني المحدد,
Approving Role cannot be same as role the rule is Applicable To,لا يمكن أن يكون شرط الموافقة هو نفس الشرط الذي تنطبق عليه القاعدة,
Approving User cannot be same as user the rule is Applicable To,المستخدم الذي لدية صلاحية الموافقة لايمكن أن يكون نفس المستخدم الذي تنطبق عليه القاعدة,
"Apps using current key won't be able to access, are you sure?",التطبيقات التي تستخدم المفتاح الحالي لن تتمكن من الدخول، هل انت متأكد؟,
Are you sure you want to cancel this appointment?,هل تريد بالتأكيد إلغاء هذا الموعد؟,
Arrear,متأخر,
As Examiner,كممتحن,
As On Date,كما هو بتاريخ,
As Supervisor,كمشرف,
As per rules 42 & 43 of CGST Rules,وفقًا للقواعد 42 و 43 من قواعد CGST,
As per section 17(5),حسب القسم 17 (5),
Assessment,تقييم,
Assessment Criteria,معايير التقييم,
Assessment Group,فريق التقييم,
Assessment Group: ,مجموعة التقييم:,
Assessment Plan,خطة التقييم,
Assessment Plan Name,اسم خطة التقييم,
Assessment Report,تقرير التقييم,
Assessment Reports,تقارير التقييم,
Assessment Result,نتائج التقييم,
Assessment Result record {0} already exists.,سجل نتيجة التقييم {0} موجود بالفعل.,
Asset,الأصول,
Asset Category,فئة الأصول,
Asset Category is mandatory for Fixed Asset item,فئة الموجودات إلزامية لبنود الموجودات الثابتة,
Asset Maintenance,صيانة الأصول,
Asset Movement,حركة الأصول,
Asset Movement record {0} created,تم إنشاء سجل حركة الأصول {0},
Asset Name,اسم الأصول,
Asset Received But Not Billed,أصل مستلم ولكن غير فاتورة,
Asset Value Adjustment,تعديل قيمة الأصول,
"Asset cannot be cancelled, as it is already {0}",لا يمكن إلغاء الأصل، لانه بالفعل {0},
Asset scrapped via Journal Entry {0},ألغت الأصول عن طريق قيد اليومية {0},
"Asset {0} cannot be scrapped, as it is already {1}",لا يمكن إلغاء الأصل {0}، كما هو بالفعل {1},
Asset {0} does not belong to company {1},الأصل {0} لا ينتمي للشركة {1},
Asset {0} must be submitted,الاصل {0} يجب تقديمه,
Assets,الأصول,
Associate,مساعد,
At least one mode of payment is required for POS invoice.,يلزم وضع واحد نمط واحد للدفع لفاتورة نقطة البيع.,
Atleast one item should be entered with negative quantity in return document,يجب إدخال بند واحد على الأقل مع كمية سالبة في وثيقة الارجاع,
Atleast one of the Selling or Buying must be selected,يجب اختيار واحدة من الخيارات على الاقل اما البيع او الشراء,
Atleast one warehouse is mandatory,على الأقل مستودع واحد إلزامي,
Attach Logo,إرفاق الشعار,
Attendance can not be marked for future dates,لا يمكن اثبات الحضور لتاريخ مستقبلي,
Attendance date can not be less than employee's joining date,تاريخ الحضور لا يمكن أن يكون أقل من تاريخ التحاق الموظف,
Attendance for employee {0} is already marked,تم تسجيل الحضور للموظف {0} بالفعل,
Attendance has been marked successfully.,تم وضع علامة الحضور بنجاح.,
Attendance not submitted for {0} as {1} on leave.,لم يتم إرسال المشاركة {0} كـ {1} في الإجازة.,
Attribute table is mandatory,جدول الخصائص إلزامي,
Attribute {0} selected multiple times in Attributes Table,تم تحديد السمة {0} عدة مرات في جدول السمات,
Authorized Signatory,المخول بالتوقيع,
Auto Material Requests Generated,إنشاء طلب مواد تلقائي,
Auto repeat document updated,تكرار تلقائي للمستندات المحدثة,
Automotive,سيارات,
Available,متاح,
Available Qty,الكمية المتاحة,
Available Selling,المبيعات المتاحة,
Available for use date is required,مطلوب تاريخ متاح للاستخدام,
Available slots,الفتحات المتاحة,
Available {0},متاح {0},
Available-for-use Date should be after purchase date,يجب أن يكون التاريخ متاحًا بعد تاريخ الشراء,
Average Age,متوسط العمر,
Average Rate,المعدل المتوسط,
Avg Daily Outgoing,متوسط الصادرات اليومية,
Avg. Buying Price List Rate,متوسط سعر قائمة أسعار الشراء,
Avg. Selling Price List Rate,متوسط سعر قائمة أسعار البيع,
Avg. Selling Rate,متوسط معدل البيع,
BOM,قائمة المواد,
BOM Browser,متصفح قائمة المواد,
BOM No,رقم قائمة المواد,
BOM Rate,سعر قائمة المواد,
BOM Stock Report,تقرير مخزون قائمة المواد,
BOM and Manufacturing Quantity are required,قائمة المواد وكمية التصنيع مطلوبتان,
BOM does not contain any stock item,لا تحتوي قائمة المواد على أي صنف مخزني,
BOM {0} does not belong to Item {1},قائمة المواد {0} لا تتبع الصنف {1},
BOM {0} must be active,يجب أن تكون قائمة المواد {0} نشطة,
BOM {0} must be submitted,يجب اعتماد قائمة المواد {0},
Balance,الموازنة,
Balance (Dr - Cr),الرصيد (مدين - دائن),
Balance ({0}),الرصيد ({0}),
Balance Qty,كمية الرصيد,
Balance Sheet,الميزانية العمومية,
Balance Value,قيمة الرصيد,
Balance for Account {0} must always be {1},رصيد الحساب لـ {0} يجب ان يكون دائما {1},
Bank,البنك,
Bank Account,الحساب البنكي,
Bank Accounts,حسابات مصرفية,
Bank Draft,مسودة بنكية,
Bank Name,اسم المصرف,
Bank Overdraft Account,حساب السحب من البنك بدون رصيد,
Bank Reconciliation,تسوية بنكية,
Bank Reconciliation Statement,كشف التسوية البنكية,
Bank Statement,كشف حساب بنكي,
Bank Statement Settings,إعدادات كشف الحساب البنكي,
Bank Statement balance as per General Ledger,رصيد كشف الحساب البنكي حسب دفتر الأستاذ عام,
Bank account cannot be named as {0},لا يمكن تسمية الحساب المصرفي باسم {0},
Bank/Cash transactions against party or for internal transfer,معاملات بنكية/نقدية مقابل طرف أو لتحويل داخلي,
Banking,الخدمات البنكية,
Banking and Payments,الخدمات البنكية والمدفوعات,
Barcode {0} already used in Item {1},الباركود {0} مستخدم بالفعل في الصنف {1},
Barcode {0} is not a valid {1} code,الباركود {0} ليس رمز {1} صالحًا,
Based On Payment Terms,بناءً على شروط الدفع,
Batch,دفعة,
Batch Entries,قيود الدفعات,
Batch ID is mandatory,معرف الدُفعة إلزامي,
Batch Inventory,مخزون الدفعات,
Batch Name,اسم الدفعة,
Batch No,رقم الدفعة,
Batch number is mandatory for Item {0},رقم الدفعة إلزامي للصنف {0},
Batch {0} of Item {1} has expired.,انتهت صلاحية الدفعة {0} للصنف {1}.,
Batch {0} of Item {1} is disabled.,الدفعة {0} للصنف {1} معطلة.,
Batch: ,دفعة:,
Batches,الدفعات,
Become a Seller,كن بائعًا,
Bill,فاتورة,
Bill Date,تاريخ الفاتورة,
Bill No,رقم الفاتورة,
Bill of Materials,قائمة مكونات المنتج,
Bill of Materials (BOM),قائمة المواد (BOM),
Billable Hours,ساعات قابلة للفوترة,
Billed,تمت الفوترة,
Billed Amount,القيمة المقدم فاتورة بها,
Billing Address,عنوان الفوترة,
Billing Address is same as Shipping Address,عنوان الفواتير هو نفس عنوان الشحن,
Billing Amount,قيمة الفواتير,
Billing Status,حالة الفواتير,
Billing currency must be equal to either default company's currency or party account currency,يجب أن تكون عملة الفوترة مساوية لعملة الشركة الافتراضية أو عملة حساب الطرف,
Bills raised by Suppliers.,فواتير حولت من قبل الموردين.,
Bills raised to Customers.,فواتير حولت للزبائن.,
Biotechnology,التكنولوجيا الحيوية,
Black,أسود,
Blanket Orders from Costumers.,أوامر شراء شاملة من العملاء.,
Block Invoice,حظر الفاتورة,
Boms,قوائم المواد,
Both Trial Period Start Date and Trial Period End Date must be set,يجب تعيين كل من تاريخ بدء الفترة التجريبية وتاريخ انتهاء الفترة التجريبية,
Both Warehouse must belong to same Company,يجب أن ينتمي المستودع إلى نفس الشركة,
Branch,الفرع,
Broadcasting,إذاعة,
Brokerage,أعمال سمسرة,
Browse BOM,تصفح قائمة المواد,
Budget Against,الميزانية مقابل,
Budget List,قائمة الميزانية,
Budget Variance Report,تقرير إنحرافات الموازنة,
Budget cannot be assigned against Group Account {0},لايمكن أسناد الميزانية للمجموعة Account {0},
"Budget cannot be assigned against {0}, as it's not an Income or Expense account",لا يمكن تعيين الميزانية مقابل {0}، حيث إنها ليست حسابا للدخل أو للمصروفات,
Buildings,المباني,
Bundle items at time of sale.,حزمة الأصناف في وقت البيع.,
Business Development Manager,مدير تطوير الأعمال,
Buy,الشراء,
Buying,المشتريات,
Buying Amount,قيمة الشراء,
Buying Price List,قائمة أسعار الشراء,
Buying Rate,معدل الشراء,
"Buying must be checked, if Applicable For is selected as {0}",يجب أن يتم التحقق الشراء، إذا تم تحديد مطبق للك {0},
By {0},بواسطة {0},
Bypass credit check at Sales Order ,تجاوز الائتمان الاختيار في أمر البيع,
C-Form records,سجلات النموذج - س,
C-form is not applicable for Invoice: {0},C-النموذج لا ينطبق على الفاتورة: {0},
CEO,المدير التنفيذي,
CESS Amount,مبلغ CESS,
CGST Amount,مبلغ CGST,
CRM,إدارة علاقات العملاء,
CWIP Account,حساب CWIP,
Calculated Bank Statement balance,حساب رصيد الحساب المصرفي,
Campaign,حملة,
Can be approved by {0},يمكن الموافقة عليها بواسطة {0},
"Can not filter based on Account, if grouped by Account",لا يمكن الفلتره علي اساس (الحساب)، إذا تم وضعه في مجموعة على اساس (حساب),
"Can not filter based on Voucher No, if grouped by Voucher",لا يمكن الفلتره علي اساس (رقم الأيصال)، إذا تم وضعه في مجموعة على اساس (ايصال),
"Can not mark Inpatient Record Discharged, there are Unbilled Invoices {0}",لا يمكن وضع علامة على سجل المرضى الداخليين، وهناك فواتير غير مدفوعة {0},
Can only make payment against unbilled {0},يمكن إجراء دفعة فقط مقابل فاتورة غير مدفوعة {0},
Can refer row only if the charge type is 'On Previous Row Amount' or 'Previous Row Total',Can refer row only if the charge type is 'On Previous Row Amount' or 'Previous Row Total',
"Can't change valuation method, as there are transactions against some items which does not have it's own valuation method",لا یمکن تغییر طریقة التقییم حیث أن ھناك معاملات مقابل بعض الأصناف التي لیس لدیھا طریقة تقییم خاصة,
Can't create standard criteria. Please rename the criteria,لا يمكن إنشاء معايير قياسية. يرجى إعادة تسمية المعايير,
Cancel Material Visit {0} before cancelling this Warranty Claim,إلغاء الزيارة {0} قبل إلغاء طلب الضمانة,
Cancel Material Visits {0} before cancelling this Maintenance Visit,إلغاء المواد الخاصة بالزيارة {0} قبل إلغاء زيارة الصيانة هذه,
Cancel Subscription,إلغاء الاشتراك,
Cancel the journal entry {0} first,قم بإلغاء قيد يومية {0} أولاً,
Canceled,ألغيت,
"Cannot Submit, Employees left to mark attendance",لا يمكن إرسال، ترك الموظفين لوضع علامة الحضور,
Cannot be a fixed asset item as Stock Ledger is created.,لا يمكن أن يكون عنصر الأصول الثابتة كما يتم إنشاء دفتر الأستاذ.,
Cannot cancel because submitted Stock Entry {0} exists,لا يمكن الإلغاء لان هناك قيدات مخزون مقدمة {0} موجوده,
Cannot cancel transaction for Completed Work Order.,لا يمكن إلغاء المعاملة لأمر التشغيل مكتمل.,
Cannot cancel {0} {1} because Serial No {2} does not belong to the warehouse {3},لا يمكن إلغاء {0} {1} لأن Serial No {2} لا ينتمي إلى المستودع {3},
Cannot change Attributes after stock transaction. Make a new Item and transfer stock to the new Item,لا يمكن تغيير سمات بعد معاملة الأسهم. جعل عنصر جديد ونقل الأسهم إلى الصنف الجديد,
Cannot change Fiscal Year Start Date and Fiscal Year End Date once the Fiscal Year is saved.,لا يمكن تغيير تاريخ بدء السنه المالية وتاريخ انتهاء السنه المالية بمجرد حفظ السنه المالية.,
Cannot change Service Stop Date for item in row {0},لا يمكن تغيير تاريخ إيقاف الخدمة للصنف الموجود في الصف {0},
Cannot change Variant properties after stock transaction. You will have to make a new Item to do this.,لا يمكن تغيير خصائص المتغير بعد معاملة المخزون. سيكون عليك عمل عنصر جديد للقيام بذلك.,
"Cannot change company's default currency, because there are existing transactions. Transactions must be cancelled to change the default currency.",لا يمكن تغيير العملة الافتراضية للشركة، لأن هناك معاملات موجودة. يجب إلغاء المعاملات لتغيير العملة الافتراضية.,
Cannot change status as student {0} is linked with student application {1},لا يمكن تغيير الحالة لان الطالب {0} مترابط مع استمارة الطالب {1},
Cannot convert Cost Center to ledger as it has child nodes,لا يمكن تحويل مركز التكلفة إلى حساب دفتر أستاذ لأنه يحتوي على عقد فرعية,
Cannot covert to Group because Account Type is selected.,لا يمكن تحويل الحساب إلى تصنيف مجموعة لأن نوع الحساب تم اختياره.,
Cannot create Retention Bonus for left Employees,لا يمكن إنشاء مكافأة الاحتفاظ بموظفي اليسار,
Cannot create a Delivery Trip from Draft documents.,لا يمكن استحداث رحلة تسليم لمستند بحالة مسودة,
Cannot deactivate or cancel BOM as it is linked with other BOMs,لا يمكن تعطيل أو إلغاء قائمة المواد لانها مترابطة مع قوائم مواد اخرى,
"Cannot declare as lost, because Quotation has been made.",لا يمكن ان تعلن بانها فقدت، لأنه تم تقديم عرض مسعر.,
Cannot deduct when category is for 'Valuation' or 'Valuation and Total',"لا يمكن الخصم عندما تكون الفئة ""التقييم"" أو ""التقييم والإجمالي""",
Cannot deduct when category is for 'Valuation' or 'Vaulation and Total',"لا يمكن الخصم عندما تكون الفئة ""تقييم"" أو ""تقييم وإجمالي""",
"Cannot delete Serial No {0}, as it is used in stock transactions",لا يمكن حذف الرقم التسلسلي {0}، لانه يتم استخدامها في قيود المخزون,
Cannot enroll more than {0} students for this student group.,لا يمكن تسجيل أكثر من {0} طلاب لمجموعة الطلاب هذه.,
Cannot produce more Item {0} than Sales Order quantity {1},لا يمكن إنتاج كمية من الصنف {0} أكبر من كمية أمر البيع {1},
Cannot promote Employee with status Left,لا يمكن ترقية موظف بحالة مغادرة,
Cannot refer row number greater than or equal to current row number for this Charge type,لا يمكن أن يشير رقم الصف أكبر من أو يساوي رقم الصف الحالي لهذا النوع المسؤول,
Cannot select charge type as 'On Previous Row Amount' or 'On Previous Row Total' for first row,"لا يمكن تحديد نوع التهمة باسم ' في الصف السابق المبلغ ' أو ' في السابق صف إجمالي "" ل لصف الأول",
Cannot set as Lost as Sales Order is made.,لا يمكن تعيينها كمفقودة لأن أمر بيع تم إنشاؤه.,
Cannot set authorization on basis of Discount for {0},لا يمكن تحديد التخويل على أساس حساب المدين {0},
Cannot set multiple Item Defaults for a company.,لا يمكن تعيين عدة عناصر افتراضية لأي شركة.,
Cannot set quantity less than delivered quantity,لا يمكن ضبط كمية أقل من الكمية المسلمة,
Cannot set quantity less than received quantity,لا يمكن تعيين كمية أقل من الكمية المستلمة,
Cannot set the field <b>{0}</b> for copying in variants,لا يمكن تعيين الحقل <b>{0}</b> للنسخ في المتغيرات,
Cannot transfer Employee with status Left,لا يمكن نقل الموظف بالحالة Left,
Cannot {0} {1} {2} without any negative outstanding invoice,{0} {1} {2} لا يمكن من دون أي فاتورة قائمة سالبة,
Capital Equipments,المعدات الكبيرة,
Capital Stock,رأس المال,
Capital Work in Progress,العمل الرأسمالي في التقدم,
Cart,عربة,
Cart is Empty,السلة فارغة,
Case No(s) already in use. Try from Case No {0},رقم الحالة مستخدم بالفعل. حاول من رقم حالة {0},
Cash,نقدية,
Cash Flow Statement,بيان التدفق النقدي,
Cash Flow from Financing,التدفق النقدي من التمويل,
Cash Flow from Investing,التدفق النقد من الاستثمار,
Cash Flow from Operations,التدفق النقدي من العمليات,
Cash In Hand,النقدية الحاضرة,
Cash or Bank Account is mandatory for making payment entry,الحساب النقدي أو البنكي إلزامي لإنشاء سند دفع,
Cashier Closing,إغلاق أمين الصندوق,
Caution,الحذر,
Central Tax,الضريبة المركزية,
Certification,شهادة,
Cess,سيس,
Change Amount,تغيير المبلغ,
Change Item Code,تغيير رمز الصنف,
Change Release Date,تغيير تاريخ الإصدار,
Change Template Code,تغيير قالب القالب,
Changing Customer Group for the selected Customer is not allowed.,غير مسموح بتغيير مجموعة العملاء للعميل المحدد.,
Chapter,الفصل,
Chapter information.,معلومات الفصل.,
Charge of type 'Actual' in row {0} cannot be included in Item Rate,الرسوم من النوع (فعلي) في الصف {0} لا يمكن تضمينها في سعر الصنف,
Chargeble,Chargeble,
Charges are updated in Purchase Receipt against each item,تم تحديث الرسوم في إذن الاستلام مقابل كل صنف,
"Charges will be distributed proportionately based on item qty or amount, as per your selection",وسيتم توزيع تستند رسوم متناسب على الكمية الصنف أو كمية، حسب اختيارك,
Chart of Cost Centers,دليل مراكز التكلفة,
Check all,حدد الكل,
Checkout,دفع,
Chemical,كيماويات,
Cheque,شيك,
Cheque/Reference No,رقم الشيك/المرجع,
Cheques Required,الشيكات المطلوبة,
Cheques and Deposits incorrectly cleared,الشيكات والودائع موضحة او المقاصة تمت بشكل غير صحيح,
Child Task exists for this Task. You can not delete this Task.,مهمة تابعة موجودة لهذه المهمة. لا يمكنك حذف هذه المهمة.,
Child nodes can be only created under 'Group' type nodes,العقد التابعة يمكن أن تنشأ إلا في إطار 'مجموعة' نوع العُقد,
Child warehouse exists for this warehouse. You can not delete this warehouse.,مستودع فرعي موجود لهذا المستودع. لا يمكنك حذف هذا المستودع.,
Circular Reference Error,Circular Reference Error,
Clay,طين,
Clear filters,مرشحات واضحة,
Clear values,القيم واضحة,
Clearance Date,تاريخ التحصيل,
Clearance Date not mentioned,لم يتم ذكر تاريخ الاستحقاق,
Clearance Date updated,تم تحديث تاريخ التخليص,
Clinical Procedure,الإجراء السريري,
Clinical Procedure Template,نموذج الإجراء السريري,
Close Balance Sheet and book Profit or Loss.,اغلاق الميزانية و دفتر الربح أو الخسارة.,
Close Loan,إغلاق القرض,
Close the POS,أغلق POS,
Closed order cannot be cancelled. Unclose to cancel.,الطلب المغلق لايمكن إلغاؤه. ازالة الاغلاق لكي تتمكن من الالغاء,
Closing (Cr),إغلاق (دائن),
Closing (Dr),إغلاق (مدين),
Closing (Opening + Total),الإغلاق (الافتتاحي + الإجمالي),
Closing Account {0} must be of type Liability / Equity,يجب ان يكون الحساب الختامي {0} من النوع متطلبات/الأسهم,
Closing Balance,الرصيد الختامي,
Colour,اللون,
Combined invoice portion must equal 100%,يجب أن يساوي جزء الفاتورة مجتمعة 100%,
Commercial,تجاري,
Commission,عمولة,
Commission Rate %,نسبة العمولة %,
Commission on Sales,عمولة على المبيعات,
Commission rate cannot be greater than 100,لا يمكن أن تكون نسبة العمولة أكبر من 100,
Community Forum,منتديات,
Company (not Customer or Supplier) master.,ماستر الشركة (ليس زبون أو مورد).,
Company Abbreviation,اختصار الشركة,
Company Abbreviation cannot have more than 5 characters,لا يمكن أن يحتوي اختصار الشركة على أكثر من 5 أحرف,
Company Name cannot be Company,اسم الشركة لا يمكن أن تكون شركة,
Company currencies of both the companies should match for Inter Company Transactions.,يجب أن تتطابق عملات الشركة لكلتا الشركتين مع معاملات Inter Inter Company.,
Company is manadatory for company account,الشركة هي manadatory لحساب الشركة,
Company name not same,اسم الشركة ليس مماثل,
Company {0} does not exist,الشركة {0} غير موجودة,
Compensatory leave request days not in valid holidays,أيام طلب الإجازة التعويضية ليست في أيام العطل الصالحة,
Complaint,شكوى,
Completion Date,تاريخ الانتهاء,
Computer,الحاسوب,
Configure,تهيئة,
Configure {0},تكوين {0},
Confirmed orders from Customers.,طلبات مؤكدة من الزبائن.,
Connect Amazon with ERPNext,الاتصال الأمازون مع ITQAN ERP,
Connect Shopify with ERPNext,قم بتوصيل Shopify باستخدام ITQAN ERP,
Connect to Quickbooks,الاتصال Quickbooks,
Connected to QuickBooks,متصلة QuickBooks,
Connecting to QuickBooks,الاتصال QuickBooks,
Consultation,استشارة,
Consultations,الاستشارات,
Consulting,الاستشارات,
Consumable,مستهلك,
Consumed,مستهلك,
Consumed Amount,القيمة المستهلكة,
Consumed Qty,تستهلك الكمية,
Consumer Products,منتجات المستهلك,
Contact Us,اتصل بنا,
Content Masters,الماجستير المحتوى,
Continue Configuration,متابعة التكوين,
Contract,عقد,
Contract End Date must be greater than Date of Joining,يجب أن يكون تاريخ انتهاء العقد بعد تاريخ الالتحاق بالعمل,
Contribution %,المساهمة %,
Contribution Amount,قيمة المساهمة,
Conversion factor for default Unit of Measure must be 1 in row {0},معامل التحويل الافتراضي لوحدة القياس يجب أن يكون 1 في الصف {0},
Conversion rate cannot be 0 or 1,لا يمكن أن يكون معدل التحويل 0 أو 1,
Convert to Group,تحويل إلى تصنيف (مجموعة),
Convert to Non-Group,تحويل الي تصنيف (غير المجموعه),
Cosmetics,مستحضرات التجميل,
Cost Center,مركز تكلفة,
Cost Center Number,رقم مركز التكلفة,
Cost Center and Budgeting,مراكز التكلفة والموازنات,
Cost Center is required in row {0} in Taxes table for type {1},مركز التكلفة مطلوب في الصف {0} من جدول الضرائب للنوع {1},
Cost Center with existing transactions can not be converted to group,لا يمكن تحويل مركز التكلفة إلى مجموعة لوجود معاملات مرتبطة به,
Cost Center with existing transactions can not be converted to ledger,لا يمكن تحويل مركز التكلفة إلى حساب دفتر أستاذ لوجود معاملات مرتبطة به,
Cost Centers,مراكز التكلفة,
Cost Updated,تم تحديث التكلفة,
Cost as on,التكلفة كما في,
Cost of Delivered Items,تكلفة الأصناف والمواد المسلمة,
Cost of Goods Sold,تكلفة البضاعة المباعة,
Cost of Issued Items,تكلفة المواد المصروفة,
Cost of New Purchase,تكلفة الشراء الجديد,
Cost of Purchased Items,تكلفة الأصناف التي تم شراؤها,
Cost of Scrapped Asset,تكلفة الأصول الملغاة او المخردة,
Cost of Sold Asset,تكلفة الأصول المباعة,
Cost of various activities,تكلفة الأنشطة المختلفة,
"Could not create Credit Note automatically, please uncheck 'Issue Credit Note' and submit again","تعذر إنشاء إشعار دائن تلقائيًا، يُرجى إلغاء تحديد ""إشعار ائتمان الإصدار"" وإرساله مرة أخرى",
Could not generate Secret,لا يمكن أن تولد السرية,
Could not retrieve information for {0}.,تعذر استرداد المعلومات ل {0}.,
Could not solve criteria score function for {0}. Make sure the formula is valid.,تعذر حل الدالة سكور للمعايير {0}. تأكد من أن الصيغة صالحة.,
Could not solve weighted score function. Make sure the formula is valid.,تعذر حل وظيفة النتيجة المرجحة. تأكد من أن الصيغة صالحة.,
Could not submit some Salary Slips,لا يمكن تقديم بعض قسائم الرواتب,
"Could not update stock, invoice contains drop shipping item.",تعذر تحديث المخزون، الفاتورة تحتوي علي بند مبعد الشحن.,
Country wise default Address Templates,نماذج العناوين الافتراضية للبلدان,
Course Code: ,رمز المقرر:,
Course Enrollment {0} does not exists,تسجيل الدورة التدريبية {0} غير موجود,
Course Schedule,الجدول الزمني للمقرر التعليمي,
Course: ,دورة:,
Cr,Cr,
Create BOM,إنشاء BOM,
Create Delivery Trip,استحداث رحلة تسليم,
Create Employee,إنشاء موظف,
Create Employee Records,إنشاء سجلات موظف,
"Create Employee records to manage leaves, expense claims and payroll",إنشاء سجلات موظف لإدارة الإجازات والمطالبة بالنفقات والرواتب,
Create Fee Schedule,إنشاء جدول الرسوم,
Create Fees,إنشاء رسوم,
Create Inter Company Journal Entry,إنشاء Inter Journal Journal Entry,
Create Invoice,إنشاء فاتورة,
Create Invoices,إنشاء الفواتير,
Create Job Card,إنشاء بطاقة العمل,
Create Journal Entry,إنشاء قيد يومية,
Create Lead,إنشاء عميل محتمل,
Create Leads,إنشاء زبائن محتملين,
Create Maintenance Visit,إنشاء زيارة الصيانة,
Create Material Request,إنشاء طلب المواد,
Create Multiple,خلق متعددة,
Create Opening Sales and Purchase Invoices,إنشاء فواتير افتتاحية للمبيعات والمشتريات,
Create Payment Entries,إنشاء قيود الدفع,
Create Payment Entry,إنشاء سند دفع,
Create Print Format,إنشاء تنسيق طباعة,
Create Purchase Order,إنشاء أمر شراء,
Create Purchase Orders,إنشاء أوامر شراء,
Create Quotation,إنشاء اقتباس,
Create Sales Invoice,إنشاء فاتورة المبيعات,
Create Sales Order,إنشاء أمر بيع,
Create Sales Orders to help you plan your work and deliver on-time,أنشئ أوامر بيع لمساعدتك على تخطيط العمل والتسليم في الموعد المحدد,
Create Sample Retention Stock Entry,إنشاء نموذج إدخال مخزون الاحتفاظ,
Create Student,خلق طالب,
Create Student Batch,إنشاء دفعة الطالب,
Create Student Groups,إنشاء مجموعات الطلاب,
Create Supplier Quotation,إنشاء اقتباس مورد,
Create Tax Template,إنشاء قالب الضريبة,
Create Timesheet,إنشاء الجدول الزمني,
Create User,إنشاء مستخدم جديد,
Create Users,إنشاء المستخدمين,
Create Variant,إنشاء متغير,
Create Variants,إنشاء المتغيرات,
"Create and manage daily, weekly and monthly email digests.",إنشاء وإدارة البريد الإلكتروني يوميا وأسبوعية وشهرية.,
Create customer quotes,إنشاء عروض مسعرة للزبائن,
Create rules to restrict transactions based on values.,إنشاء قواعد لتقييد المعاملات على أساس القيم.,
Created {0} scorecards for {1} between: ,تم إنشاء {0} بطاقات الأداء {1} بين:,
Creating Company and Importing Chart of Accounts,إنشاء شركة واستيراد مخطط الحسابات,
Creating Fees,إنشاء الرسوم,
Creating student groups,إنشاء مجموعات الطلاب,
Creating {0} Invoice,إنشاء الفاتورة {0},
Credit,دائن,
Credit ({0}),الائتمان ({0}),
Credit Account,حساب دائن,
Credit Balance,رصيد الإئتمان,
Credit Card,بطاقة ائتمان,
Credit Days cannot be a negative number,لا يمكن أن تكون أيام الائتمان رقما سالبا,
Credit Limit,حد الائتمان,
Credit Note,إشعار دائن,
Credit Note Amount,ملاحظة الائتمان المبلغ,
Credit Note Issued,الائتمان مذكرة صادرة,
Credit Note {0} has been created automatically,تم إنشاء ملاحظة الائتمان {0} تلقائيًا,
Credit limit has been crossed for customer {0} ({1}/{2}),تم تجاوز حد الائتمان للعميل {0} ({1} / {2}),
Creditors,الدائنين,
Criteria weights must add up to 100%,يجب أن تضيف معايير الأوزان ما يصل إلى 100%,
Crop Cycle,دورة المحاصيل,
Crops & Lands,المحاصيل والأراضي,
Currency Exchange must be applicable for Buying or for Selling.,يجب أن يكون صرف العملات ساريًا للشراء أو البيع.,
Currency can not be changed after making entries using some other currency,لا يمكن تغيير العملة بعد إجراء قيود باستخدام بعض العملات الأخرى,
Currency exchange rate master.,الماستر الخاص بأسعار صرف العملات.,
Currency for {0} must be {1},العملة ل {0} يجب أن تكون {1},
Currency is required for Price List {0},العملة مطلوبة لقائمة الأسعار {0},
Currency of the Closing Account must be {0},عملة الحساب الختامي يجب أن تكون {0},
Currency of the price list {0} must be {1} or {2},يجب أن تكون عملة قائمة الأسعار {0} هي {1} أو {2},
Currency should be same as Price List Currency: {0},يجب أن تكون العملة نفس عملة قائمة الأسعار: {0},
Current Assets,أصول متداولة,
Current BOM and New BOM can not be same,قائمة المواد الحالية وقائمة المواد الجديدة لايمكن أن يكونوا نفس الفاتورة,
Current Liabilities,الخصوم المتداولة,
Current Qty,الكمية الحالية,
Current invoice {0} is missing,الفاتورة الحالية {0} مفقودة,
Customer,عميل,
Customer Addresses And Contacts,عناوين العملاء وجهات الإتصال,
Customer Contact,معلومات اتصال العميل,
Customer Database.,قاعدة بيانات العميل,
Customer Group,مجموعة العملاء,
Customer LPO,العميل لبو,
Customer LPO No.,العميل لبو رقم,
Customer Name,اسم العميل,
Customer POS Id,الرقم التعريفي لنقاط البيع للعملاء,
Customer Service,خدمة العملاء,
Customer and Supplier,العميل والمورد,
Customer is required,العميل مطلوب,
Customer isn't enrolled in any Loyalty Program,العميل غير مسجل في أي برنامج ولاء,
Customer required for 'Customerwise Discount',الزبون مطلوب للخصم المعني بالزبائن,
Customer {0} does not belong to project {1},العميل {0} لا ينتمي الى المشروع {1},
Customer {0} is created.,تم إنشاء العميل {0}.,
Customers in Queue,العملاء في قائمة الانتظار,
Customize Homepage Sections,تخصيص أقسام الصفحة الرئيسية,
Customizing Forms,Customizing Forms,
Daily Project Summary for {0},ملخص المشروع اليومي لـ {0},
Daily Reminders,تذكير يومي,
Data Import and Export,استيراد وتصدير البيانات,
Data Import and Settings,استيراد البيانات والإعدادات,
Database of potential customers.,قاعدة بيانات الزبائن المحتملين.,
Date Of Retirement must be greater than Date of Joining,تاريخ التقاعد يجب أن يكون أكبر من تاريخ اﻹنضمام,
Date of Birth,تاريخ الميلاد,
Date of Birth cannot be greater than today.,تاريخ الميلاد لا يمكن أن يكون بعد تاريخ اليوم.,
Date of Commencement should be greater than Date of Incorporation,يجب أن يكون تاريخ البدء أكبر من تاريخ التأسيس,
Date of Joining,تاريخ الالتحاق بالعمل,
Date of Joining must be greater than Date of Birth,تاريخ اﻹنضمام يجب أن يكون أكبر من تاريخ الميلاد,
Date of Transaction,تاريخ المعاملة,
Debit,مدين,
Debit ({0}),مدين ({0}),
Debit Account,حساب مدين,
Debit Note,إشعار مدين,
Debit Note Amount,مبلغ إشعار المدين,
Debit Note Issued,تم اصدار إشعار الخصم,
Debit To is required,مدين الى مطلوب,
Debit and Credit not equal for {0} #{1}. Difference is {2}.,المدين و الدائن غير متساوي ل {0} # {1}. الفرق هو {2}.,
Debtors,مدينون,
Debtors ({0}),المدينون ({0}),
Declare Lost,أعلن فقدت,
Default Activity Cost exists for Activity Type - {0},تكلفة النشاط الافتراضي موجودة لنوع النشاط - {0},
Default BOM ({0}) must be active for this item or its template,يجب أن تكون قائمة المواد الافتراضية ({0}) نشطة لهذا الصنف أو قوالبه,
Default BOM for {0} not found,قائمة المواد ل {0} غير موجودة,
Default BOM not found for Item {0} and Project {1},لم يتم العثور على قائمة المواد الافتراضية للمادة {0} والمشروع {1},
Default Tax Template,نموذج الضرائب الافتراضي,
Default Unit of Measure for Item {0} cannot be changed directly because you have already made some transaction(s) with another UOM. You will need to create a new Item to use a different Default UOM.,لا يمكن تغيير وحدة القياس الافتراضية للصنف {0} مباشرة لأنك قمت بالفعل ببعض المعاملات (المعاملة) مع وحدة القياس أخرى. ستحتاج إلى إنشاء عنصر جديد لاستخدام واجهة مستخدم افتراضية مختلفة.,
Default Unit of Measure for Variant '{0}' must be same as in Template '{1}',وحدة القياس الافتراضية للمتغير '{0}' يجب أن تكون كما في النمودج '{1}',
Default settings for buying transactions.,إعدادات افتراضية لمعاملات الشراء.,
Default settings for selling transactions.,الإعدادات الافتراضية لمعاملات البيع.,
Default tax templates for sales and purchase are created.,تم إنشاء قوالب الضرائب الافتراضية للمبيعات والمشتريات.,
Defense,الدفاع,
Define Project type.,تعريف نوع المشروع.,
Define budget for a financial year.,تحديد ميزانية السنة المالية,
Define various loan types,تحديد أنواع القروض المختلفة,
Del,حذف,
Delay in payment (Days),التأخير في الدفع (أيام),
Delete all the Transactions for this Company,حذف كل المعاملات المتعلقة بالشركة,
Deletion is not permitted for country {0},الحذف غير مسموح به في البلد {0},
Delivered,تم التسليم,
Delivered Amount,القيمة التي تم تسليمها,
Delivered Qty,الكمية المستلمة,
Delivered: {0},تسليم: {0},
Delivery,تسليم,
Delivery Date,تاريخ التسليم,
Delivery Note,إذن التسليم,
Delivery Note {0} is not submitted,إذن التسليم {0} غير معتمد,
Delivery Note {0} must not be submitted,يجب ألا يكون إذن التسليم {0} معتمدًا,
Delivery Notes {0} must be cancelled before cancelling this Sales Order,يجب إلغاء أذون التسليم {0} قبل إلغاء أمر البيع هذا,
Delivery Notes {0} updated,تم تحديث أذون التسليم {0},
Delivery Trip,رحلة التسليم,
Delivery warehouse required for stock item {0},مستودع التسليم مطلوب للصنف المستودعي {0},
Department Stores,متجر متعدد الاقسام,
Depreciation,إهلاك,
Depreciation Amount,قيمة الإهلاك,
Depreciation Amount during the period,قيمة الإهلاك خلال الفترة,
Depreciation Date,تاريخ الإهلاك,
Depreciation Eliminated due to disposal of assets,تم إلغاء الإهلاك بسبب التخلص من الأصول,
Depreciation Entry,حركة الإهلاك,
Depreciation Method,طريقة الإهلاك,
Depreciation Row {0}: Depreciation Start Date is entered as past date,صف الإهلاك {0}: تاريخ بدء الإهلاك تم إدخاله كتاريخ سابق,
Depreciation Row {0}: Expected value after useful life must be greater than or equal to {1},صف الإهلاك {0}: يجب أن تكون القيمة المتوقعة بعد العمر الافتراضي أكبر من أو تساوي {1},
Depreciation Row {0}: Next Depreciation Date cannot be before Available-for-use Date,صف الإهلاك {0}: لا يمكن أن يكون تاريخ الاستهلاك التالي قبل تاريخ المتاح للاستخدام,
Depreciation Row {0}: Next Depreciation Date cannot be before Purchase Date,صف الإهلاك {0}: لا يمكن أن يكون تاريخ الاستهلاك قبل تاريخ الشراء,
Designer,مصمم,
Detailed Reason,سبب مفصل,
Details of Outward Supplies and inward supplies liable to reverse charge,تفاصيل اللوازم الخارجية واللوازم الداخلية عرضة للشحن العكسي,
Details of the operations carried out.,تفاصيل العمليات المنجزة,
Diagnosis,التشخيص,
Did not find any item called {0},لم يتم العثور على أي بند يسمى {0},
Diff Qty,الفرق بالكمية,
Difference Account,حساب الفرق,
"Difference Account must be a Asset/Liability type account, since this Stock Reconciliation is an Opening Entry",حساب الفرق يجب أن يكون حساب الأصول / حساب نوع الالتزام، حيث يعتبر تسوية المخزون بمثابة مدخل افتتاح,
Difference Amount,مقدار الفرق,
Difference Amount must be zero,مبلغ الفرق يجب أن يكون صفر,
Different UOM for items will lead to incorrect (Total) Net Weight value. Make sure that Net Weight of each item is in the same UOM.,وحدة القياس المختلفة للعناصر سوف ترتبط بقيمة الحجم الصافي الغير صحيحة. تاكد الحجم الصافي لكل عنصر هي نفس وحدة القياس,
Direct Expenses,النفقات المباشرة,
Direct Income,إيراد مباشر,
Disable,تعطيل,
Disabled template must not be default template,يجب ألا يكون النموذج المعطل هو النموذج الافتراضي,
Disburse Loan,صرف القرض,
Disbursed,مصروف,
Disc,القرص,
Discharge,إبراء الذمة,
Discount,خصم,
Discount Percentage can be applied either against a Price List or for all Price List.,يمكن تطبيق نسبة الخصم على قائمة أسعار محددة أو على كل قوائم الأسعار.,
Discount must be less than 100,يجب أن يكون الخصم أقل من 100,
Diseases & Fertilizers,الأمراض والاسمدة,
Dispatch,ارسال,
Dispatch Notification,إعلام الإرسال,
Dispatch State,حالة الإرسال,
Distance,مسافه: بعد,
Distribution,توزيع,
Distributor,موزع,
Dividends Paid,توزيع الأرباح,
Do you really want to restore this scrapped asset?,هل تريد حقا استعادة هذه الأصول المخردة؟,
Do you really want to scrap this asset?,هل تريد حقا تخريد هذه الأصول؟,
Do you want to notify all the customers by email?,هل تريد أن تخطر جميع العملاء عن طريق البريد الإلكتروني؟,
Doc Date,وثيقة التاريخ,
Doc Name,اسم الوثيقة,
Doc Type,نوع الوثيقة,
Docs Search,بحث المستندات,
Done,تم,
Donor,الجهات المانحة,
Donor Type information.,المانح نوع المعلومات.,
Donor information.,معلومات الجهات المانحة.,
Download JSON,تحميل JSON,
Drop Ship,إسقاط الشحن,
Drug,الادوية,
Due / Reference Date cannot be after {0},تاريخ الاستحقاق أو المرجع لا يمكن أن يكون بعد {0},
Due Date cannot be before Posting / Supplier Invoice Date,تاريخ الاستحقاق لا يمكن أن يسبق تاريخ الترحيل/ فاتورة المورد,
Due Date is mandatory,(تاريخ الاستحقاق) إلزامي,
Duplicate Entry. Please check Authorization Rule {0},إدخال مكرر. يرجى التحقق من قاعدة التخويل {0},
Duplicate Serial No entered for Item {0},تكرار الرقم التسلسلي لا دخل القطعة ل {0},
Duplicate customer group found in the cutomer group table,تم العثور على فئة زبائن مكررة في جدول فئات الزبائن,
Duplicate entry,إدخال مكرر,
Duplicate item group found in the item group table,تم العثور علي مجموعه عناصر مكرره في جدول مجموعه الأصناف,
Duplicate roll number for student {0},رقم لفة مكرر للطالب {0},
Duplicate row {0} with same {1},صف مكرر {0} مع نفس {1},
Duplicate {0} found in the table,مكرر {0} موجود في الجدول,
Duration in Days,المدة في أيام,
Duties and Taxes,الرسوم والضرائب,
E-Invoicing Information Missing,الفواتير الإلكترونية معلومات مفقودة,
ERPNext Demo,ITQAN ERP تجريبي,
ERPNext Settings,إعدادات ITQAN ERP,
Earliest,أولا,
Earnest Money,العربون,
Edit Publishing Details,تحرير تفاصيل النشر,
"Edit in full page for more options like assets, serial nos, batches etc.",يمكنك التعديل في الصفحة الكاملة للحصول على مزيد من الخيارات مثل مواد العرض، والرقم التسلسلي، والدفقات، إلخ.,
Education,التعليم,
Either location or employee must be required,الموقع أو الموظف، أحدهما إلزامي,
Either target qty or target amount is mandatory,الكمية المستهدفة أو المبلغ المستهدف، أحدهما إلزامي,
Either target qty or target amount is mandatory.,الكمية المستهدفة أو المبلغ المستهدف، أحدهما إلزامي,
Electrical,كهربائي,
Electronic Equipments,المعدات الإلكترونية,
Electronics,إلكترونيات,
Eligible ITC,مؤهل ITC,
"Email Address must be unique, already exists for {0}",البريد الإلكتروني يجب أن يكون فريد، البريد المدخل موجود بالفعل لـ {0},
Email Digest: ,الملخصات من خلال البريد الإلكتروني:,
Email Reminders will be sent to all parties with email contacts,سيتم إرسال تذكيرات البريد الإلكتروني إلى جميع الأطراف مع جهات الاتصال البريد الإلكتروني,
Email not found in default contact,لم يتم العثور على البريد الإلكتروني في جهة الاتصال الافتراضية,
Email sent to {0},أرسل بريد إلكتروني إلى {0},
Employee,موظف,
Employee Advances,سلف الموظفين,
Employee ID,هوية الموظف,
Employee Lifecycle,دورة حياة الموظف,
Employee Name,اسم الموظف,
Employee Promotion cannot be submitted before Promotion Date ,لا يمكن تقديم ترقية الموظف قبل تاريخ العرض,
Employee Transfer cannot be submitted before Transfer Date ,لا يمكن تقديم نقل الموظف قبل تاريخ النقل,
Employee cannot report to himself.,الموظف لا يمكن أن يقدم تقريرا إلى نفسه.,
Employee {0} has already applied for {1} between {2} and {3} : ,الموظف {0} قد طبق بالفعل على {1} بين {2} و {3}:,
Employee {0} of grade {1} have no default leave policy,ليس لدى الموظف {0} من الدرجة {1} سياسة إجازة افتراضية,
Enable / disable currencies.,تمكين / تعطيل العملات.,
"Enabling 'Use for Shopping Cart', as Shopping Cart is enabled and there should be at least one Tax Rule for Shopping Cart","تمكين ""استخدام لسلة التسوق، كما تم تمكين سلة التسوق وأن يكون هناك واحد على الأقل القاعدة الضريبية لسلة التسوق",
End Date can not be less than Start Date,تاريخ النهاية لا يمكن أن يكون اقل من تاريخ البدء,
End Date cannot be before Start Date.,لا يمكن أن يكون تاريخ الانتهاء قبل تاريخ البدء.,
End Year,نهاية السنة,
End Year cannot be before Start Year,نهاية عام لا يمكن أن يكون قبل بداية عام,
End on,ينتهي في,
Ends On date cannot be before Next Contact Date.,لا يمكن أن يكون تاريخ الانتهاء قبل تاريخ الاتصال التالي.,
Energy,طاقة,
Engineer,مهندس,
Enough Parts to Build,يكفي لبناء أجزاء,
Enroll,سجل,
Enrolling student,تسجيل الطالب,
Enrolling students,تسجيل الطلاب,
Enter depreciation details,أدخل تفاصيل الاستهلاك,
Enter the Bank Guarantee Number before submittting.,أدخل رقم الضمان البنكي قبل التقديم.,
Enter the name of the Beneficiary before submittting.,أدخل اسم المستفيد قبل التقديم.,
Enter the name of the bank or lending institution before submittting.,أدخل اسم البنك أو مؤسسة الإقراض قبل التقديم.,
Enter value betweeen {0} and {1},أدخل القيمة betweeen {0} و {1},
Entertainment & Leisure,الترفيه وتسلية,
Entertainment Expenses,نفقات الترفيه,
Equity,حقوق الملكية,
Error evaluating the criteria formula,حدث خطأ أثناء تقييم صيغة المعايير,
Error in formula or condition: {0},خطأ في المعادلة أو الشرط: {0},
Error: Not a valid id?,خطأ: هوية غير صالحة؟,
Estimated Cost,التكلفة التقديرية,
"Even if there are multiple Pricing Rules with highest priority, then following internal priorities are applied:",حتى إذا كانت هناك قواعد تسعير متعددة ذات أولوية قصوى، يتم تطبيق الأولويات الداخلية التالية:,
Exchange Gain/Loss,أرباح / خسائر الناتجة عن صرف العملة,
Exchange Rate Revaluation master.,سيد إعادة تقييم سعر الصرف.,
Exchange Rate must be same as {0} {1} ({2}),يجب أن يكون سعر الصرف نفس {0} {1} ({2}),
Excise Invoice,المكوس الفاتورة,
Execution,تنفيذ,
Executive Search,البحث التنفيذي,
Expected Delivery Date,تاريخ التسليم المتوقع,
Expected Delivery Date should be after Sales Order Date,يجب أن يكون تاريخ التسليم المتوقع بعد تاريخ أمر البيع,
Expected End Date,تاريخ الإنتهاء المتوقع,
Expected Hrs,الساعات المتوقعة,
Expected Start Date,تاريخ البدأ المتوقع,
Expense,نفقة,
Expense / Difference account ({0}) must be a 'Profit or Loss' account,حساب نفقات / قروق ({0}) يجب ان يكون حساب ارباح و خسائر,
Expense Account,حساب المصروفات,
Expense Claim,طلب النفقات,
Expense Claims,المستحقات المالية,
Expense account is mandatory for item {0},اجباري حساب النفقات للصنف {0},
Expenses,النفقات,
Expenses Included In Asset Valuation,النفقات المدرجة في تقييم الأصول,
Expenses Included In Valuation,المصروفات متضمنة في تقييم السعر,
Expired Batches,دفعات منتهية الصلاحية,
Expires On,تنتهي صلاحيته في,
Expiring On,تنتهي في,
Expiry (In Days),انتهاء (في يوم),
Explore,إستكشاف,
Export E-Invoices,تصدير الفواتير الإلكترونية,
Extra Large,كبير جدا,
Extra Small,صغير جدا,
Failed to create website,فشل في إنشاء الموقع الإلكتروني,
Failed to install presets,فشل في تثبيت الإعدادات المسبقة,
Failed to login,فشل في تسجيل الدخول,
Failed to setup company,أخفق إعداد الشركة,
Failed to setup defaults,فشل في إعداد الإعدادات الافتراضية,
Failed to setup post company fixtures,فشل في إعداد تركيبات الشركة بعد,
Fee,رسوم,
Fee Created,الرسوم التي تم إنشاؤها,
Fee Creation Failed,أخفق إنشاء الرسوم,
Fee Creation Pending,إنشاء الرسوم معلقة,
Fee Records Created - {0},سجلات الرسوم تم انشاؤها - {0},
Fees,رسوم,
Fetch Data,ابحث عن المعلومة,
Fetch Subscription Updates,جلب تحديثات الاشتراك,
Fetch exploded BOM (including sub-assemblies),جلب BOM انفجرت (بما في ذلك المجالس الفرعية),
Fetching records......,جلب السجلات......,
"Filter Fields Row #{0}: Fieldname <b>{1}</b> must be of type ""Link"" or ""Table MultiSelect""","تصفية حقول الصف # {0}: يجب أن يكون اسم الحقل <b>{1}</b> من النوع ""Link"" أو ""Table MultiSelect""",
Filter Total Zero Qty,تصفية مجموع صفر الكمية,
Finance Book,كتاب المالية,
Financial / accounting year.,مالي / سنة محاسبية.,
Financial Services,الخدمات المالية,
Financial Statements,البيانات المالية,
Financial Year,سنة مالية,
Finish,إنهاء,
Finished Good,جيد جيد,
Finished Good Item Code,انتهى رمز الصنف جيدة,
Finished Goods,السلع تامة الصنع,
Finished Item {0} must be entered for Manufacture type entry,غير مسموح بنقل أكثر {0} من {1} ضد أمر الشراء {2},
Finished product quantity <b>{0}</b> and For Quantity <b>{1}</b> cannot be different,لا يمكن أن تكون كمية المنتج النهائي <b>{0}</b> و For Quantity <b>{1}</b> مختلفة,
"Fiscal Regime is mandatory, kindly set the fiscal regime in the company {0}",النظام المالي إلزامي، يرجى تعيين النظام المالي في الشركة {0},
Fiscal Year,السنة المالية,
Fiscal Year End Date should be one year after Fiscal Year Start Date,يجب أن يكون تاريخ انتهاء السنة المالية بعد سنة واحدة من تاريخ بدء السنة المالية,
Fiscal Year Start Date and Fiscal Year End Date are already set in Fiscal Year {0},تم تحديد تاريخ بداية السنة المالية و تاريخ نهاية السنة المالية للسنة المالية {0},
Fiscal Year Start Date should be one year earlier than Fiscal Year End Date,يجب أن يكون تاريخ بدء السنة المالية قبل سنة واحدة من تاريخ نهاية السنة المالية,
Fiscal Year {0} does not exist,السنة المالية {0} غير موجودة,
Fiscal Year {0} is required,السنة المالية {0} مطلوبة,
Fixed Asset,الأصول الثابتة,
Fixed Asset Item must be a non-stock item.,يجب أن يكون بند الأصول الثابتة عنصرا غير مخزون.,
Fixed Assets,الاصول الثابتة,
Following Material Requests have been raised automatically based on Item's re-order level,تم رفع طلبات المواد التالية تلقائيا بناءً على مستوى اعادة الطلب للبنود,
Following accounts might be selected in GST Settings:,قد يتم اختيار الحسابات التالية في إعدادات ضريبة السلع والخدمات:,
Following course schedules were created,تم إنشاء الجداول الزمنية التالية,
Following item {0} is not marked as {1} item. You can enable them as {1} item from its Item master,لم يتم وضع علامة على الصنف {0} التالي كعنصر {1}. يمكنك تمكينها كـ عنصر {1} من الصنف الرئيسي الخاص بها,
Following items {0} are not marked as {1} item. You can enable them as {1} item from its Item master,الأصناف التالية {0} غير مميزة كعنصر {1}. يمكنك تمكينها كـ عنصر {1} من الصنف الرئيسي الخاص بها,
"Food, Beverage & Tobacco",الأغذية والمشروبات والتبغ,
For,لأجل,
"For 'Product Bundle' items, Warehouse, Serial No and Batch No will be considered from the 'Packing List' table. If Warehouse and Batch No are same for all packing items for any 'Product Bundle' item, those values can be entered in the main Item table, values will be copied to 'Packing List' table.",لبنود حزمة المنتج والمستودع والرقم المتسلسل ورقم الدفعة ستأخذ بعين الاعتبار من جدول قائمة التغليف. اذا كان للمستودع ورقم الدفعة نفس الصنف من بنود التغليف لأي بند من حزمة المنتج. هذه القيم يمكن ادخالها في جدول الصنف الرئيسي. والقيم سيتم نسخها الى جدول قائمة التغليف.,
For Quantity (Manufactured Qty) is mandatory,للكمية (الكمية المصنعة) إلزامية,
For Supplier,للمورد,
For Warehouse,لمستودع,
For Warehouse is required before Submit,مستودع (الى) مطلوب قبل التسجيل,
"For an item {0}, quantity must be negative number",بالنسبة إلى عنصر {0}، يجب أن تكون الكمية رقمًا سالبًا,
"For an item {0}, quantity must be positive number",بالنسبة إلى عنصر {0}، يجب أن تكون الكمية رقمًا موجبًا,
"For job card {0}, you can only make the 'Material Transfer for Manufacture' type stock entry","بالنسبة لبطاقة المهمة {0}، يمكنك فقط إدخال إدخال نوع الأسهم ""نقل المواد للصناعة""",
"For row {0} in {1}. To include {2} in Item rate, rows {3} must also be included","For row {0} in {1}. To include {2} in Item rate, rows {3} must also be included",
For row {0}: Enter Planned Qty,بالنسبة إلى الصف {0}: أدخل الكمية المخطط لها,
"For {0}, only credit accounts can be linked against another debit entry","ل {0}, فقط الحسابات الدائنة ممكن أن تكون مقابل مدخل مدين أخر.",
"For {0}, only debit accounts can be linked against another credit entry","ل {0}, فقط حسابات المدينة يمكن أن تكون مقابل مدخل دائن أخر.",
Forum Activity,نشاط المنتدى,
Free item code is not selected,لم يتم تحديد رمز الصنف المجاني,
Freight and Forwarding Charges,رسوم الشحن,
From Address 1,من العنوان 1,
From Address 2,من العنوان 2,
From Currency and To Currency cannot be same,(من عملة) و (إلى عملة) لا يمكن أن تكون نفسها,
From Date and To Date lie in different Fiscal Year,من التاريخ والوقت تكمن في السنة المالية المختلفة,
From Date cannot be greater than To Date,(من تاريخ) لا يمكن أن يكون أكبر (الي التاريخ),
From Date must be before To Date,يجب أن تكون من تاريخ إلى تاريخ قبل,
From Date should be within the Fiscal Year. Assuming From Date = {0},(من التاريخ) يجب أن يكون ضمن السنة المالية. بافتراض (من التاريخ) = {0},
From Datetime,من (التاريخ والوقت),
From Delivery Note,من إذن التسليم,
From Fiscal Year,من السنة المالية,
From GSTIN,من GSTIN,
From Party Name,من اسم الحزب,
From Pin Code,من الرقم السري,
From Place,من المكان,
From Range has to be less than To Range,(من المدى) يجب أن يكون أقل من (إلى المدى),
From State,من الدولة,
From Time,من وقت,
From Time Should Be Less Than To Time,من وقت يجب أن يكون أقل من الوقت,
From Time cannot be greater than To Time.,(من الوقت) لا يمكن أن يكون بعد من (الي الوقت).,
"From a supplier under composition scheme, Exempt and Nil rated",من مورد في إطار مخطط التكوين، تم تصنيف إعفاء ونقص,
From and To dates required,التواريخ من وإلى مطلوبة,
From value must be less than to value in row {0},(من القيمة) يجب أن تكون أقل من (الي القيمة) في الصف {0},
From {0} | {1} {2},من {0} | {1} {2},
Fulfillment,استيفاء,
Fully Depreciated,استهلكت بالكامل,
Furnitures and Fixtures,أثاث وتركيبات,
"Further accounts can be made under Groups, but entries can be made against non-Groups",يمكن إنشاء المزيد من الحسابات تحت المجموعة، لكن قيود القيود يمكن ان تكون فقط مقابل حسابات فردية و ليست مجموعة,
Further cost centers can be made under Groups but entries can be made against non-Groups,يمكن إنشاء مراكز تكلفة فرعية ضمن المجموعات، لكن القيود تُسجل على مراكز التكلفة غير المجمعة فقط,
GSTIN,GSTIN,
GSTR3B-Form,GSTR3B-نموذج,
Gain/Loss on Asset Disposal,الربح / الخسارة عند التخلص من الأصول,
Gantt Chart,مخطط جانت,
Gantt chart of all tasks.,مخطط جانت لجميع المهام.,
General,عام,
General Ledger,دفتر الأستاذ عام,
Generate Material Requests (MRP) and Work Orders.,إنشاء طلبات مواد (MRP) وأوامر تشغيل.,
Generate Secret,توليد سر,
Get Invocies,الحصول على الدعوات,
Get Invoices,الحصول على الفواتير,
Get Invoices based on Filters,الحصول على الفواتير على أساس المرشحات,
Get Items from BOM,تنزيل الاصناف من BOM,
Get Items from Healthcare Services,احصل على عناصر من خدمات الرعاية الصحية,
Get Items from Prescriptions,الحصول على عناصر من الوصفات,
Get Items from Product Bundle,الحصول على أصناف من حزمة المنتج,
Get Suppliers,الحصول على الموردين,
Get Suppliers By,الحصول على الموردين من قبل,
Get Updates,الحصول على التحديثات,
Get customers from,الحصول على العملاء من,
Get from Patient Encounter,الحصول على من لقاء المريض,
Getting Started,ابدء,
Global settings for all manufacturing processes.,إعدادات العالمية لجميع عمليات التصنيع.,
Go to the Desktop and start using ERPNext,ITQAN ERP اذهب إلى سطح المكتب والبدء في استخدام,
GoCardless SEPA Mandate,GoCardless SEPA التكليف,
GoCardless payment gateway settings,إعدادات بوابة الدفع GoCardless,
Goal and Procedure,الهدف والإجراءات,
Goals cannot be empty,لا يمكن أن تكون الاهداف فارغة,
Goods In Transit,البضائع في العبور,
Goods Transferred,نقل البضائع,
Goods and Services Tax (GST India),ضريبة السلع والخدمات (ضريبة السلع والخدمات الهند),
Goods are already received against the outward entry {0},تم استلام البضائع بالفعل مقابل الإدخال الخارجي {0},
Government,حكومة,
Grand Total,الإجمالي الكلي,
Grant,منحة,
Grant Application,طلب المنحة,
Grant Leaves,جرانت ليفز,
Grant information.,منح المعلومات.,
Grocery,بقالة,
Gross Profit,الربح الإجمالي,
Gross Profit %,الربح الإجمالي%,
Gross Profit / Loss,الربح الإجمالي / الخسارة,
Gross Purchase Amount,اجمالي مبلغ المشتريات,
Gross Purchase Amount is mandatory,مبلغ الشراء الإجمالي إلزامي,
Group by Account,مجموعة بواسطة حساب,
Group by Party,مجموعة حسب الحزب,
Group by Voucher,المجموعة بواسطة قسيمة,
Group by Voucher (Consolidated),مجموعة بواسطة قسيمة (الموحدة),
Group node warehouse is not allowed to select for transactions,غير مسموح مستودع عقدة مجموعة لتحديد للمعاملات,
Group to Non-Group,(من تصنيف (مجموعة) إلى تصنيف (غير المجموعة,
Group your students in batches,مجموعة الطلاب على دفعات,
Groups,مجموعات,
Guardian1 Email ID,معرف البريد الإلكتروني للوصي 1,
Guardian1 Mobile No,رقم الهاتف النقال للوصي 1,
Guardian1 Name,اسم الوصي 1,
Guardian2 Email ID,Guardian2 معرف البريد الإلكتروني,
Guardian2 Mobile No,Guardian2 رقم الجوال,
Guardian2 Name,اسم Guardian2,
HR Manager,مدير الموارد البشرية,
HSN,HSN,
HSN/SAC,HSN / SAC,
Half-Yearly,نصف سنوية,
Hardware,المعدات,
Head of Marketing and Sales,رئيس التسويق والمبيعات,
Health Care,الرعاية الصحية,
Healthcare,الرعاىة الصحية,
Healthcare (beta),الرعاية الصحية (إصدار تجريبي),
Healthcare Practitioner,طبيب الرعاية الصحية,
Healthcare Practitioner not available on {0},ممارس الرعاية الصحية غير متاح في {0},
Healthcare Practitioner {0} not available on {1},ممارس الرعاية الصحية {0} غير متاح في {1},
Healthcare Service Unit,وحدة خدمة الرعاية الصحية,
Healthcare Service Unit Tree,وحدة خدمة الرعاية الصحية,
Healthcare Service Unit Type,نوع وحدة خدمة الرعاية الصحية,
Healthcare Services,خدمات الرعاية الصحية,
Healthcare Settings,إعدادات الرعاية الصحية,
Help Results for,مساعدة نتائج,
High Sensitivity,حساسية عالية,
Hold,معلق,
Hold Invoice,عقد الفاتورة,
Holiday,عطلة,
Holiday List,قائمة العطلات,
Hotel Rooms of type {0} are unavailable on {1},الفندق غرف نوع {0} غير متوفرة على {1},
Hotels,الفنادق,
Hours,ساعات,
How Pricing Rule is applied?,كيف يتم تطبيق خاصية قاعدة التسعير؟,
Hub Category,فئة المحور,
Human Resource,Human Resource,
Human Resources,الموارد البشرية,
IGST Amount,كمية IGST,
ITC Available (whether in full op part),مركز التجارة الدولية متاح (سواء في جزء المرجع الكامل),
ITC Reversed,عكس مركز التجارة الدولية,
Identifying Decision Makers,تحديد صناع القرار,
"If Auto Opt In is checked, then the customers will be automatically linked with the concerned Loyalty Program (on save)",إذا تم تحديد Auto Opt In، فسيتم ربط العملاء تلقائيًا ببرنامج الولاء المعني (عند الحفظ),
"If multiple Pricing Rules continue to prevail, users are asked to set Priority manually to resolve conflict.",إذا استمر ظهور قواعد تسعير المتعددة، يطلب من المستخدمين تعيين الأولوية يدويا لحل التعارض.,
"If selected Pricing Rule is made for 'Rate', it will overwrite Price List. Pricing Rule rate is the final rate, so no further discount should be applied. Hence, in transactions like Sales Order, Purchase Order etc, it will be fetched in 'Rate' field, rather than 'Price List Rate' field.","إذا تم تحديد قاعدة التسعير المحددة 'معدل'، فإنه سيتم استبدال قائمة الأسعار. التسعير معدل القاعدة هو المعدل النهائي، لذلك لا ينبغي تطبيق أي خصم آخر. وبالتالي، في المعاملات مثل أمر البيع، أمر الشراء وما إلى ذلك، فإنه سيتم جلب في حقل ""معدل""، بدلا من حقل ""قائمة الأسعار السعر"".",
"If two or more Pricing Rules are found based on the above conditions, Priority is applied. Priority is a number between 0 to 20 while default value is zero (blank). Higher number means it will take precedence if there are multiple Pricing Rules with same conditions.",إذا تم العثور على اثنين أو أكثر من قواعد التسعير استنادا إلى الشروط المذكورة أعلاه، يتم تطبيق الأولوية. الأولوية هي رقم بين 0 إلى 20 بينما القيمة الافتراضية هي صفر (فارغ). يعني الرقم الأعلى أنه سيكون له الأسبقية إذا كانت هناك قواعد تسعير متعددة بنفس الشروط.,
"If unlimited expiry for the Loyalty Points, keep the Expiry Duration empty or 0.",إذا كان انتهاء الصلاحية غير محدود لنقاط الولاء، فاحتفظ مدة الصلاحية فارغة أو 0.,
"If you have any questions, please get back to us.",إذا كان لديك أي أسئلة، يرجى أن تعود الينا.,
Ignore Existing Ordered Qty,تجاهل الكمية الموجودة المطلوبة,
Import Day Book Data,استيراد بيانات دفتر اليوم,
Import Master Data,استيراد البيانات الرئيسية,
Import in Bulk,استيراد بكميات كبيرة,
Import of goods,استيراد البضائع,
Import of services,استيراد الخدمات,
Importing Items and UOMs,استيراد الأصناف و وحدة القياس s,
Importing Parties and Addresses,استيراد الأطراف والعناوين,
In Maintenance,في الصيانة,
In Production,في الانتاج,
In Qty,كمية قادمة,
In Stock Qty,في سوق الأسهم الكمية,
In Stock: ,متوفر:,
In Value,القيمة القادمة,
"In the case of multi-tier program, Customers will be auto assigned to the concerned tier as per their spent",في حالة البرنامج متعدد المستويات، سيتم تعيين العملاء تلقائيًا إلى الطبقة المعنية وفقًا للإنفاق,
Incentives,الحوافز,
Include Default FB Entries,تضمين قيود دفتر افتراضي,
Include Exploded Items,تشمل الأصناف المستبعدة,
Include POS Transactions,تشمل معاملات نقطه البيع,
Include UOM,تضمين وحدة القياس,
Included in Gross Profit,المدرجة في الربح الإجمالي,
Income,الإيرادات,
Income Account,حساب الإيرادات,
Income Tax,ضريبة الدخل,
Incoming,الوارد,
Incoming Rate,معدل الواردة,
Incorrect number of General Ledger Entries found. You might have selected a wrong Account in the transaction.,تم العثور على عدد غير صحيح من قيود دفتر الأستاذ عام. ربما تم اختيار حساب خاطئ في المعاملة.,
Increment cannot be 0,لا يمكن أن تكون الزيادة 0,
Increment for Attribute {0} cannot be 0,الاضافة للخاصية {0} لا يمكن أن تكون 0,
Indirect Expenses,نفقات غير مباشرة,
Indirect Income,دخل غير مباشرة,
Individual,فرد,
Ineligible ITC,غير مؤهل ITC,
Initiated,بدأت,
Inpatient Record,سجل المرضى الداخليين,
Installation Note,ملاحظة التثبيت,
Installation Note {0} has already been submitted,مذكرة التسليم {0} ارسلت,
Installation date cannot be before delivery date for Item {0},تاريخ التركيب لا يمكن أن يكون قبل تاريخ التسليم للصنف {0},
Installing presets,تثبيت الإعدادات المسبقة,
Institute Abbreviation,اختصار المؤسسة,
Institute Name,اسم المؤسسة,
Instructor,المحاضر,
Insufficient Stock,المالية غير كافية,
Insurance Start date should be less than Insurance End date,يجب أن يكون تاريخ بداية التأمين قبل تاريخ نهاية التأمين,
Integrated Tax,ضريبة متكاملة,
Inter-State Supplies,اللوازم بين الدول,
Internet Publishing,نشر على شبكة الإنترنت,
Intra-State Supplies,اللوازم داخل الدولة,
Invalid Attribute,خاصية غير صالحة,
Invalid Blanket Order for the selected Customer and Item,طلب فارغ غير صالح للعميل والعنصر المحدد,
Invalid Company for Inter Company Transaction.,شركة غير صالحة للمعاملات بين الشركات.,
Invalid GSTIN! A GSTIN must have 15 characters.,GSTIN غير صالح! يجب أن يحتوي GSTIN على 15 حرفًا.,
Invalid GSTIN! First 2 digits of GSTIN should match with State number {0}.,GSTIN غير صالح! يجب أن يتطابق أول رقمين من GSTIN مع رقم الحالة {0}.,
Invalid GSTIN! The input you've entered doesn't match the format of GSTIN.,GSTIN غير صالح! لا يتطابق الإدخال الذي أدخلته مع تنسيق GSTIN.,
Invalid Posting Time,وقت نشر غير صالح,
Invalid attribute {0} {1},خاصية غير صالحة {0} {1},
Invalid quantity specified for item {0}. Quantity should be greater than 0.,كمية غير صالحة المحدد لمادة {0}. يجب أن تكون كمية أكبر من 0.,
Invalid reference {0} {1},مرجع غير صالح {0} {1},
Invalid {0},غير صالح {0},
Invalid {0} for Inter Company Transaction.,غير صالح {0} للمعاملات بين الشركات.,
Invalid {0}: {1},{0} غير صالح : {1},
Inventory,المخزون,
Investment Banking,الخدمات المصرفية الاستثمارية,
Investments,الاستثمارات,
Invoice,فاتورة,
Invoice Created,تم إنشاء الفاتورة,
Invoice Discounting,خصم الفواتير,
Invoice Patient Registration,تسجيل فاتورة المريض,
Invoice Posting Date,تاريخ ترحيل الفاتورة,
Invoice Type,نوع الفاتورة,
Invoice already created for all billing hours,الفاتورة التي تم إنشاؤها بالفعل لجميع ساعات الفوترة,
Invoice can't be made for zero billing hour,لا يمكن إجراء الفاتورة لمدة صفر ساعة,
Invoice {0} no longer exists,الفاتورة {0} لم تعد موجودة,
Invoiced,فواتير,
Invoiced Amount,قيمة الفواتير,
Invoices,الفواتير,
Invoices for Costumers.,فواتير العملاء.,
Inward supplies from ISD,إمدادات الداخل من ISD,
Inward supplies liable to reverse charge (other than 1 & 2 above),اللوازم الداخلة عرضة للشحن العكسي (بخلاف 1 و 2 أعلاه),
Is Existing Asset,هل أصل موجود,
Is Frozen,مجمدة,
Is Group,هل مجموعة,
Issue,المشكلات,
Issue Material,قضية المواد,
Issued,نشر,
Issues,قضايا,
It is needed to fetch Item Details.,هناك حاجة لجلب تفاصيل الصنف.,
Item,صنف,
Item 1,صنف رقم 1,
Item 2,صنف رقم 2,
Item 3,صنف رقم 3,
Item 4,صنف رقم 4,
Item 5,صنف رقم 5,
Item Cart,سلة الأصناف,
Item Code,كود الصنف,
Item Code cannot be changed for Serial No.,لا يمكن تغيير رمز الصنف للرقم التسلسلي,
Item Code required at Row No {0},رمز الصنف المطلوب في الصف رقم {0},
Item Description,وصف الصنف,
Item Group,مجموعة الأصناف,
Item Group Tree,شجرة فئات الأصناف,
Item Group not mentioned in item master for item {0},فئة الصنف غير مذكورة في ماستر الصنف لهذا الصنف {0},
Item Name,اسم الصنف,
Item Price added for {0} in Price List {1},تمت إضافة سعر الصنف لـ {0} في قائمة الأسعار {1},
"Item Price appears multiple times based on Price List, Supplier/Customer, Currency, Item, UOM, Qty and Dates.",يظهر سعر الصنف أكثر من مرة حسب قائمة الأسعار، المورد/العميل، العملة، الصنف، وحدة القياس، الكمية والتواريخ.,
Item Price updated for {0} in Price List {1},تم تحديث سعر الصنف لـ {0} في قائمة الأسعار {1},
Item Row {0}: {1} {2} does not exist in above '{1}' table,صنف الصف {0}: {1} {2} غير موجود في جدول '{1}' أعلاه,
Item Tax Row {0} must have account of type Tax or Income or Expense or Chargeable,ضريبة الصنف يجب أن يكون الصف {0} حسابا من نوع الضريبة أو الدخل أو المصاريف أو الرسوم,
Item Template,قالب الصنف,
Item Variant Settings,إعدادات متنوع الصنف,
Item Variant {0} already exists with same attributes,متغير الصنف {0} موجود بالفعل مع نفس الخصائص,
Item Variants,متغيرات الصنف,
Item Variants updated,تم تحديث متغيرات الصنف,
Item has variants.,الصنف لديه متغيرات.,
Item must be added using 'Get Items from Purchase Receipts' button,"يجب إضافة الصنف باستخدام زر ""جلب الأصناف من أذون الاستلام""",
Item valuation rate is recalculated considering landed cost voucher amount,يتم حساب معدل تقييم الصنف نظراً لهبوط تكلفة مبلغ القسيمة,
Item variant {0} exists with same attributes,متغير الصنف {0} موجود بنفس السمات,
Item {0} does not exist,الصنف {0} غير موجود,
Item {0} does not exist in the system or has expired,الصنف{0} غير موجود في النظام أو انتهت صلاحيته,
Item {0} has already been returned,تمت إرجاع الصنف{0} من قبل,
Item {0} has been disabled,الصنف{0} تم تعطيله,
Item {0} has reached its end of life on {1},الصنف{0} قد وصل إلى نهاية عمره في {1},
Item {0} ignored since it is not a stock item,تم تجاهل الصنف {0} لأنه ليس بند مخزون,
"Item {0} is a template, please select one of its variants",{0} الصنف هو قالب، يرجى اختيار واحد من مشتقاته,
Item {0} is cancelled,تم إلغاء الصنف {0},
Item {0} is disabled,تم تعطيل الصنف {0},
Item {0} is not a serialized Item,الصنف {0} ليس بند لديه رقم تسلسلي,
Item {0} is not a stock Item,الصنف {0} ليس عنصر مخزون,
Item {0} is not active or end of life has been reached,الصنف {0} غير نشط أو تم التوصل إلى نهاية الحياة,
Item {0} is not setup for Serial Nos. Check Item master,الصنف {0} لم يتم إعداد الرقم الرقم التسلسلي تحقق من الصنف الرئيسي,
Item {0} is not setup for Serial Nos. Column must be blank,الصنف {0} لا يتم إعداده للأرقام التسلسلية يجب أن يكون العمود فارغا,
Item {0} must be a Fixed Asset Item,الصنف {0} يجب أن يكون بند أصول ثابتة,
Item {0} must be a Sub-contracted Item,الصنف {0} يجب أن يكون عنصر التعاقد الفرعي,
Item {0} must be a non-stock item,الصنف {0} يجب ألا يكون صنف مخزن,
Item {0} must be a stock Item,يجب أن يكون الصنف {0} عنصرا للمخزون,
Item {0} not found,لم يتم العثور على الصنف {0},
Item {0} not found in 'Raw Materials Supplied' table in Purchase Order {1},"الصنف {0} غير موجود في جدول ""المواد الخام الموردة"" في أمر الشراء {1}",
Item {0}: Ordered qty {1} cannot be less than minimum order qty {2} (defined in Item).,الصنف {0} الكمية المطلوبة {1} لا يمكن أن تكون أقل من الحد الأدنى للطلب {2} (المحددة في الصنف).,
Item: {0} does not exist in the system,الصنف: {0} غير موجود في النظام,
Items,الأصناف,
Items Filter,تصفية الاصناف,
Items and Pricing,الأصناف والتسعيرات,
Items for Raw Material Request,عناصر لطلب المواد الخام,
Job Card,بطاقة عمل,
Job card {0} created,تم إنشاء بطاقة العمل {0},
Join,انضم,
Journal Entries {0} are un-linked,قيود قيد اليومية {0} غير مترابطة,
Journal Entry,قيد يومية,
Journal Entry {0} does not have account {1} or already matched against other voucher,قيد دفتر اليومية {0} ليس لديه حساب {1} أو قد تم مطابقته مسبقا مع إيصال أخرى,
Key Reports,التقارير الرئيسية,
LMS Activity,نشاط LMS,
Lab Test,فخص المختبر,
Lab Test Report,تقرير اختبار المختبر,
Lab Test Sample,عينة اختبار المختبر,
Lab Test Template,قالب اختبار المختبر,
Lab Test UOM,اختبار مختبر أوم,
Lab Tests and Vital Signs,اختبارات المختبر وعلامات حيوية,
Lab result datetime cannot be before testing datetime,لا يمكن أن يكون تاريخ نتيجة المختبر سابقا لتاريخ الفحص,
Lab testing datetime cannot be before collection datetime,لا يمكن أن يكون وقت اختبار المختبر قبل تاريخ جمع البيانات,
Laboratory,مختبر,
Large,كبير,
Last Communication,آخر الاتصالات,
Last Communication Date,تاريخ الاتصال الأخير,
Last Order Amount,قيمة آخر طلب,
Last Order Date,تاريخ أخر أمر بيع,
Last Purchase Price,سعر الشراء الأخير,
Last Purchase Rate,آخر سعر الشراء,
Latest,اخير,
Latest price updated in all BOMs,أحدث سعر تحديثها في جميع بومس,
Lead,عميل محتمل,
Lead Count,عد الزبون المحتمل,
Lead Owner,مالك الزبون المحتمل,
Lead Owner cannot be same as the Lead,(مالك الزبون المحتمل) لا يمكن أن يكون نفسه (الزبون المحتمل),
Lead Time Days,مدة التوريد (أيام),
Lead to Quotation,من مبادرة البيع إلى عرض السعر,
"Leads help you get business, add all your contacts and more as your leads",العروض تساعدك للحصول على الأعمال التجارية، وإضافة كافة جهات الاتصال الخاصة بك والمزيد من عروضك,
Learn,تعلم,
Leave Management,إدارة الإجازات,
Leave and Attendance,اﻹجازات والحضور,
Leave application {0} already exists against the student {1},ترك التطبيق {0} موجود بالفعل أمام الطالب {1},
Leaves has been granted sucessfully,تم منح الأوراق بنجاح,
Leaves must be allocated in multiples of 0.5,يجب تخصيص الإجازات في مضاعفات 0.5 (مثلا 10.5 يوم او 4.5 او 30 يوم او 1 يوم),
Ledger,حساب الاستاد,
Legal,قانوني,
Legal Expenses,نفقات قانونية,
Letter Heads for print templates.,رؤس الرسائل لقوالب الطباعة.,
Liability,الخصوم,
Limit Crossed,الحدود تجاوزت,
Link to Material Request,رابط لطلب المواد,
List of all share transactions,قائمة بجميع معاملات الأسهم,
List of available Shareholders with folio numbers,قائمة المساهمين المتاحين بأرقام الأوراق,
Loading Payment System,تحميل نظام الدفع,
Loan,قرض,
Loan Start Date and Loan Period are mandatory to save the Invoice Discounting,تاريخ بدء القرض وفترة القرض إلزامية لحفظ خصم الفاتورة,
Loans (Liabilities),القروض (الخصوم),
Loans and Advances (Assets),القروض والسلفيات (الأصول),
Local,محلي,
Logs for maintaining sms delivery status,سجلات للحفاظ على حالات التسليم لرسائل,
Lost,مفقود,
Lost Reasons,أسباب ضائعة,
Low Sensitivity,حساسية منخفضة,
Lower Income,دخل أدنى,
Loyalty Amount,مبلغ الولاء,
Loyalty Point Entry,دخول نقطة الولاء,
Loyalty Points,نقاط الولاء,
"Loyalty Points will be calculated from the spent done (via the Sales Invoice), based on collection factor mentioned.",سيتم احتساب نقاط الولاء من المبالغ التي تم صرفها (عبر فاتورة المبيعات)، بناءً على عامل الجمع المذكور.,
Loyalty Points: {0},نقاط الولاء: {0},
Loyalty Program,برنامج الولاء,
Main,رئيسي,
Maintenance,الصيانة,
Maintenance Log,سجل الصيانة,
Maintenance Schedule,جدول الصيانة,
Maintenance Schedule is not generated for all the items. Please click on 'Generate Schedule',"لم يتم إنشاء جدول الصيانة لجميع الاصناف. يرجى النقر على ""إنشاء الجدول الزمني""",
Maintenance Schedule {0} exists against {1},جدول الصيانة {0} موجود ضد {1},
Maintenance Schedule {0} must be cancelled before cancelling this Sales Order,يجب إلغاء جدول الصيانة {0} قبل إلغاء أمر البيع هذا,
Maintenance Status has to be Cancelled or Completed to Submit,يجب إلغاء حالة الصيانة أو إكمالها لإرسالها,
Maintenance Visit,زيارة صيانة,
Maintenance Visit {0} must be cancelled before cancelling this Sales Order,يجب إلغاء زيارة الصيانة {0} قبل إلغاء أمر البيع هذا,
Maintenance start date can not be before delivery date for Serial No {0},تاريخ بدء الصيانة لا يمكن أن يكون قبل تاريخ التسليم للرقم التسلسلي {0},
Make,سنة الصنع,
Make Payment,تسجيل دفعة,
Make project from a template.,جعل المشروع من قالب.,
Making Stock Entries,إنشاء قيود مخزون,
Manage Customer Group Tree.,إدارة شجرة مجموعات الزبائن.,
Manage Sales Partners.,ادارة شركاء المبيعات.,
Manage Sales Person Tree.,إدارة شجرة موظفي المبيعات.,
Manage Territory Tree.,ادارة شجرة الأقاليم.,
Manage your orders,إدارة طلباتك,
Management,الإدارة,
Manager,مدير,
Managing Projects,إدارة المشاريع,
Managing Subcontracting,إدارة التعاقدات الفرعية,
Mandatory field - Academic Year,حقل إلزامي - السنة الأكاديمية,
Mandatory field - Get Students From,حقل إلزامي - الحصول على الطلاب من,
Mandatory field - Program,حقل إلزامي - البرنامج,
Manufacture,صناعة,
Manufacturer,الصانع,
Manufacturer Part Number,رقم قطعة المُصَنِّع,
Manufacturing,التصنيع,
Manufacturing Quantity is mandatory,كمية التصنيع إلزامية,
Mark Absent,تسجيل غياب,
Mark Half Day,حدد كنصف يوم,
Mark Present,حدد كحضور,
Marketing,التسويق,
Marketing Expenses,نفقات تسويقية,
Marketplace,السوق,
Marketplace Error,خطأ في السوق,
Masters,الرئيسية,
Match Payments with Invoices,مطابقة الدفعات مع الفواتير,
Match non-linked Invoices and Payments.,مطابقة الفواتيرالغير مترابطة والمدفوعات.,
Material,مواد,
Material Consumption,اهلاك المواد,
Material Consumption is not set in Manufacturing Settings.,لم يتم تعيين اهلاك المواد في إعدادات التصنيع.,
Material Receipt,استلام مواد,
Material Request,طلب مواد,
Material Request Date,تاريخ طلب المادة,
Material Request No,طلب مواد لا,
"Material Request not created, as quantity for Raw Materials already available.",لم يتم إنشاء طلب المواد، ككمية للمواد الخام المتاحة بالفعل.,
Material Request of maximum {0} can be made for Item {1} against Sales Order {2},يمكن إنشاء طلب مواد بحد أقصى {0} للصنف {1} مقابل أمر البيع {2},
Material Request to Purchase Order,طلب مواد إلى أمر شراء,
Material Request {0} is cancelled or stopped,طلب المواد {0} تم إلغاؤه أو إيقافه,
Material Request {0} submitted.,تم تقديم طلب المواد {0}.,
Material Transfer,تحويل مواد,
Material Transferred,نقل المواد,
Material to Supplier,مواد للمورد,
Max discount allowed for item: {0} is {1}%,الحد الاعلى المسموح به في التخفيض للمنتج : {0} هو {1}%,
Max: {0},الحد الأقصى: {0},
Maximum Samples - {0} can be retained for Batch {1} and Item {2}.,يمكن الاحتفاظ بحد أقصى {0} عينة للدفعة {1} والصنف {2}.,
Maximum Samples - {0} have already been retained for Batch {1} and Item {2} in Batch {3}.,الحد الأقصى للعينات - {0} تم الاحتفاظ به مسبقا للدفعة {1} و الصنف {2} في الدفعة {3}.,
Maximum discount for Item {0} is {1}%,الحد الأقصى للخصم للصنف {0} هو {1}%,
Medical Code,الرمز الطبي,
Medical Code Standard,الرمز الطبي القياسي,
Medical Department,القسم الطبي,
Medical Record,السجل الطبي,
Member Activity,نشاط العضو,
Member ID,معرف العضو,
Member Name,اسم العضو,
Member information.,معلومات العضو,
Membership,عضوية,
Membership Details,تفاصيل العضوية,
Membership ID,معرف العضوية,
Membership Type,نوع العضوية,
Memebership Details,تفاصيل العضوية,
Memebership Type Details,تفاصيل نوع العضوية,
Merge,دمج,
Merge Account,دمج الحساب,
Merge with Existing Account,دمج مع حساب موجود,
"Merging is only possible if following properties are same in both records. Is Group, Root Type, Company",الدمج ممكن فقط إذا كانت الخصائص التالية هي نفسها في كلا السجلين. هو مجموعه، نوع الجذر، الشركة,
Message Sent,تم ارسال الرسالة,
Middle Income,الدخل المتوسط,
Min Amt can not be greater than Max Amt,مين آمت لا يمكن أن يكون أكبر من ماكس آمت,
Min Qty can not be greater than Max Qty,الكمية الادنى لايمكن ان تكون اكبر من الكمية الاعلى,
Minimum Lead Age (Days),الحد الأدنى لعمر الزبون المحتمل (أيام),
Miscellaneous Expenses,نفقات متنوعة,
Missing Currency Exchange Rates for {0},أسعار صرف العملات مفقودة ل {0},
Missing email template for dispatch. Please set one in Delivery Settings.,قالب بريد إلكتروني مفقود للإرسال. يرجى ضبط واحد في إعدادات التسليم.,
"Missing value for Password, API Key or Shopify URL",القيمة المفقودة لكلمة المرور أو مفتاح واجهة برمجة التطبيقات أو عنوان الرابط للتنفيذ,
Mode of Payment,طريقة الدفع,
Mode of Payments,طريقة الدفع,
Mode of Transport,وسيلة تنقل,
Mode of Transportation,طريقة النقل,
Model,الموديل,
Moderate Sensitivity,حساسية معتدلة,
Monthly Distribution,التوزيع الشهري,
Motion Picture & Video,الصور المتحركة والفيديو,
Move Item,حرك بند,
Multi Currency,متعدد العملات,
Multiple Item prices.,أسعار الإغلاق متعددة.,
Multiple Loyalty Program found for the Customer. Please select manually.,تم العثور على برنامج ولاء متعدد للعميل. يرجى التحديد يدويا.,
"Multiple Price Rules exists with same criteria, please resolve conflict by assigning priority. Price Rules: {0}",توجد قواعد أسعار متعددة بنفس المعايير، يرجى حل النزاع عن طريق تعيين الأولوية. قاعدة السعر: {0},
Multiple Variants,متغيرات متعددة,
Multiple fiscal years exist for the date {0}. Please set company in Fiscal Year,يوجد سنوات مالية متعددة لنفس التاريخ {0}. الرجاء تحديد الشركة لهذه السنة المالية,
Music,موسيقى,
Name error: {0},اسم الخطأ: {0},
Name of new Account. Note: Please don't create accounts for Customers and Suppliers,اسم الحساب الجديد. ملاحظة: الرجاء عدم إنشاء حسابات للزبائن والموردين,
Name or Email is mandatory,الاسم أو البريد الإلكتروني إلزامي,
Nature Of Supplies,طبيعة الامدادات,
Navigating,التنقل,
Needs Analysis,تحليل الاحتياجات,
Negative Quantity is not allowed,لا يُسمح بالكمية السلبية,
Negative Valuation Rate is not allowed,معدل التقييم السلبي غير مسموح به,
Negotiation/Review,التفاوض / مراجعة,
Net Asset value as on,صافي قيمة الأصول كما في,
Net Cash from Financing,صافي النقد من التمويل,
Net Cash from Investing,صافي النقد من الاستثمار,
Net Cash from Operations,صافي النقد من العمليات,
Net Change in Accounts Payable,صافي التغير في الحسابات الدائنة,
Net Change in Accounts Receivable,صافي التغير في الحسابات المدينة,
Net Change in Cash,صافي التغير في النقد,
Net Change in Equity,صافي التغير في حقوق الملكية,
Net Change in Fixed Asset,صافي التغير في الأصول الثابتة,
Net Change in Inventory,صافي التغير في المخزون,
Net ITC Available(A) - (B),صافي ITC المتوفر (A) - (B),
Net Profit,صافي الربح,
Net Total,الإجمالي الصافي,
New Account Name,اسم الحساب الجديد,
New BOM,قائمة مواد جديدة,
New Batch ID (Optional),معرف الدفعة الجديد (اختياري),
New Batch Qty,جديد دفعة الكمية,
New Company,شركة جديدة,
New Cost Center Name,اسم مركز التكلفة الجديد,
New Customer Revenue,ايرادات الزبائن الجدد,
New Customers,العملاء الجدد,
New Department,القسم الجديدة,
New Employee,موظف جديد,
New Location,موقع جديد,
New Quality Procedure,إجراءات الجودة الجديدة,
New Sales Invoice,فاتورة المبيعات جديدة,
New Sales Person Name,اسم شخص المبيعات الجديد,
New Serial No cannot have Warehouse. Warehouse must be set by Stock Entry or Purchase Receipt,لا يمكن أن يحتوي الرقم التسلسلي الجديد على مستودع. يجب تحديد المستودع من خلال قيد مخزون أو إذن الاستلام,
New Warehouse Name,اسم المستودع الجديد,
New credit limit is less than current outstanding amount for the customer. Credit limit has to be atleast {0},حد الائتمان الجديد أقل من المبلغ المستحق الحالي للعميل. حد الائتمان يجب أن يكون على الأقل {0},
New task,مهمة جديدة,
New {0} pricing rules are created,يتم إنشاء قواعد تسعير جديدة {0},
Newspaper Publishers,ناشر الصحف,
Next Contact By cannot be same as the Lead Email Address,(جهة الاتصال التالية) لا يمكن أن يكون نفس (عنوان البريد الإلكتروني للزبون المحتمل),
Next Contact Date cannot be in the past,تاريخ التواصل التالي لا يمكن أن يكون قبل تاريخ اليوم,
Next Steps,الخطوات القادمة,
No Action,لا رد فعل,
No Customers yet!,لا زبائن حتى الان!,
No Delivery Note selected for Customer {},لم يتم تحديد إذن التسليم للعميل {},
No Item with Barcode {0},أي عنصر مع الباركود {0},
No Item with Serial No {0},أي عنصر مع الرقم التسلسلي لا {0},
No Items available for transfer,لا توجد عناصر متاحة للنقل,
No Items selected for transfer,لم يتم تحديد أي عناصر للنقل,
No Items to pack,لا عناصر لحزمة,
No Items with Bill of Materials to Manufacture,لا توجد بنود في قائمة المواد للتصنيع,
No Items with Bill of Materials.,لا توجد عناصر مع جدول المواد.,
No Permission,لا يوجد تصريح,
No Remarks,لا ملاحظات,
No Result to submit,لا توجد نتيجة لإرسال,
No Student Groups created.,لم يتم إنشاء مجموعات الطلاب.,
No Students in,لا يوجد طلاب في,
No Tax Withholding data found for the current Fiscal Year.,"لم يتم العثور على بيانات ""حجب الضرائب"" للسنة المالية الحالية.",
No Work Orders created,لم يتم إنشاء أوامر تشغيل,
No accounting entries for the following warehouses,لا القيود المحاسبية للمستودعات التالية,
No contacts with email IDs found.,لم يتم العثور على جهات اتصال مع معرفات البريد الإلكتروني.,
No data for this period,لا بيانات لهذه الفترة,
No description given,لم يتم اعطاء وصف,
No employees for the mentioned criteria,لا يوجد موظفون للمعايير المذكورة,
No gain or loss in the exchange rate,لا مكسب أو خسارة في سعر الصرف,
No items listed,لم يتم إدراج أية عناصر,
No items to be received are overdue,لا توجد عناصر يتم استلامها متأخرة,
No material request created,لم يتم إنشاء طلب مادي,
No of Interactions,لا من التفاعلات,
No of Shares,عدد األسهم,
No pending Material Requests found to link for the given items.,لم يتم العثور على طلبات المواد المعلقة للربط للعناصر المحددة.,
No products found,لا توجد منتجات,
No products found.,لم يتم العثور على منتجات.,
No record found,لم يتم العثور على أي سجل,
No records found in the Invoice table,لم يتم العثور على أي سجلات في جدول الفواتير,
No records found in the Payment table,لم يتم العثور على أية سجلات في جدول الدفعات,
No tasks,لايوجد مهام,
No time sheets,لا يوجد سجل التوقيت,
No values,لا توجد قيم,
No {0} found for Inter Company Transactions.,لم يتم العثور على {0} معاملات Inter Company.,
Non GST Inward Supplies,اللوازم غير GST الداخل,
Non Profit,غير ربحية,
Non Profit (beta),غير الربح (تجريبي),
Non-GST outward supplies,اللوازم الخارجية غير ضريبة السلع والخدمات,
Non-Group to Group,من تصنيف (غير المجموعة) إلى تصنيف ( المجموعة),
None of the items have any change in quantity or value.,لا يوجد أي من الأصناف لديها أي تغيير في كمية أو قيمة.,
Nos,Nos,
Not Available,غير متوفرة,
Not Marked,لم يتم وضع علامة,
Not Paid and Not Delivered,لم يتم الدفع ولم يتم التسليم,
Not Started,لم تبدأ,
Not allow to set alternative item for the item {0},لا تسمح بتعيين عنصر بديل للصنف {0},
Not allowed to update stock transactions older than {0},غير مسموح بتحديث معاملات الأسهم الأقدم من {0},
Not authorized to edit frozen Account {0},غير مصرح له بتحرير الحساب المجمد {0},
Not authroized since {0} exceeds limits,غير مخول عندما {0} تتجاوز الحدود,
Not permitted for {0},غير مسموح به {0},
"Not permitted, configure Lab Test Template as required",غير مسموح به، قم بتهيئة قالب اختبار المختبر كما هو مطلوب,
Not permitted. Please disable the Service Unit Type,غير مسموح به. يرجى تعطيل نوع وحدة الخدمة,
Note: Due / Reference Date exceeds allowed customer credit days by {0} day(s),ملاحظة: تاريخ الاستحقاق أو المرجع يتجاوز الأيام المسموح بها بالدين للزبون بقدر{0} يوم,
Note: Item {0} entered multiple times,ملاحظة: تم ادخل الصنف {0} عدة مرات,
Note: Payment Entry will not be created since 'Cash or Bank Account' was not specified,"ملاحظة: لن يتم إنشاء سند دفع لأن ""الحساب النقدي أو البنكي"" لم يتم تحديده",
Note: System will not check over-delivery and over-booking for Item {0} as quantity or amount is 0,ملاحظة: لن يتحقق النظام من التسليم الزائد والحجز الزائد للصنف {0} حيث أن الكمية أو القيمة هي 0,
Note: There is not enough leave balance for Leave Type {0},تحذير: ليس لديك رصيد كافي من الاجازات من نوع {0},
Note: This Cost Center is a Group. Cannot make accounting entries against groups.,ملاحظة: مركز التكلفة هذا مجموعة. لا يمكن تسجيل قيود محاسبية على المجموعات.,
Note: {0},ملاحظة : {0},
Nothing is included in gross,لا شيء مدرج في الإجمالي,
Nothing more to show.,لا شيء أكثر لإظهار.,
Notify Customers via Email,إعلام العملاء عبر البريد الإلكتروني,
Number of Depreciations Booked cannot be greater than Total Number of Depreciations,عدد الاهلاكات المستنفده مسبقا لا يمكن أن يكون أكبر من إجمالي عدد الاهلاكات خلال العمر الافتراضي النافع,
Number of Interaction,عدد مرات التفاعل,
Number of Order,رقم أمر البيع,
"Number of new Account, it will be included in the account name as a prefix",عدد الحساب الجديد، سيتم تضمينه في اسم الحساب كبادئة,
"Number of new Cost Center, it will be included in the cost center name as a prefix",عدد مركز التكلفة الجديد، سيتم إدراجه في اسم مركز التكلفة كبادئة,
Number of root accounts cannot be less than 4,لا يمكن أن يكون عدد حسابات الجذر أقل من 4,
Odometer,عداد المسافات,
Office Equipments,أدوات مكتبية,
Office Maintenance Expenses,نفقات صيانة المكاتب,
Office Rent,ايجار مكتب,
On Hold,معلق,
On Net Total,على صافي الاجمالي,
One customer can be part of only single Loyalty Program.,يمكن أن يكون أحد العملاء جزءًا من برنامج الولاء الوحيد.,
Online Auctions,مزادات على الانترنت,
"Only the Student Applicant with the status ""Approved"" will be selected in the table below.","لن يتم تحديد سوى طالب مقدم الطلب بالحالة ""موافق عليه"" في الجدول أدناه.",
Only users with {0} role can register on Marketplace,يمكن فقط للمستخدمين الذين لديهم دور {0} التسجيل في Marketplace,
Open BOM {0},فتح قائمة المواد {0},
Open Item {0},فتح الصنف {0},
Open Notifications,فتح الإشعارات,
Open Orders,الطلبات المفتوحة,
Open a new ticket,افتح تذكرة جديدة,
Opening,افتتاحي,
Opening (Cr),افتتاحي (Cr),
Opening (Dr),افتتاحي (Dr),
Opening Accounting Balance,فتح ميزان المحاسبة,
Opening Accumulated Depreciation,الاهلاك التراكمي الافتتاحي,
Opening Accumulated Depreciation must be less than equal to {0},يجب أن يكون مجمع الإهلاك الافتتاحي أقل من أو يساوي {0},
Opening Balance,الرصيد الافتتاحي,
Opening Balance Equity,الرصيد الافتتاحي لحقوق الملكية,
Opening Date and Closing Date should be within same Fiscal Year,تاريخ الافتتاح و تاريخ الاغلاق يجب ان تكون ضمن نفس السنة المالية,
Opening Date should be before Closing Date,تاريخ الافتتاح يجب ان يكون قبل تاريخ الاغلاق,
Opening Entry Journal,افتتاح مجلة الدخول,
Opening Invoice Creation Tool,أداة إنشاء فاتورة افتتاحية,
Opening Invoice Item,فتح الفاتورة الصنف,
Opening Invoices,فتح الفواتير,
Opening Invoices Summary,ملخص الفواتير الافتتاحية,
Opening Qty,الكمية الافتتاحية,
Opening Stock,المخزون الافتتاحي,
Opening Stock Balance,رصيد فتح المخزون,
Opening Value,القيمة الافتتاحية,
Opening {0} Invoice created,فتح {0} الفاتورة التي تم إنشاؤها,
Operation Time must be greater than 0 for Operation {0},زمن العملية يجب أن يكون أكبر من 0 للعملية {0},
"Operation {0} longer than any available working hours in workstation {1}, break down the operation into multiple operations",العملية {0} أطول من أي ساعات عمل متاحة في محطة العمل {1}، قسم العملية إلى عمليات متعددة,
Operations,العمليات,
Operations cannot be left blank,لا يمكن ترك (العمليات) فارغة,
Opp Count,أوب كونت,
Opp/Lead %,أوب / ليد%,
Opportunities,الفرص,
Opportunities by lead source,الفرص من خلال المصدر الرئيسي,
Opportunity,فرصة بيع,
Opportunity Amount,مبلغ الفرصة,
"Optional. Sets company's default currency, if not specified.",اختياري. تحديد العملة الافتراضية للشركة، إذا لم يتم تحديدها.,
Optional. This setting will be used to filter in various transactions.,اختياري. سيتم استخدام هذا الإعداد لفلترت المعاملات المختلفة.,
Order Count,عدد الطلبات,
Order Entry,ادخال الطلبية,
Order Value,قيمة الطلب,
Order rescheduled for sync,تمت إعادة جدولة الطلب للمزامنة,
Order/Quot %,أوردر / كوت%,
Ordered,تم الطلب,
Ordered Qty,أمرت الكمية,
"Ordered Qty: Quantity ordered for purchase, but not received.",أمرت الكمية : الكمية المطلوبة لل شراء، ولكن لم تتلق.,
Orders,أوامر,
Orders released for production.,أوامر أصدرت للإنتاج.,
Organization,منظمة,
Organization Name,اسم المنظمة,
Other Reports,تقارير أخرى,
"Other outward supplies(Nil rated,Exempted)",اللوازم الخارجية الأخرى (بدون تقييم، معفاة),
Out Qty,كمية خارجة,
Out Value,القيمة الخارجه,
Out of Order,خارج عن السيطرة,
Outgoing,الصادر,
Outstanding,معلقة,
Outstanding Amount,المبلغ المستحق,
Outstanding Amt,القيمة القائمة,
Outstanding Cheques and Deposits to clear,الشيكات و الإيداعات المعلقة لتوضيح او للمقاصة,
Outstanding for {0} cannot be less than zero ({1}),غير المسددة ل {0} لا يمكن أن يكون أقل من الصفر ( {1} ),
Outward taxable supplies(zero rated),الإمدادات الخارجية الخاضعة للضريبة (صفر التصنيف),
Overdue,متأخر,
Overlap in scoring between {0} and {1},التداخل في التسجيل بين {0} و {1},
Overlapping conditions found between:,الشروط المتداخله التي تم العثور عليها بين:,
PAN,مقلاة,
POS,نقطة البيع,
POS Profile,الملف الشخصي لنقطة البيع,
POS Profile is required to use Point-of-Sale,مطلوب بوس الشخصي لاستخدام نقطة البيع,
POS Profile required to make POS Entry,ملف نقطة البيع مطلوب للقيام بإدخال خاص بنقطة البيع,
POS Settings,إعدادات نقاط البيع,
Packed quantity must equal quantity for Item {0} in row {1},الكمية المعبأة يجب ان تساي كمية الصنف {0} في الصف {1},
Packing Slip,قائمة بمحتويات الشحنة,
Packing Slip(s) cancelled,تم إلغاء قائمة الشحنة,
Paid,مدفوع,
Paid Amount,المبلغ المدفوع,
Paid Amount cannot be greater than total negative outstanding amount {0},المبلغ المدفوع لا يمكن أن يكون أكبر من إجمالي المبلغ القائم السالب {0},
Paid amount + Write Off Amount can not be greater than Grand Total,المبلغ المدفوع + المبلغ المشطوب لا يمكن ان يكون أكبر من المجموع الكلي,
Paid and Not Delivered,تم الدفع ولم يتم التسليم,
Parent Item {0} must not be a Stock Item,الصنف الأب {0} يجب ألا يكون بند مخزون,
Parents Teacher Meeting Attendance,حضور أولياء الأمور للمدرسين,
Partially Depreciated,استهلكت جزئيا,
Partially Received,تلقى جزئيا,
Party,الطرف,
Party Name,اسم الطرف,
Party Type,نوع الطرف,
Party Type and Party is mandatory for {0} account,نوع الطرف والحزب إلزامي لحساب {0},
Party Type is mandatory,حقل نوع المستفيد إلزامي,
Party is mandatory,حقل المستفيد إلزامي,
Past Due Date,تاريخ الاستحقاق السابق,
Patient,صبور,
Patient Appointment,موعد المريض,
Patient Encounter,لقاء المريض,
Patient not found,لم يتم العثور على المريض,
Pay Remaining,دفع المتبقية,
Pay {0} {1},ادفع {0} {1},
Payable,واجب الدفع,
Payable Account,حساب الدائنين,
Payment,دفعة,
Payment Cancelled. Please check your GoCardless Account for more details,دفع ملغى. يرجى التحقق من حسابك في GoCardless لمزيد من التفاصيل,
Payment Confirmation,تأكيد الدفعة,
Payment Document,وثيقة الدفع,
Payment Due Date,تاريخ استحقاق السداد,
Payment Entries {0} are un-linked,قيد مدفوعات {0} غير مترابطة,
Payment Entry,سند دفع,
Payment Entry already exists,سند الدفع موجود بالفعل,
Payment Entry has been modified after you pulled it. Please pull it again.,تم تعديل سند الدفع بعد جلبه. يرجى جلبه مرة أخرى.,
Payment Entry is already created,تم إنشاء سند الدفع بالفعل,
Payment Failed. Please check your GoCardless Account for more details,عملية الدفع فشلت. يرجى التحقق من حسابك في GoCardless لمزيد من التفاصيل,
"Payment Gateway Account not created, please create one manually.",حساب بوابة الدفع لم يتم انشاءه، يرجى إنشاء واحد يدويا.,
Payment Mode,طريقة الدفع,
Payment Receipt Note,إشعار إيصال الدفع,
Payment Request,طلب الدفع من قبل المورد,
Payment Request for {0},طلب الدفع ل {0},
Payment Tems,تيمس الدفع,
Payment Term,مصطلح الدفع,
Payment Terms,شروط الدفع,
Payment Terms Template,قالب شروط الدفع,
Payment Terms based on conditions,شروط الدفع حسب الشروط,
Payment Type,نوع الدفعة,
"Payment Type must be one of Receive, Pay and Internal Transfer","نوع الدفع يجب أن يكون إما استلام, دفع أو مناقلة داخلية",
Payment against {0} {1} cannot be greater than Outstanding Amount {2},الدفعة مقابل {0} {1} لا يمكن أن تكون أكبر من المبلغ القائم {2},
Payment request {0} created,تم إنشاء طلب الدفع {0},
Payroll Payable,رواتب واجبة الدفع,
Payslip,قسيمة الدفع,
Pending Activities,الأنشطة المعلقة,
Pending Amount,في انتظار المبلغ,
Pending Leaves,الأوراق المعلقة,
Pending Qty,الكمية التي قيد الانتظار,
Pending Quantity,في انتظار الكمية,
Pending Review,في انتظار المراجعة,
Pending activities for today,الأنشطة في انتظار لهذا اليوم,
Pension Funds,صناديق التقاعد,
Percentage Allocation should be equal to 100%,مجموع النسب المخصصة يجب ان تساوي 100 %,
Perception Analysis,تحليل التصور,
Period Closing Entry,قيد إغلاق الفترة/المدة,
Period Closing Voucher,قيد إغلاق الفترة,
Periodicity,دورية,
Personal Details,تفاصيل شخصي,
Pharmaceutical,الأدوية,
Pharmaceuticals,الصيدليات,
Physician,الطبيب المعالج,
Place Of Supply (State/UT),مكان التوريد (الولاية / يو تي),
Place Order,تقديم الطلب,
Plan for maintenance visits.,التخطيط لزيارات الصيانة.,
Planned Qty,الكمية المخططة,
"Planned Qty: Quantity, for which, Work Order has been raised, but is pending to be manufactured.","الكمية المخططة: الكمية، التي تم رفع ""أمر التشغيل""، ولكن قيد التصنيع.",
Planning,التخطيط,
Plants and Machineries,وحدات التصنيع والآلات,
Please Set Supplier Group in Buying Settings.,يرجى تعيين مجموعة الموردين في إعدادات الشراء.,
Please add a Temporary Opening account in Chart of Accounts,الرجاء إضافة حساب فتح مؤقت في مخطط الحسابات,
Please add the account to root level Company - ,الرجاء إضافة الحساب إلى شركة المستوى الجذر -,
Please check Multi Currency option to allow accounts with other currency,يرجى اختيار الخيار عملات متعددة للسماح بحسابات مع عملة أخرى,
Please click on 'Generate Schedule',"الرجاء انقر على ""إنشاء الجدول الزمني""",
Please click on 'Generate Schedule' to fetch Serial No added for Item {0},"الرجاء النقر على ""إنشاء جدول"" لجلب الرقم التسلسلي المضاف للصنف {0}",
Please click on 'Generate Schedule' to get schedule,الرجاء الضغط علي ' إنشاء الجدول ' للحصول علي جدول,
Please create purchase receipt or purchase invoice for the item {0},يرجى إنشاء إذن الاستلام أو فاتورة المشتريات للصنف {0},
Please define grade for Threshold 0%,يرجى تحديد المستوى للحد 0%,
Please enable Applicable on Booking Actual Expenses,يرجى تمكين Applicable على Booking Actual Expenses,
Please enable Applicable on Purchase Order and Applicable on Booking Actual Expenses,يرجى تمكين Applicable على أمر الشراء والتطبيق على المصروفات الفعلية للحجز,
Please enter 'Is Subcontracted' as Yes or No,"الرجاء إدخال ""هل تعاقد بالباطن"" ب نعم أو لا",
Please enter API Consumer Key,الرجاء إدخال مفتاح عميل واجهة برمجة التطبيقات,
Please enter API Consumer Secret,الرجاء إدخال سر عميل واجهة برمجة التطبيقات,
Please enter Account for Change Amount,الرجاء إدخال الحساب لمبلغ التغيير,
Please enter Approving Role or Approving User,الرجاء إدخال صلاحية المخول بالتصديق أو المستخدم المخول بالتصديق,
Please enter Cost Center,يرجى إدخال مركز التكلفة,
Please enter Delivery Date,الرجاء إدخال تاريخ التسليم,
Please enter Employee Id of this sales person,الرجاء إدخال معرف الموظف الخاص بشخص المبيعات هذا,
Please enter Expense Account,الرجاء إدخال حساب النفقات,
Please enter Item Code to get Batch Number,الرجاء إدخال رمز الصنف للحصول على رقم الدفعة,
Please enter Item Code to get batch no,الرجاء إدخال كود الصنف للحصول على رقم الدفعة,
Please enter Item first,الرجاء إدخال الصنف أولا,
Please enter Maintaince Details first,الرجاء إدخال تفاصيل الصيانة أولا,
Please enter Planned Qty for Item {0} at row {1},الرجاء إدخال الكمية المخططة للصنف {0} في الصف {1},
Please enter Preferred Contact Email,الرجاء إدخال البريد إلكتروني المفضل للاتصال,
Please enter Production Item first,الرجاء إدخال بند الإنتاج أولا,
Please enter Purchase Receipt first,يرجى إدخال إذن الاستلام أولًا,
Please enter Receipt Document,الرجاء إدخال مستند الاستلام,
Please enter Reference date,الرجاء إدخال تاريخ المرجع,
Please enter Reqd by Date,الرجاء إدخال ريد حسب التاريخ,
Please enter Woocommerce Server URL,الرجاء إدخال عنوان الرابط لخادم Woocommerce,
Please enter Write Off Account,الرجاء إدخال حساب الشطب,
Please enter atleast 1 invoice in the table,الرجاء إدخال الاقل فاتورة 1 في الجدول,
Please enter company first,الرجاء إدخال الشركة أولا,
Please enter company name first,الرجاء إدخال اسم الشركة اولاً,
Please enter default currency in Company Master,الرجاء إدخال العملة الافتراضية في شركة الرئيسية,
Please enter message before sending,الرجاء إدخال الرسالة قبل الإرسال,
Please enter parent cost center,الرجاء إدخال مركز تكلفة الأب,
Please enter quantity for Item {0},الرجاء إدخال الكمية للصنف {0},
Please enter relieving date.,من فضلك ادخل تاريخ ترك العمل.,
Please enter valid Financial Year Start and End Dates,الرجاء إدخال تاريخ بداية السنة المالية وتاريخ النهاية,
Please enter valid email address,الرجاء إدخال عنوان بريد إلكتروني صالح,
Please enter {0} first,الرجاء إدخال {0} أولاً,
Please fill in all the details to generate Assessment Result.,يرجى ملء جميع التفاصيل لإنشاء نتيجة التقييم.,
Please identify/create Account (Group) for type - {0},يرجى تحديد / إنشاء حساب (مجموعة) للنوع - {0},
Please identify/create Account (Ledger) for type - {0},يرجى تحديد / إنشاء حساب (دفتر الأستاذ) للنوع - {0},
Please login as another user to register on Marketplace,الرجاء تسجيل الدخول كمستخدم آخر للتسجيل في Marketplace,
Please make sure you really want to delete all the transactions for this company. Your master data will remain as it is. This action cannot be undone.,يرجى التأكد من أنك تريد حقا حذف جميع المعاملات لهذه الشركة. ستبقى بياناتك الرئيسية (الماستر) كما هيا. لا يمكن التراجع عن هذا الإجراء.,
Please mention Basic and HRA component in Company,يرجى ذكر المكون الأساسي وحساب الموارد البشرية في الشركة,
Please mention Round Off Account in Company,يرجى ذكر حساب التقريب في الشركة,
Please mention Round Off Cost Center in Company,يرجى ذكر مركز التكلفة الخاص بالتقريب في الشركة,
Please mention no of visits required,يرجى ذكر عدد الزيارات المطلوبة,
Please mention the Lead Name in Lead {0},يرجى ذكر الاسم الرائد في العميل {0},
Please pull items from Delivery Note,يرجى جلب الأصناف من إذن التسليم,
Please register the SIREN number in the company information file,يرجى تسجيل رقم سيرين في ملف معلومات الشركة,
Please remove this Invoice {0} from C-Form {1},الرجاء إزالة الفاتورة {0} من النموذج C {1},
Please save the patient first,يرجى حفظ المريض أولا,
Please save the report again to rebuild or update,يرجى حفظ التقرير مرة أخرى لإعادة البناء أو التحديث,
"Please select Allocated Amount, Invoice Type and Invoice Number in atleast one row",الرجاء تحديد القيمة المخصصة و نوع الفاتورة ورقم الفاتورة على الأقل في صف واحد,
Please select Apply Discount On,الرجاء اختيار (تطبيق تخفيض على),
Please select BOM against item {0},الرجاء اختيار بوم ضد الصنف {0},
Please select BOM for Item in Row {0},الرجاء تحديد قائمة المواد للصنف في الصف {0},
Please select BOM in BOM field for Item {0},يرجى تحديد قائمة المواد في الحقل (قائمة المواد) للصنف {0},
Please select Category first,الرجاء تحديد التصنيف أولا,
Please select Charge Type first,يرجى تحديد نوع الرسوم أولا,
Please select Company and Posting Date to getting entries,يرجى اختيار الشركة وتاريخ الترحيل لجلب القيود,
Please select Company first,الرجاء تحديد الشركة أولا,
Please select Completion Date for Completed Asset Maintenance Log,يرجى تحديد تاريخ الانتهاء لاستكمال سجل صيانة الأصول,
Please select Completion Date for Completed Repair,يرجى تحديد تاريخ الانتهاء للإصلاح المكتمل,
Please select Course,الرجاء تحديد الدورة التدريبية,
Please select Drug,يرجى اختيار المخدرات,
Please select Existing Company for creating Chart of Accounts,الرجاء اختيار الشركة الحالية لإنشاء دليل الحسابات,
Please select Healthcare Service,يرجى اختيار خدمة الرعاية الصحية,
"Please select Item where ""Is Stock Item"" is ""No"" and ""Is Sales Item"" is ""Yes"" and there is no other Product Bundle","يرجى اختيار صنف تكون قيمة ""صنف مخزني"" له ""لا"" وقيمة ""صنف مبيعات"" له ""نعم"" ولا توجد له حزمة منتجات أخرى",
Please select Maintenance Status as Completed or remove Completion Date,يرجى تحديد حالة الصيانة على أنها اكتملت أو أزل تاريخ الاكتمال,
Please select Party Type first,يرجى تحديد نوع الطرف أولا,
Please select Patient,يرجى تحديد المريض,
Please select Patient to get Lab Tests,يرجى اختيار المريض للحصول على اختبارات مختبر,
Please select Posting Date before selecting Party,يرجى اختيار تاريخ الترحيل قبل اختيار الطرف,
Please select Posting Date first,يرجى اختيار تاريخ الترحيل أولًا,
Please select Price List,يرجى اختيار قائمة الأسعار,
Please select Program,يرجى تحديد البرنامج,
Please select Qty against item {0},يرجى اختيار الكمية مقابل الصنف {0},
Please select Sample Retention Warehouse in Stock Settings first,يرجى أولًا اختيار مستودع الاحتفاظ بالعينات من إعدادات المخزون,
Please select Start Date and End Date for Item {0},الرجاء تحديد تاريخ البدء وتاريخ الانتهاء للصنف {0},
Please select Student Admission which is mandatory for the paid student applicant,يرجى اختيار قبول الطالب الذي هو إلزامي للمتقدم طالب طالب,
Please select a BOM,يرجى تحديد بوم,
Please select a Batch for Item {0}. Unable to find a single batch that fulfills this requirement,الرجاء تحديد دفعة للصنف {0}. تعذر العثور على دفعة واحدة تستوفي هذا المطلب,
Please select a Company,الرجاء اختيار الشركة,
Please select a batch,يرجى تحديد دفعة,
Please select a field to edit from numpad,الرجاء تحديد حقل لتعديله من المفكرة,
Please select a table,يرجى تحديد جدول,
Please select a valid Date,يرجى تحديد تاريخ صالح,
Please select a value for {0} quotation_to {1},يرجى اختيار قيمة ل {0} عرض مسعر إلى {1},
Please select a warehouse,يرجى تحديد مستودع,
Please select at least one domain.,الرجاء تحديد نطاق واحد على الأقل.,
Please select correct account,يرجى اختيارالحساب الصحيح,
Please select date,يرجى تحديد التاريخ,
Please select item code,الرجاء تحديد رمز الصنف,
Please select month and year,الرجاء اختيار الشهر والسنة,
Please select the Company,يرجى تحديد الشركة,
Please select the Multiple Tier Program type for more than one collection rules.,يرجى تحديد نوع البرنامج متعدد الطبقات لأكثر من قواعد مجموعة واحدة.,
Please select the assessment group other than 'All Assessment Groups',"يرجى اختيار مجموعة التقييم بخلاف ""جميع مجموعات التقييم""",
Please select the document type first,يرجى تحديد نوع الوثيقة أولاً,
Please select weekly off day,الرجاء اختيار يوم العطلة الاسبوعي,
Please select {0} first,الرجاء تحديد {0} أولا,
Please set 'Apply Additional Discount On',يرجى تحديد 'تطبيق خصم إضافي على',
Please set 'Asset Depreciation Cost Center' in Company {0},"يرجى تحديد ""مركز تكلفة اهلاك الأصول"" للشركة {0}",
Please set 'Gain/Loss Account on Asset Disposal' in Company {0},"يرجى تحديد ""احساب لربح / الخسارة عند التخلص من الأصول"" للشركة {0}",
Please set Account in Warehouse {0} or Default Inventory Account in Company {1},يرجى تعيين Account in Warehouse {0} أو Account Inventory Account in Company {1},
Please set B2C Limit in GST Settings.,الرجاء تعيين حد B2C في إعدادات غست.,
Please set Company,يرجى تعيين الشركة,
Please set Company filter blank if Group By is 'Company',الرجاء تعيين فلتر الشركة فارغا إذا كانت المجموعة بي هي 'كومباني',
Please set Default Payroll Payable Account in Company {0},الرجاء تحديد الحساب افتراضي لدفع الرواتب في الشركة {0},
Please set Depreciation related Accounts in Asset Category {0} or Company {1},يرجى تحديد الحسابات المتعلقة بالاهلاك في فئة الأصول {0} أو الشركة {1},
Please set GST Accounts in GST Settings,يرجى تعيين حسابات ضريبة السلع والخدمات في إعدادات غست,
Please set Hotel Room Rate on {},يرجى تحديد سعر غرفة الفندق على {},
Please set Number of Depreciations Booked,الرجاء تعيين عدد الاهلاكات المستنفده مسبقا,
Please set Unrealized Exchange Gain/Loss Account in Company {0},يرجى تعيين حساب أرباح / خسائر غير محققة في الشركة {0},
Please set User ID field in an Employee record to set Employee Role,الرجاء حدد هوية المستخدم في سجلات الموظف للتمكن من تحديد الصلاحية للموظف,
Please set a default Holiday List for Employee {0} or Company {1},يرجى تعيين قائمة العطل الافتراضية للموظف {0} أو الشركة {1},
Please set account in Warehouse {0},يرجى تعيين الحساب في مستودع {0},
Please set an active menu for Restaurant {0},الرجاء تعيين قائمة نشطة لمطعم {0},
Please set associated account in Tax Withholding Category {0} against Company {1},يرجى تعيين الحساب المرتبط في فئة الضريبة المستقطعة {0} مقابل الشركة {1},
Please set at least one row in the Taxes and Charges Table,يرجى ضبط صف واحد على الأقل في جدول الضرائب والرسوم,
Please set default Cash or Bank account in Mode of Payment {0},الرجاء تحديد الحساب البنكي أو النقدي الافتراضي في نوع الدفع,
Please set default account in Salary Component {0},الرجاء تحديد حساب افتراضي في مكون الراتب {0},
Please set default customer in Restaurant Settings,يرجى تعيين العملاء الافتراضي في إعدادات المطعم,
Please set default {0} in Company {1},يرجى تعيين {0} الافتراضي للشركة {1},
Please set filter based on Item or Warehouse,يرجى ضبط الفلتر على أساس الصنف أو المستودع,
Please set leave policy for employee {0} in Employee / Grade record,يرجى وضع سياسة الإجازة للموظف {0} في سجل الموظف / الدرجة,
Please set recurring after saving,يرجى تحديد (تكرار) بعد الحفظ,
Please set the Customer Address,يرجى ضبط عنوان العميل,
Please set the Default Cost Center in {0} company.,يرجى تعيين مركز التكلفة الافتراضي في الشركة {0}.,
Please set the Email ID for the Student to send the Payment Request,يرجى تعيين معرف البريد الإلكتروني للطالب لإرسال طلب الدفع,
Please set the Item Code first,يرجى تعيين رمز الصنف أولا,
Please set the Payment Schedule,يرجى ضبط جدول الدفع,
Please set {0} for address {1},يرجى ضبط {0} للعنوان {1},
Please setup Students under Student Groups,يرجى إعداد الطلاب تحت مجموعات الطلاب,
Please specify Company,يرجى تحديد شركة,
Please specify Company to proceed,الرجاء تحديد الشركة للمضى قدما,
Please specify a valid 'From Case No.',"يرجى تحديد صالح ""من رقم الحالة""",
Please specify a valid Row ID for row {0} in table {1},يرجى تحديد هوية الصف صالحة لصف {0} في الجدول {1},
Please specify at least one attribute in the Attributes table,يرجى تحديد خاصية واحدة على الأقل في جدول (الخاصيات),
Please specify currency in Company,يرجى تحديد العملة للشركة,
Please specify either Quantity or Valuation Rate or both,يرجى تحديد الكمية أو التقييم إما قيم أو كليهما,
Please specify from/to range,يرجى التحديد من / إلى النطاق,
Please supply the specified items at the best possible rates,يرجى تزويدنا بالأصناف المحددة بأفضل الأسعار الممكنة,
Please wait 3 days before resending the reminder.,يرجى الانتظار 3 أيام قبل إعادة إرسال التذكير.,
Point of Sale,نقطة البيع,
Point-of-Sale,نقطة البيع,
Point-of-Sale Profile,ملف نقطة البيع,
Possible Supplier,مورد محتمل,
Postal Expenses,نفقات بريدية,
Posting Date,تاريخ الترحيل,
Posting Date cannot be future date,لا يمكن أن يكون تاريخ الترحيل تاريخًا مستقبليًا,
Posting Time,وقت الترحيل,
Posting date and posting time is mandatory,تاريخ الترحيل ووقته إلزاميان,
Posting timestamp must be after {0},الطابع الزمني للترحيل يجب أن يكون بعد {0},
Potential opportunities for selling.,فرص بيع محتملة.,
Practitioner Schedule,جدول ممارس,
Pre Sales,قبل البيع,
Preference,تفضيل,
Prescribed Procedures,الإجراءات المقررة,
Prescription,وصفة طبية,
Prescription Dosage,وصفة الجرعة,
Prescription Duration,مدة الوصفة الطبية,
Prescriptions,وصفات,
Prev,السابق,
Previous Financial Year is not closed,السنة المالية السابقة ليست مغلقة,
Price,السعر,
Price List,قائمة الأسعار,
Price List Currency not selected,قائمة أسعار العملات غير محددة,
Price List Rate,سعر قائمة الأسعار,
Price List master.,الماستر الخاص بقائمة الأسعار.,
Price List must be applicable for Buying or Selling,يجب ان تكون قائمة الأسعار منطبقه للشراء او البيع,
Price List {0} is disabled or does not exist,قائمة الأسعار {0} تعطيل أو لا وجود لها,
Price or product discount slabs are required,ألواح سعر الخصم أو المنتج مطلوبة,
Pricing,التسعير,
Pricing Rule,قاعدة التسعير,
"Pricing Rule is first selected based on 'Apply On' field, which can be Item, Item Group or Brand.",خاصية قاعدة التسعير يمكن تطبيقها على بند، فئة بنود او علامة التجارية.,
"Pricing Rule is made to overwrite Price List / define discount percentage, based on some criteria.",خاصية قاعدة التسعير تم تكوينها لتقوم بعمليات اعادة كتابة لقوائم الاسعار و تحديد نسبة التخفيض، استنادا إلى بعض المعايير.,
Pricing Rule {0} is updated,يتم تحديث قاعدة التسعير {0},
Pricing Rules are further filtered based on quantity.,كما تتم فلترت قواعد التسعير على أساس الكمية.,
Primary Address Details,تفاصيل العنوان الرئيسي,
Primary Contact Details,تفاصيل الاتصال الأساسية,
Print IRS 1099 Forms,طباعة نماذج مصلحة الضرائب 1099,
Print Report Card,طباعة بطاقة التقرير,
Print and Stationery,طباعة وقرطاسية,
Print settings updated in respective print format,تم تحديث إعدادات الطباعة في تنسيق الطباعة الخاصة,
Printing and Branding,الطباعة و العلامات التجارية,
Private Equity,رأس المال الخاص,
Procedure,إجراء,
Process Day Book Data,عملية دفتر اليوم البيانات,
Process Master Data,معالجة البيانات الرئيسية,
Processing Chart of Accounts and Parties,معالجة الرسم البياني للحسابات والأطراف,
Processing Items and UOMs,معالجة الأصناف و وحدة القياس s,
Processing Party Addresses,معالجة عناوين الحزب,
Processing Vouchers,تجهيز القسائم,
Procurement,الشراء,
Produced Qty,الكمية المنتجة,
Product,المنتج,
Product Bundle,حزم المنتجات,
Product Search,بحث عن منتج,
Production,الإنتاج,
Production Item,بند انتاج,
Products,المنتجات,
Profit and Loss,الربح والخسارة,
Profit for the year,الربح السنوي,
Program,برنامج,
Program in the Fee Structure and Student Group {0} are different.,البرنامج في هيكل الرسوم ومجموعة الطلاب {0} مختلفة.,
Program {0} does not exist.,البرنامج {0} غير موجود.,
Program: ,برنامج:,
Progress % for a task cannot be more than 100.,التقدم% لاي مهمة لا يمكن أن تكون أكثر من 100.,
Project Collaboration Invitation,دعوة للمشاركة في المشاريع,
Project Id,هوية المشروع,
Project Manager,مدير المشروع,
Project Name,اسم المشروع,
Project Start Date,تاريخ بدء المشروع,
Project Status,حالة المشروع,
Project Summary for {0},ملخص المشروع لـ {0},
Project Update.,تحديث المشروع.,
Project Value,قيمة المشروع,
Project activity / task.,نشاط او مهمة لمشروع.,
Project master.,المدير الرئيسي بالمشروع.,
Project-wise data is not available for Quotation,البيانات الخاصة بالمشروع غير متوفرة للعرض المسعر,
Projected,المخطط له,
Projected Qty,الكمية المتوقعة,
Projected Quantity Formula,الصيغة الكمية المتوقعة,
Projects,المشاريع,
Proposal Writing,تجهيز العروض,
Proposal/Price Quote,اقتراح / سعر الاقتباس,
Prospecting,تنقيب,
Provisional Profit / Loss (Credit),الربح / الخسارة المؤقته (دائن),
Publications,المنشورات,
Publish Items on Website,نشر عناصر على الموقع,
Publishing,نشر,
Purchase,الشراء,
Purchase Amount,قيمة الشراء,
Purchase Date,تاريخ الشراء,
Purchase Invoice,فاتورة المشتريات,
Purchase Invoice {0} is already submitted,تم اعتماد فاتورة المشتريات {0} بالفعل,
Purchase Order,أمر شراء,
Purchase Order Amount,مبلغ أمر الشراء,
Purchase Order Amount(Company Currency),مبلغ أمر الشراء (عملة الشركة),
Purchase Order Date,تاريخ أمر الشراء,
Purchase Order Items not received on time,أصناف أمر الشراء لم تُستلم في الوقت المحدد,
Purchase Order number required for Item {0},رقم أمر الشراء مطلوب للصنف {0},
Purchase Order to Payment,مدفوعات امر الشراء,
Purchase Order {0} is not submitted,أمر الشراء {0} يجب أن يعتمد,
Purchase Orders are not allowed for {0} due to a scorecard standing of {1}.,غير مسموح بأوامر الشراء {0} بسبب وضع بطاقة النقاط {1}.,
Purchase Orders given to Suppliers.,اوامر شراء تم اصدارها للموردين.,
Purchase Price List,قائمة أسعار الشراء,
Purchase Receipt,إذن الاستلام,
Purchase Receipt {0} is not submitted,إذن الاستلام {0} غير معتمد,
Purchase Tax Template,قالب الضرائب على المشتريات,
Purchase orders help you plan and follow up on your purchases,أوامر الشراء تساعدك على تخطيط ومتابعة عمليات الشراء الخاصة بك,
Purchasing,المشتريات,
Purpose must be one of {0},الهدف يجب ان يكون واحد ل {0},
Qty,الكمية,
Qty To Manufacture,الكمية للتصنيع,
Qty Total,الكمية المجموع,
Qty for {0},الكمية ل {0},
Qualification,المؤهل,
Quality,جودة,
Quality Action,جودة العمل,
Quality Goal.,هدف الجودة.,
Quality Inspection,فحص الجودة,
Quality Inspection: {0} is not submitted for the item: {1} in row {2},فحص الجودة: {0} لم يتم تقديمه للصنف: {1} في الصف {2},
Quality Management,إدارة الجودة,
Quality Meeting,اجتماع الجودة,
Quality Procedure,إجراءات الجودة,
Quality Procedure.,إجراءات الجودة.,
Quality Review,مراجعة جودة,
Quantity,الكمية,
Quantity for Item {0} must be less than {1},كمية القطعة ل {0} يجب أن يكون أقل من {1},
Quantity in row {0} ({1}) must be same as manufactured quantity {2},الكمية في سطر {0} ({1}) يجب ان تكون نفس الكمية المصنعة{2},
Quantity must be less than or equal to {0},يجب أن تكون الكمية أقل من أو تساوي {0},
Quantity must not be more than {0},الكمية يجب ألا تكون أكثر من {0},
Quantity required for Item {0} in row {1},الكمية مطلوبة للصنف {0} في الصف {1},
Quantity should be greater than 0,الكمية يجب أن تكون أبر من 0,
Quantity to Make,كمية لجعل,
Quantity to Manufacture must be greater than 0.,"""الكمية لتصنيع"" يجب أن تكون أكبر من 0.",
Quantity to Produce,كمية لإنتاج,
Quantity to Produce can not be less than Zero,لا يمكن أن تكون كمية الإنتاج أقل من الصفر,
Queued for replacing the BOM. It may take a few minutes.,في قائمة الانتظار لاستبدال BOM. قد يستغرق بضع دقائق.,
Queued for updating latest price in all Bill of Materials. It may take a few minutes.,قائمة الانتظار لتحديث أحدث الأسعار في جميع بيل المواد. قد يستغرق بضع دقائق.,
Quick Journal Entry,قيد دفتر يومية سريع,
Quot Count,عدد النقاط,
Quot/Lead %,مناقصة / زبون محتمل%,
Quotation,عرض سعر,
Quotation {0} is cancelled,العرض المسعر {0} تم إلغائه,
Quotation {0} not of type {1},عرض مسعر {0} ليس من النوع {1},
Quotations,عروض مسعرة,
"Quotations are proposals, bids you have sent to your customers",عروض المسعره هي المقترحات، و المناقصات التي تم إرسالها للزبائن,
Quotations received from Suppliers.,عروض تم استقبالها من الموردين.,
Quotations: ,عروض مسعرة:,
Quotes to Leads or Customers.,قدم عروض مسعرة للزبائن المحتملين أو الزبائن المتعامل معهم سابقا.,
RFQs are not allowed for {0} due to a scorecard standing of {1},غير مسموح ب رفق ل {0} بسبب وضع بطاقة الأداء ل {1},
Rate,السعر,
Rate:,معدل:,
Raw Material,المواد الخام,
Raw Materials,مواد أولية,
Raw Materials cannot be blank.,لا يمكن ترك المواد الخام فارغة.,
Re-open,اعادة فتح,
Read blog,قراءة بلوق,
Read the ERPNext Manual,اقرا دليل مستخدم ITQAN ERP,
Reading Uploaded File,قراءة ملف تم الرفع,
Real Estate,العقارات,
Reason For Putting On Hold,سبب لوضع في الانتظار,
Reason for Hold,سبب الانتظار,
Reason for hold: ,سبب الانتظار:,
Receipt,إيصال,
Receipt document must be submitted,يجب تقديم وثيقة الاستلام,
Receivable,مستحق,
Receivable Account,حساب مدين,
Received On,وردت في,
Received Quantity,الكمية المستلمة,
Received Stock Entries,تلقى قيود الأسهم,
Receiver List is empty. Please create Receiver List,قائمة المرسل اليهم فارغة. يرجى إنشاء قائمة المرسل اليهم,
Reconcile,توفيق,
"Record of all communications of type email, phone, chat, visit, etc.",تسجيل جميع اتصالات البريد الإلكتروني، الهاتف، والدردشة، والزيارة، الخ,
Records,تسجيل,
Ref,المرجع,
Ref Date,تاريخ المرجع,
Reference #{0} dated {1},المرجع # {0} بتاريخ {1},
Reference Doctype must be one of {0},المستند المرجع يجب أن يكون واحد من {0},
Reference No & Reference Date is required for {0},رقم المرجع وتاريخه مطلوبان ل {0},
Reference No and Reference Date is mandatory for Bank transaction,رقم المرجع و تاريخ المرجع إلزامي للمعاملة المصرفية,
Reference No is mandatory if you entered Reference Date,رقم المرجع إلزامي اذا أدخلت تاريخ المرجع,
Reference No.,رقم المرجع.,
Reference Number,رقم الارتباط,
"Reference: {0}, Item Code: {1} and Customer: {2}",المرجع: {0}، رمز الصنف: {1} والعميل: {2},
References,المراجع,
Register,تسجيل,
Related,ذات صلة,
Relation with Guardian1,العلاقة مع ولي الامر 1,
Relation with Guardian2,العلاقة مع ولي الامر 2,
Release Date,تاريخ النشر,
Reload Linked Analysis,إعادة تحميل التحليل المرتبط,
Remaining,المتبقية,
Remaining Balance,الرصيد المتبقي,
Remarks,ملاحظات,
Reminder to update GSTIN Sent,تذكير بتحديث غستن المرسلة,
Remove item if charges is not applicable to that item,إزالة الصنف إذا الرسوم لا تنطبق على هذا الصنف,
Removed items with no change in quantity or value.,الأصناف إزالتها مع أي تغيير في كمية أو قيمة.,
Reorder Level,حد إعادة الطلب,
Reorder Qty,الكمية المحددة عند اعادة الطلب,
Repeat Customer Revenue,ايرادات الزبائن المكررين,
Repeat Customers,الزبائن المكررين,
Replace BOM and update latest price in all BOMs,استبدال بوم وتحديث أحدث الأسعار في جميع بومس,
Report Type is mandatory,نوع التقرير إلزامي,
Reqd By Date,Reqd حسب التاريخ,
Reqd Qty,الكمية المقسمة,
Request for Quotation,طلب عرض سعر,
Request for Quotations,طلب عروض مسعره,
Request for Raw Materials,طلب المواد الخام,
Request for purchase.,طلب للشراء.,
Request for quotation.,طلب للحصول على عرض مسعر.,
Requested Qty,الكمية المطلبة,
"Requested Qty: Quantity requested for purchase, but not ordered.",طلب الكمية : الكمية المطلوبة للشراء، ولكن ليس أمر.,
Requesting Site,طلب موقع,
Requesting payment against {0} {1} for amount {2},طلب الدفعة مقابل {0} {1} لقيمة {2},
Requestor,الطالب,
Required On,مطلوب في,
Required Qty,مطلوب الكمية,
Required Quantity,الكمية المطلوبة,
Reschedule,إعادة جدولة,
Research,ابحاث,
Research & Development,البحث و التطوير,
Researcher,الباحث,
Resend Payment Email,إعادة إرسال الدفعة عبر البريد الإلكتروني,
Reserve Warehouse,احتياطي مستودع,
Reserved Qty,الكمية المحجوزة,
Reserved Qty for Production,الكمية المحجوزة للانتاج,
Reserved Qty for Production: Raw materials quantity to make manufacturing items.,الكمية المخصصة للإنتاج: كمية المواد الخام لتصنيع المواد.,
"Reserved Qty: Quantity ordered for sale, but not delivered.",الكمية المحجوزة : الكمية المطلوبة لل بيع، ولكن لم يتم تسليمها.,
Reserved Warehouse is mandatory for Item {0} in Raw Materials supplied,مستودع محجوز إلزامي للصنف {0} في المواد الخام الموردة,
Reserved for manufacturing,محفوظة لتصنيع,
Reserved for sale,محفوظة للبيع,
Reserved for sub contracting,محجوزة للتعاقد من الباطن,
Resistant,مقاومة,
Resolve error and upload again.,حل الخطأ وتحميل مرة أخرى.,
Rest Of The World,باقي أنحاء العالم,
Restart Subscription,إعادة تشغيل الاشتراك,
Restaurant,مطعم,
Result Date,تاريخ النتيجة,
Result already Submitted,تم إرسال النتيجة من قبل,
Resume,استئنف,
Retail,بيع قطاعي,
Retail & Wholesale,بيع بالتجزئة والجملة,
Retail Operations,عمليات بيع المفرق,
Retained Earnings,أرباح محتجزة,
Retention Stock Entry,الاحتفاظ الأسهم,
Retention Stock Entry already created or Sample Quantity not provided,الاحتفاظ الأسهم دخول بالفعل إنشاء أو عينة الكمية غير المقدمة,
Return,مرتجع,
Return / Credit Note,ارجاع / اشعار دائن,
Return / Debit Note,ارجاع / اشعار مدين,
Returns,النتائج,
Reverse Journal Entry,عكس دخول المجلة,
Review Invitation Sent,تم إرسال دعوة المراجعة,
Review and Action,مراجعة والعمل,
Rooms Booked,الغرف غرف الفندق مكيفة،,
Root Company,شركة الجذر,
Root Type,نوع الجذر,
Root Type is mandatory,نوع الجذر إلزامي,
Root cannot be edited.,الجذرلا يمكن تعديل.,
Root cannot have a parent cost center,الجذر لا يمكن أن يكون له مركز تكلفة أب,
Round Off,تقريب,
Rounded Total,الإجمالي المقرب,
Row # {0}: ,الصف # {0},
Row # {0}: Batch No must be same as {1} {2},الصف # {0}: رقم الباتش يجب أن يكون نفس {1} {2},
Row # {0}: Cannot return more than {1} for Item {2},الصف # {0}: لا يمكن الارجاع أكثر من {1} للصنف {2},
Row # {0}: Rate cannot be greater than the rate used in {1} {2},الصف # {0}: لا يمكن أن يكون المعدل أكبر من المعدل المستخدم في {1} {2},
Row # {0}: Serial No is mandatory,الصف # {0}: الرقم التسلسلي إلزامي,
Row # {0}: Serial No {1} does not match with {2} {3},الصف # {0}: الرقم التسلسلي {1} لا يتطابق مع {2} {3},
Row #{0} (Payment Table): Amount must be negative,الصف # {0} (جدول الدفع): يجب أن يكون المبلغ سلبيًا,
Row #{0} (Payment Table): Amount must be positive,الصف رقم {0} (جدول الدفع): يجب أن يكون المبلغ موجبا,
Row #{0}: Account {1} does not belong to company {2},الصف # {0}: الحساب {1} لا ينتمي إلى الشركة {2},
Row #{0}: Allocated Amount cannot be greater than outstanding amount.,الصف # {0}: المبلغ المخصص لا يمكن أن يكون أكبر من المبلغ المستحق.,
"Row #{0}: Asset {1} cannot be submitted, it is already {2}",الصف # {0}: الاصل {1} لا يمكن تقديمه، لانه بالفعل {2},
Row #{0}: Cannot set Rate if amount is greater than billed amount for Item {1}.,"الصف # {0}: لا يمكن تعيين ""معدل"" إذا كان المقدار أكبر من مبلغ الفاتورة للصنف {1}.",
Row #{0}: Clearance date {1} cannot be before Cheque Date {2},الصف # {0}: لا يمكن ان يكون تاريخ التخليص {1} قبل تاريخ الشيك,
Row #{0}: Duplicate entry in References {1} {2},الصف # {0}: إدخال مكرر في المراجع {1} {2},
Row #{0}: Expected Delivery Date cannot be before Purchase Order Date,الصف # {0}: تاريخ التسليم المتوقع لا يمكن أن يكون قبل تاريخ أمر الشراء,
Row #{0}: Item added,الصف # {0}: تمت إضافة الصنف,
Row #{0}: Journal Entry {1} does not have account {2} or already matched against another voucher,الصف {1} : قيد اليومية {1} لا يحتوى على الحساب {2} أو بالفعل يوجد في قسيمة مقابلة أخرى,
Row #{0}: Not allowed to change Supplier as Purchase Order already exists,الصف رقم {0}: غير مسموح تغيير المورد لأن أمر الشراء موجود مسبقاً,
Row #{0}: Please set reorder quantity,الصف # {0}: يرجى تعيين إعادة ترتيب الكمية,
Row #{0}: Please specify Serial No for Item {1},الصف # {0}: يرجى تحديد رقم التسلسلي للتاريخ {1},
Row #{0}: Qty increased by 1,الصف # {0}: زادت الكمية بمقدار 1,
Row #{0}: Rate must be same as {1}: {2} ({3} / {4}) ,الصف # {0}: يجب أن يكون السعر كما هو {1}: {2} ({3} / {4}),
Row #{0}: Reference Document Type must be one of Expense Claim or Journal Entry,"الصف # {0}: يجب أن يكون نوع المستند المرجعي واحدا من ""مطالبة النفقات"" أو ""دفتر اليومية""",
"Row #{0}: Reference Document Type must be one of Purchase Order, Purchase Invoice or Journal Entry",الصف #{0}: يجب أن يكون نوع المستند المرجعي أحد القيم: أمر شراء أو فاتورة المشتريات أو قيد يومية,
Row #{0}: Rejected Qty can not be entered in Purchase Return,الصف # {0}: لا يمكن إدخال الكمية المرفوضة في المشتريات الراجعة,
Row #{0}: Rejected Warehouse is mandatory against rejected Item {1},الصف # {0}: (مستودع المواد المرفوضه) إلزامي مقابل الصنف المرفوض {1},
Row #{0}: Reqd by Date cannot be before Transaction Date,الصف # {0}: ريد بي ديت لا يمكن أن يكون قبل تاريخ المعاملة,
Row #{0}: Set Supplier for item {1},الصف # {0}: حدد المورد للصنف {1},
Row #{0}: Status must be {1} for Invoice Discounting {2},الصف # {0}: يجب أن تكون الحالة {1} بالنسبة لخصم الفاتورة {2},
"Row #{0}: The batch {1} has only {2} qty. Please select another batch which has {3} qty available or split the row into multiple rows, to deliver/issue from multiple batches",الصف # {0}: الدفعة {1} فقط {2} الكمية. يرجى تحديد دفعة أخرى توفر {3} الكمية أو تقسيم الصف إلى صفوف متعددة، لتسليم / إصدار من دفعات متعددة,
Row #{0}: Timings conflicts with row {1},الصف # {0}: التوقيت يتعارض مع الصف {1},
Row #{0}: {1} can not be negative for item {2},الصف # {0}: {1} لا يمكن أن يكون سالبا للصنف {2},
Row No {0}: Amount cannot be greater than Pending Amount against Expense Claim {1}. Pending Amount is {2},رقم الصف {0}: لا يمكن أن يكون المبلغ أكبر من المبلغ المعلق مقابل المطالبة بالنفقات {1}. المبلغ المعلق هو {2},
Row {0} : Operation is required against the raw material item {1},الصف {0}: العملية مطلوبة مقابل عنصر الصنف الخام {1},
Row {0}# Item {1} cannot be transferred more than {2} against Purchase Order {3},الصف {0} # الصنف {1} لا يمكن نقله أكثر من {2} من أمر الشراء {3},
Row {0}: Activity Type is mandatory.,الصف {0}: نوع النشاط إلزامي.,
Row {0}: Advance against Customer must be credit,الصف {0}: الدفعة المقدمة مقابل الزبائن يجب أن تكون دائن,
Row {0}: Advance against Supplier must be debit,الصف {0}:المورد المقابل المتقدم يجب أن يكون مدين,
Row {0}: Allocated amount {1} must be less than or equals to Payment Entry amount {2},الصف {0}: يجب أن يكون المبلغ المخصص {1} أقل من أو يساوي مبلغ سند الدفع {2},
Row {0}: Allocated amount {1} must be less than or equals to invoice outstanding amount {2},صف {0}: يجب أن يكون المبلغ المخصص {1} أقل من أو يساوي فاتورة المبلغ القائم {2},
Row {0}: An Reorder entry already exists for this warehouse {1},صف {0}: إدخال إعادة الطلب موجود بالفعل لهذا المستودع {1},
Row {0}: Bill of Materials not found for the Item {1},صف {0}: من مواد مشروع القانون لم يتم العثور على هذا الصنف {1},
Row {0}: Conversion Factor is mandatory,الصف {0}: معامل التحويل إلزامي,
Row {0}: Cost center is required for an item {1},الصف {0}: مركز التكلفة مطلوب لعنصر {1},
Row {0}: Credit entry can not be linked with a {1},صف {0}: لا يمكن ربط قيد دائن مع {1},
Row {0}: Currency of the BOM #{1} should be equal to the selected currency {2},الصف {0}: العملة للـ BOM #{1} يجب أن يساوي العملة المختارة {2},
Row {0}: Debit entry can not be linked with a {1},الصف {0}: لا يمكن ربط قيد مدين مع {1},
Row {0}: Depreciation Start Date is required,الصف {0}: تاريخ بداية الإهلاك مطلوب,
Row {0}: Enter location for the asset item {1},الصف {0}: أدخل الموقع لعنصر مادة العرض {1},
Row {0}: Exchange Rate is mandatory,الصف {0}: سعر صرف إلزامي,
Row {0}: Expected Value After Useful Life must be less than Gross Purchase Amount,الصف {0}: القيمة المتوقعة بعد أن تكون الحياة المفيدة أقل من إجمالي مبلغ الشراء,
Row {0}: From Time and To Time is mandatory.,صف {0}: (من الوقت) و (إلى وقت) تكون إلزامية.,
Row {0}: From Time and To Time of {1} is overlapping with {2},الصف {0}: من وقت إلى وقت {1} يتداخل مع {2},
Row {0}: From time must be less than to time,الصف {0}: من وقت يجب أن يكون أقل من الوقت,
Row {0}: Hours value must be greater than zero.,صف {0}: يجب أن تكون قيمة الساعات أكبر من الصفر.,
Row {0}: Invalid reference {1},الصف {0}: مرجع غير صالحة {1},
Row {0}: Party / Account does not match with {1} / {2} in {3} {4},الصف {0}: حزب / حساب لا يتطابق مع {1} / {2} في {3} {4},
Row {0}: Party Type and Party is required for Receivable / Payable account {1},الصف {0}: نوع الطرف المعني والطرف المعني مطلوب للحسابات المدينة / الدائنة {0},
Row {0}: Payment against Sales/Purchase Order should always be marked as advance,الصف {0}: الدفع لأمر الشراء/البيع يجب أن يكون دائما معلم كمتقدم,
Row {0}: Please check 'Is Advance' against Account {1} if this is an advance entry.,"الصف {0}: يرجى اختيار ""دفعة مقدمة"" مقابل الحساب {1} إذا كان هذا الادخال دفعة مقدمة.",
Row {0}: Please set at Tax Exemption Reason in Sales Taxes and Charges,الصف {0}: يرجى تعيين سبب الإعفاء الضريبي في ضرائب ورسوم المبيعات,
Row {0}: Please set the Mode of Payment in Payment Schedule,الصف {0}: يرجى ضبط طريقة الدفع في جدول الدفع,
Row {0}: Please set the correct code on Mode of Payment {1},الصف {0}: يرجى ضبط الكود الصحيح على طريقة الدفع {1},
Row {0}: Quality Inspection rejected for item {1},الصف {0}: تم رفض فحص الجودة للصنف {1},
Row {0}: UOM Conversion Factor is mandatory,الصف {0}: عامل تحويل وحدة القياس إلزامي,
Row {0}: select the workstation against the operation {1},الصف {0}: حدد محطة العمل مقابل العملية {1},
Row {0}: {1} Serial numbers required for Item {2}. You have provided {3}.,الصف {0}: {1} الأرقام التسلسلية المطلوبة للصنف {2}. لقد قدمت {3}.,
Row {0}: {1} must be greater than 0,الصف {0}: يجب أن يكون {1} أكبر من 0,
Row {0}: {1} {2} does not match with {3},الصف {0}: {1} {2} لا يتطابق مع {3},
Row {0}:Start Date must be before End Date,الصف {0}: يجب أن يكون تاريخ البدء أقل من تاريخ الانتهاء,
Rows with duplicate due dates in other rows were found: {0},تم العثور على صفوف ذات تواريخ استحقاق مكررة في صفوف أخرى: {0},
Rules for adding shipping costs.,قواعد لإضافة تكاليف الشحن.,
Rules for applying pricing and discount.,قواعد لتطبيق التسعيرات والتخفيض.,
S.O. No.,S.O. رقم,
SGST Amount,المبلغ SGST,
SO Qty,كمية طلبات الشراء,
Safety Stock,مخزونات السلامة,
Salary,الراتب,
Salary Slip submitted for period from {0} to {1},تم تقديم كشف الراتب للفترة من {0} إلى {1},
Salary Structure must be submitted before submission of Tax Ememption Declaration,يجب تقديم هيكل الرواتب قبل تقديم بيان الإعفاء الضريبي,
Sales,مبيعات,
Sales Account,حساب مبيعات,
Sales Expenses,نفقات المبيعات,
Sales Funnel,هرم المبيعات,
Sales Invoice,فاتورة المبيعات,
Sales Invoice {0} has already been submitted,تم اعتماد فاتورة المبيعات {0} بالفعل,
Sales Invoice {0} must be cancelled before cancelling this Sales Order,يجب إلغاء فاتورة المبيعات {0} قبل إلغاء أمر البيع هذا,
Sales Order,أمر بيع,
Sales Order Item,مواد أمر البيع,
Sales Order required for Item {0},طلب البيع مطلوب للصنف {0},
Sales Order to Payment,ترتيب مبيعات لدفع,
Sales Order {0} is not submitted,لا يتم اعتماد أمر التوريد {0},
Sales Order {0} is not valid,أمر البيع {0} غير موجود,
Sales Order {0} is {1},أمر البيع {0} هو {1},
Sales Orders,أوامر بيع,
Sales Partner,شريك مبيعات,
Sales Pipeline,خط أنابيب المبيعات,
Sales Price List,قائمة مبيعات الأسعار,
Sales Return,مبيعات المعاده,
Sales Summary,ملخص المبيعات,
Sales Tax Template,قالب ضريبة المبيعات,
Sales Team,فريق المبيعات,
Sales and Returns,المبيعات والمرتجعات,
Sales campaigns.,حملات المبيعات,
Sales orders are not available for production,أوامر البيع غير متوفرة للإنتاج,
Same Company is entered more than once,تم إدخال نفس الشركة أكثر من مره,
Same item cannot be entered multiple times.,لا يمكن إدخال الصنف نفسه عدة مرات.,
Same supplier has been entered multiple times,تم إدخال المورد نفسه عدة مرات,
Sample Collection,جمع العينات,
Sample quantity {0} cannot be more than received quantity {1},كمية العينة {0} لا يمكن أن تكون أكثر من الكمية المستلمة {1},
Sanctioned,مقرر,
Sand,رمل,
Saving {0},حفظ {0},
Schedule,جدول,
Schedule Admission,جدول القبول,
Schedule Course,دورة الجدول الزمني,
Schedule Date,جدول التسجيل,
Schedule Discharge,الجدول الزمني التفريغ,
Scheduled Upto,مجدولة,
"Schedules for {0} overlaps, do you want to proceed after skiping overlaped slots ?",جداول التداخلات {0}، هل تريد المتابعة بعد تخطي الفتحات المتراكبة؟,
Score cannot be greater than Maximum Score,النتيجة لا يمكن أن يكون أكبر من درجة القصوى,
Scorecards,بطاقات الأداء,
Scrapped,ألغت,
Search Results,نتائج البحث,
Search Sub Assemblies,بحث التجميعات الفرعية,
"Search by item code, serial number, batch no or barcode",البحث عن طريق رمز الصنف، والرقم التسلسلي، لا يوجد دفعة أو الباركود,
"Seasonality for setting budgets, targets etc.",موسمية لوضع الميزانيات والأهداف الخ,
Secretary,أمين,
Section Code,كود القسم,
Secured Loans,القروض المضمونة,
Securities & Commodity Exchanges,الأوراق المالية والبورصات,
Securities and Deposits,الأوراق المالية و الودائع,
See All Articles,انظر جميع المقالات,
See all open tickets,شاهد جميع التذاكر المفتوحة,
See past orders,انظر الطلبات السابقة,
See past quotations,انظر الاقتباسات الماضية,
Select Alternate Item,اختر الصنف البديل,
Select Attribute Values,حدد قيم السمات,
Select BOM,حدد مكتب الإدارة,
Select BOM and Qty for Production,اختر قائمة المواد و الكمية للانتاج,
"Select BOM, Qty and For Warehouse",اختر قائمة المواد، الكمية، وإلى المستودع,
Select Batch,حدد الدفعة,
Select Batch Numbers,حدد أرقام الدفعة,
Select Brand...,اختر الماركة...,
Select Company,حدد الشركة,
Select Company...,حدد الشركة...,
Select Customer,حدد العميل,
Select Days,حدد أيام,
Select Default Supplier,حدد الافتراضي مزود,
Select Fiscal Year...,اختر السنة المالية...,
Select Item (optional),حدد الصنف (اختياري),
Select Items based on Delivery Date,حدد الأصناف بناءً على تاريخ التسليم,
Select Items to Manufacture,حدد الأصناف لتصنيع,
Select Loyalty Program,اختر برنامج الولاء,
Select Patient,حدد المريض,
Select Possible Supplier,اختار المورد المحتمل,
Select Quantity,إختيار الكمية,
Select Serial Numbers,حدد الأرقام التسلسلية,
Select Target Warehouse,حدد مستودع الهدف,
Select Warehouse...,حدد مستودع...,
Select an account to print in account currency,حدد حسابا للطباعة بعملة الحساب,
Select at least one value from each of the attributes.,حدد قيمة واحدة على الأقل من كل سمة.,
Select change amount account,تحديد تغيير حساب المبلغ,
Select company first,اختر الشركة أولا,
Select students manually for the Activity based Group,حدد الطلاب يدويا لمجموعة الأنشطة القائمة,
Select the customer or supplier.,حدد العميل أو المورد.,
Select the nature of your business.,حدد طبيعة عملك.,
Select the program first,حدد البرنامج أولا,
Select to add Serial Number.,حدد لإضافة الرقم التسلسلي.,
Select your Domains,حدد النطاقات الخاصة بك,
Selected Price List should have buying and selling fields checked.,قائمة الأسعار المختارة يجب أن يكون لديها حقول بيع وشراء محددة.,
Sell,باع,
Selling,المبيعات,
Selling Amount,كمية البيع,
Selling Price List,قائمة أسعار البيع,
Selling Rate,معدل البيع,
"Selling must be checked, if Applicable For is selected as {0}",يجب أن يتم التحقق البيع، إذا تم تحديد مطبق للك {0},
Send Grant Review Email,إرسال بريد إلكتروني منح مراجعة,
Send SMS,SMS أرسل رسالة,
Send mass SMS to your contacts,إرسال SMS الشامل لجهات الاتصال الخاصة بك,
Sensitivity,حساسية,
Serial No and Batch,الرقم التسلسلي والدفعة,
Serial No is mandatory for Item {0},رقم الرقم التسلسلي إلزامي القطعة ل {0},
Serial No {0} does not belong to Batch {1},الرقم التسلسلي لا {0} لا ينتمي إلى الدفعة {1},
Serial No {0} does not belong to Delivery Note {1},الرقم التسلسلي {0} لا يتبع إذن التسليم {1},
Serial No {0} does not belong to Item {1},الرقم المتسلسل {0} لا ينتمي إلى الصنف {1},
Serial No {0} does not belong to Warehouse {1},الرقم المتسلسل {0} لا ينتمي إلى المستودع {1},
Serial No {0} does not belong to any Warehouse,الرقم المتسلسل {0} لا يرتبط باي المستودع,
Serial No {0} does not exist,الرقم المتسلسل {0} غير موجود,
Serial No {0} has already been received,رقم الرقم التسلسلي {0} وقد وردت بالفعل,
Serial No {0} is under maintenance contract upto {1},الرقم التسلسلي {0} يتبع عقد الصيانة حتى {1},
Serial No {0} is under warranty upto {1},الرقم التسلسلي {0} تحت الضمان حتى {1},
Serial No {0} not found,لم يتم العثور علي الرقم التسلسلي {0},
Serial No {0} not in stock,رقم الرقم التسلسلي {0} ليس في الأوراق المالية,
Serial No {0} quantity {1} cannot be a fraction,الرقم المتسلسل {0} الكمية {1} لا يمكن أن يكون كسر,
Serial Nos Required for Serialized Item {0},الرقم التسلسلي المطلوب للصنف المتسلسل {0},
Serial Number: {0} is already referenced in Sales Invoice: {1},الرقم التسلسلي: {0} مستخدم بالفعل في فاتورة المبيعات: {1},
Serial Numbers,الأرقام التسلسلية,
Serial Numbers in row {0} does not match with Delivery Note,الأرقام التسلسلية في الصف {0} لا تطابق إذن التسليم,
Serial no {0} has been already returned,الرقم التسلسلي no {0} قد تم إرجاعه بالفعل,
Serial number {0} entered more than once,الرقم التسلسلي {0} دخلت أكثر من مرة,
Serialized Inventory,جرد المتسلسلة,
Series Updated,تم تحديث الرقم المتسلسل,
Series Updated Successfully,تم تحديث الترقيم المتسلسل بنجاح,
Series is mandatory,الترقيم المتسلسل إلزامي,
Service Level Agreement,اتفاقية مستوى الخدمة,
Service Level Agreement.,اتفاقية مستوى الخدمة.,
Service Level.,مستوى الخدمة.,
Service Stop Date cannot be after Service End Date,لا يمكن أن يكون تاريخ إيقاف الخدمة بعد تاريخ انتهاء الخدمة,
Service Stop Date cannot be before Service Start Date,لا يمكن أن يكون تاريخ إيقاف الخدمة قبل تاريخ بدء الخدمة,
Services,الخدمات,
"Set Default Values like Company, Currency, Current Fiscal Year, etc.",تعيين القيم الافتراضية مثل الشركة، والعملة، والسنة المالية الحالية، وما إلى ذلك.,
Set Details,مجموعة التفاصيل,
Set New Release Date,تعيين تاريخ الإصدار الجديد,
Set Project and all Tasks to status {0}?,عيّن Project وجميع المهام إلى الحالة {0}؟,
Set Status,تعيين الحالة,
Set Tax Rule for shopping cart,مجموعة القاعدة الضريبية لعربة التسوق,
Set as Closed,على النحو مغلق,
Set as Completed,تعيين كـ مكتمل,
Set as Lost,على النحو المفقودة,
Set as Open,على النحو المفتوحة,
Set default inventory account for perpetual inventory,تعيين حساب المخزون الافتراضي للمخزون الدائم,
Set this if the customer is a Public Administration company.,حدد هذا إذا كان العميل شركة إدارة عامة.,
Set {0} in asset category {1} or company {2},تعيين {0} في فئة الأصول {1} أو الشركة {2},
"Setting Events to {0}, since the Employee attached to the below Sales Persons does not have a User ID{1}",وضع الأحداث إلى {0}، لأن الموظف المرفقة أدناه الأشخاص المبيعات لايوجد هوية المستخدم {1},
Setting defaults,تعيين الإعدادات الافتراضية,
Setting up Email,إعداد البريد الإلكتروني,
Setting up Email Account,إعداد حساب بريد إلكتروني,
Setting up Employees,إعداد الموظفين,
Setting up Taxes,إعداد الضرائب,
Setting up company,تأسيس شركة,
"Settings for online shopping cart such as shipping rules, price list etc.",إعدادات عربة التسوق مثل قواعد الشحن، وقائمة الأسعار الخ,
Settings for website homepage,إعدادات موقعه الإلكتروني,
Settings for website product listing,إعدادات قائمة منتجات الموقع,
Settled,تسوية,
Setup Gateway accounts.,إعدادت بوابة الحسايات.,
Setup SMS gateway settings,إعدادات العبارة SMS,
Setup cheque dimensions for printing,أبعاد الاختيار الإعداد للطباعة,
Setup default values for POS Invoices,إعداد القيم الافتراضية لفواتير نقاط البيع,
Setup mode of POS (Online / Offline),وضع الإعداد بوس (الانترنت / غير متصل),
Setup your Institute in ERPNext,إعداد المعهد الخاص بك في ITQAN ERP,
Share Balance,رصيد السهم,
Share Ledger,مشاركة دفتر الأستاذ,
Share Management,إدارة المشاركة,
Share Transfer,نقل المشاركة,
Share Type,نوع المشاركة,
Shareholder,المساهم,
Ship To State,السفينة الى الدولة,
Shipments,شحنات,
Shipping Address,عنوان الشحن,
"Shipping Address does not have country, which is required for this Shipping Rule",عنوان الشحن ليس لديه بلد، وهو مطلوب لقاعدة الشحن هذه,
Shipping rule only applicable for Buying,الشحن القاعدة المعمول بها فقط للشراء,
Shipping rule only applicable for Selling,الشحن القاعدة المعمول بها فقط للبيع,
Shopify Supplier,Shopify المورد,
Shopping Cart,سلة التسوق,
Shopping Cart Settings,إعدادات سلة التسوق,
Shortage Qty,نقص الكمية,
Show Completed,عرض مكتمل,
Show Cumulative Amount,إظهار المبلغ التراكمي,
Show Open,عرض مفتوح,
Show Opening Entries,إظهار قيود الافتتاح,
Show Payment Details,إظهار تفاصيل الدفع,
Show Return Entries,إظهار قيود الإرجاع,
Show Variant Attributes,عرض سمات متغير,
Show Variants,اظهار المتغيرات,
Show closed,عرض المغلقة,
Show exploded view,عرض التفاصيل التفصيلية,
Show only POS,إظهار نقاط البيع فقط,
Show unclosed fiscal year's P&L balances,تظهر الأرباح والخسائر أرصدة السنة المالية غير مغلق ل,
Show zero values,إظهار القيم الصفرية,
Silt,طمي,
Single Variant,متغير واحد,
Single unit of an Item.,وحدة واحدة من الصنف.,
"Skipping Leave Allocation for the following employees, as Leave Allocation records already exists against them. {0}","تخطي تخصيص الأجازات للموظفين التاليين، حيث أن سجلات الإضافة ""التخصيص"" موجودة بالفعل. {0}",
Slots for {0} are not added to the schedule,لا يتم إضافة الفتحات الخاصة بـ {0} إلى الجدول,
Small,صغير,
Soap & Detergent,الصابون والمنظفات,
Software,البرمجيات,
Software Developer,مطوّر البرمجيات,
Softwares,البرامج الإلكترونية,
Soil compositions do not add up to 100,تراكيب التربة لا تضيف ما يصل إلى 100,
Sold,تم البيع,
Some emails are invalid,بعض رسائل البريد الإلكتروني غير صالحة,
Something went wrong!,حدث خطأ!,
"Sorry, Serial Nos cannot be merged",عذراَ، ارقام الرقم التسلسلي لا يمكن دمجها,
Source Warehouse,مستودع المصدر,
Source and Target Location cannot be same,لا يمكن أن يكون المصدر و الموقع الهدف نفسه,
Source and target warehouse cannot be same for row {0},المصدر والمستودع المستهدف لا يمكن أن يكون نفس الصف {0},
Source and target warehouse must be different,ويجب أن تكون مصدر ومستودع الهدف مختلفة,
Source of Funds (Liabilities),(مصدر الأموال (الخصوم,
Source warehouse is mandatory for row {0},مستودع المصدر إلزامي للصف {0},
Specified BOM {0} does not exist for Item {1},محدد BOM {0} غير موجود القطعة ل{1},
Split,انشق، مزق,
Split Batch,تقسيم دفعة,
Split Issue,تقسيم القضية,
Sports,الرياضة,
Standard Buying,شراء القياسية,
Standard Selling,البيع القياسية,
Standard contract terms for Sales or Purchase.,شروط العقد القياسية للمبيعات أو للمشتريات.,
Start Date of Agreement can't be greater than or equal to End Date.,لا يمكن أن يكون تاريخ بدء الاتفاقية أكبر من أو يساوي تاريخ الانتهاء.,
Start Year,بداية السنة,
Start date should be less than end date for Item {0},يجب أن يكون تاريخ البدء أقل من تاريخ الانتهاء للصنف {0},
Start date should be less than end date for task {0},يجب أن يكون تاريخ البدء أقل من تاريخ الانتهاء للمهمة {0},
Start day is greater than end day in task '{0}',يوم البدء أكبر من يوم النهاية في المهمة '{0}',
Start on,ابدأ,
State/UT Tax,الدولة / ضريبة UT,
Statement of Account,كشف حساب,
Status must be one of {0},يجب أن تكون حالة واحدة من {0},
Stock,المخزون,
Stock Adjustment,تسوية المخزون,
Stock Analytics,تحليلات المخازن,
Stock Assets,اصول المخزون,
Stock Available,مخزون متاح,
Stock Balance,رصيد المخزون,
Stock Entries already created for Work Order ,تم إنشاء قيود مخزون بالفعل لأمر التشغيل,
Stock Entry,قيد مخزون,
Stock Entry {0} created,الأسهم الدخول {0} خلق,
Stock Entry {0} is not submitted,الحركة المخزنية {0} غير مسجلة,
Stock Expenses,مصاريف المخزون,
Stock In Hand,الأسهم، إلى داخل، أعطى,
Stock Items,أصناف المخزن,
Stock Ledger,دفتر أستاذ المخزون,
Stock Ledger Entries and GL Entries are reposted for the selected Purchase Receipts,تمت إعادة ترحيل قيود دفتر أستاذ المخزون وقيود دفتر الأستاذ عام لأذون الاستلام المحددة,
Stock Levels,مستوى المخزون,
Stock Liabilities,خصوم المخزون,
Stock Qty,الأسهم الكمية,
Stock Received But Not Billed,المخزون المستلم ولكن غير مفوتر,
Stock Reports,تقارير الأسهم,
Stock Summary,ملخص الأوراق المالية,
Stock Transactions,قيود المخزون,
Stock UOM,وحدة المخزون,
Stock Value,قيمة المخزون,
Stock balance in Batch {0} will become negative {1} for Item {2} at Warehouse {3},توازن الأسهم في الدفعة {0} ستصبح سلبية {1} القطعة ل{2} في {3} مستودع,
Stock cannot be updated against Delivery Note {0},لا يمكن تحديث المخزون مقابل إذن التسليم {0},
Stock cannot be updated against Purchase Receipt {0},لا يمكن تحديث المخزون مقابل إذن الاستلام {0},
Stock cannot exist for Item {0} since has variants,المخزون لا يمكن ان يكون موجود للصنف {0} نظرا لوجود متغيرات,
Stock transactions before {0} are frozen,يتم تجميد المعاملات المخزنية قبل {0},
Stop,توقف,
"Stopped Work Order cannot be cancelled, Unstop it first to cancel",لا يمكن إلغاء أمر التشغيل متوقف؛ ألغِ الإيقاف أولًا ثم قم بالإلغاء,
Stores,مخازن,
Student,طالب,
Student Activity,نشاط الطالب,
Student Address,عنوان الطالب,
Student Admissions,قبول الطلاب,
Student Attendance,الحضور طالب,
"Student Batches help you track attendance, assessments and fees for students",دفعات الطالب تساعدك على تتبع الحضور والتقييمات والرسوم للطلاب,
Student Email Address,عنوان البريد الإلكتروني للطالب,
Student Email ID,طالب معرف البريد الإلكتروني,
Student Group,المجموعة الطلابية,
Student Group Strength,قوة الطالب,
Student Group is already updated.,تم تحديث مجموعة الطلاب بالفعل.,
Student Group: ,طالب المجموعة:,
Student ID,هوية الطالب,
Student ID: ,هوية الطالب:,
Student LMS Activity,نشاط الطلاب LMS,
Student Mobile No.,رقم موبايل الطالب,
Student Name,أسم الطالب,
Student Name: ,أسم الطالب:,
Student Report Card,بطاقة تقرير الطالب,
Student is already enrolled.,والتحق بالفعل طالب.,
Student {0} - {1} appears Multiple times in row {2} & {3},طالب {0} - {1} يبدو مرات متعددة في الصف {2} & {3},
Student {0} does not belong to group {1},الطالب {0} لا ينتمي إلى المجموعة {1},
Student {0} exist against student applicant {1},طالب {0} موجودة ضد طالب طالب {1},
"Students are at the heart of the system, add all your students",الطلاب في قلب النظام، إضافة كل ما تبذلونه من الطلاب,
Sub Assemblies,المجمعات الفرعية,
Sub Type,النوع الفرعي,
Sub-contracting,التعاقد من الباطن,
Subcontract,قام بمقاولة فرعية,
Submit this Work Order for further processing.,اعتمد أمر التشغيل هذا لمتابعة المعالجة.,
Subscription,اشتراك,
Subscription Management,إدارة الاشتراك,
Subscriptions,الاشتراكات,
Subtotal,حاصل الجمع,
Successfully Reconciled,تمت التسوية بنجاح,
Successfully Set Supplier,بنجاح تعيين المورد,
Successfully created payment entries,تم إنشاء قيود الدفع بنجاح,
Successfully deleted all transactions related to this company!,تم حذف جميع المناقلات المتعلقة بهذه الشركة بنجاح,
Sum of Scores of Assessment Criteria needs to be {0}.,مجموع العشرات من معايير التقييم يجب أن يكون {0}.,
Sum of points for all goals should be 100. It is {0},مجموع النقاط لجميع الأهداف يجب أن يكون 100. ومن {0},
Summary for this month and pending activities,ملخص لهذا الشهر والأنشطة المعلقة,
Summary for this week and pending activities,ملخص لهذا الأسبوع والأنشطة المعلقة,
Suplier,Suplier,
Supplier,مورد,
Supplier Group,مجموعة الموردين,
Supplier Group master.,سيد مجموعة الموردين.,
Supplier Id,المورد رقم,
Supplier Invoice Date cannot be greater than Posting Date,تاريخ فاتورة المورد لا يمكن أن تكون أكبر من تاريخ الإنشاء,
Supplier Invoice No,رقم فاتورة المورد,
Supplier Invoice No exists in Purchase Invoice {0},رقم فاتورة المورد موجود في فاتورة المشتريات {0},
Supplier Name,اسم المورد,
Supplier Part No,رقم قطعة المورد,
Supplier Quotation,عرض سعر المورد,
Supplier Scorecard,بطاقة أداء المورد,
Supplier Warehouse mandatory for sub-contracted Purchase Receipt,مستودع المورد إلزامي في إذن الاستلام للتعاقد من الباطن,
Supplier database.,مزود قاعدة البيانات.,
Supplier {0} not found in {1},المورد {0} غير موجود في {1},
Supplier(s),المورد (ق),
Supplies made to UIN holders,اللوازم المقدمة لحاملي UIN,
Supplies made to Unregistered Persons,الإمدادات المقدمة إلى الأشخاص غير المسجلين,
Suppliies made to Composition Taxable Persons,Suppliies المقدمة إلى تكوين الأشخاص الخاضعين للضريبة,
Supply Type,نوع التوريد,
Support,الدعم,
Support Analytics,دعم تحليلات,
Support Settings,إعدادات الدعم,
Support Tickets,تذاكر الدعم الفني,
Support queries from customers.,دعم الاستفسارات من العملاء.,
Susceptible,سريع التأثر,
Sync has been temporarily disabled because maximum retries have been exceeded,تم تعطيل المزامنة مؤقتًا لأنه تم تجاوز الحد الأقصى من عمليات إعادة المحاولة,
Syntax error in condition: {0},خطأ في بناء الجملة في الشرط: {0},
Syntax error in formula or condition: {0},خطأ في صياغة الجملة أو الشرط: {0},
TDS Rate %,نسبة TDS %,
Tap items to add them here,انقر على الأصناف لإضافتها هنا,
Target ({}),استهداف ({}),
Target On,الهدف في,
Target Warehouse,مستودع الوجهة,
Target warehouse is mandatory for row {0},المستودع المستهدف إلزامي للصف {0},
Tasks,المهام,
Tasks have been created for managing the {0} disease (on row {1}),تم إنشاء المهام لإدارة مرض {0} (في الصف {1}),
Tax,ضريبة,
Tax Assets,ضريبية الأصول,
Tax Category for overriding tax rates.,فئة الضرائب لتجاوز معدلات الضريبة.,
"Tax Category has been changed to ""Total"" because all the Items are non-stock items","تم تغيير فئة الضرائب إلى ""توتال"" لأن جميع الأصناف هي عناصر غير مخزون",
Tax ID,الرقم الضريبي,
Tax Id: ,الرقم الضريبي:,
Tax Rate,نسبة الضريبة,
Tax Rule Conflicts with {0},تضارب القاعدة الضريبية مع {0},
Tax Rule for transactions.,القاعدة الضريبية للمعاملات.,
Tax Template is mandatory.,قالب الضرائب إلزامي.,
Tax Withholding rates to be applied on transactions.,معدلات اقتطاع الضرائب الواجب تطبيقها على المعاملات.,
Tax template for buying transactions.,قالب الضرائب لشراء صفقة.,
Tax template for item tax rates.,قالب الضريبة لمعدلات ضريبة الصنف.,
Tax template for selling transactions.,قالب الضريبية لبيع صفقة.,
Taxable Amount,المبلغ الخاضع للضريبة,
Taxes,الضرائب,
Technology,تكنولوجيا,
Telecommunications,الاتصالات السلكية واللاسلكية,
Telephone Expenses,نفقات الهاتف,
Television,تلفزيون,
Template Name,اسم القالب,
Template of terms or contract.,قالب الشروط أو العقد.,
Templates of supplier scorecard criteria.,نماذج من معايير بطاقة الأداء المورد.,
Templates of supplier scorecard variables.,نماذج من متغيرات بطاقة الأداء المورد.,
Templates of supplier standings.,قوالب ترتيب الموردين.,
Temporarily on Hold,مؤقت في الانتظار,
Temporary,مؤقت,
Temporary Accounts,حسابات مؤقتة,
Temporary Opening,افتتاحي مؤقت,
Terms and Conditions,الشروط والأحكام,
Terms and Conditions Template,قالب الشروط والأحكام,
Territory,المنطقة,
Thank you for your business!,شكرا لك على عملك!,
The 'From Package No.' field must neither be empty nor it's value less than 1.,"و ""من حزمة رقم"" يجب ألا يكون الحقل فارغا ولا قيمة أقل من 1.",
The Brand,العلامة التجارية,
The Item {0} cannot have Batch,لا يمكن أن يحتوي الصنف {0} على دفعة,
The Loyalty Program isn't valid for the selected company,برنامج الولاء غير صالح للشركة المختارة,
The Payment Term at row {0} is possibly a duplicate.,قد يكون مصطلح الدفع في الصف {0} مكررا.,
The Term End Date cannot be earlier than the Term Start Date. Please correct the dates and try again.,تاريخ نهاية المدة لا يمكن أن يكون أقدم من تاريخ بدء الأجل. يرجى تصحيح التواريخ وحاول مرة أخرى.,
The Term End Date cannot be later than the Year End Date of the Academic Year to which the term is linked (Academic Year {}). Please correct the dates and try again.,تاريخ نهاية المدة لا يمكن أن يكون في وقت لاحق من تاريخ نهاية السنة للعام الدراسي الذي يرتبط مصطلح (السنة الأكاديمية {}). يرجى تصحيح التواريخ وحاول مرة أخرى.,
The Term Start Date cannot be earlier than the Year Start Date of the Academic Year to which the term is linked (Academic Year {}). Please correct the dates and try again.,تاريخ البدء الأجل لا يمكن أن يكون أقدم من تاريخ بداية السنة للعام الدراسي الذي يرتبط مصطلح (السنة الأكاديمية {}). يرجى تصحيح التواريخ وحاول مرة أخرى.,
The Year End Date cannot be earlier than the Year Start Date. Please correct the dates and try again.,تاريخ نهاية السنة لا يمكن أن يكون أقدم من تاريخ بداية السنة. يرجى تصحيح التواريخ وحاول مرة أخرى.,
The amount of {0} set in this payment request is different from the calculated amount of all payment plans: {1}. Make sure this is correct before submitting the document.,يختلف مبلغ {0} المحدد في طلب الدفع هذا عن المبلغ المحسوب لجميع خطط الدفع: {1}. تأكد من صحة ذلك قبل إرسال المستند.,
The field From Shareholder cannot be blank,لا يمكن ترك الحقل من المساهمين فارغا,
The field To Shareholder cannot be blank,لا يمكن ترك الحقل للمساهم فارغا,
The fields From Shareholder and To Shareholder cannot be blank,لا يمكن ترك الحقول من المساهمين والمساهم فارغا,
The folio numbers are not matching,أرقام الورقة غير متطابقة,
The holiday on {0} is not between From Date and To Date,عطلة على {0} ليست بين من تاريخ وإلى تاريخ,
The name of the institute for which you are setting up this system.,اسم المعهد الذي كنت تقوم بإعداد هذا النظام.,
The name of your company for which you are setting up this system.,اسم الشركة التي كنت تقوم بإعداد هذا النظام.,
The number of shares and the share numbers are inconsistent,عدد الأسهم وأعداد الأسهم غير متناسقة,
The payment gateway account in plan {0} is different from the payment gateway account in this payment request,يختلف حساب بوابة الدفع في الخطة {0} عن حساب بوابة الدفع في طلب الدفع هذا,
The selected BOMs are not for the same item,قواائم المواد المحددة ليست لنفس الصنف,
The selected item cannot have Batch,الصنف المحدد لا يمكن أن يكون دفعة,
The seller and the buyer cannot be the same,البائع والمشتري لا يمكن أن يكون هو نفسه,
The shareholder does not belong to this company,لا ينتمي المساهم إلى هذه الشركة,
The shares already exist,الأسهم موجودة بالفعل,
The shares don't exist with the {0},الأسهم غير موجودة مع {0},
"The task has been enqueued as a background job. In case there is any issue on processing in background, the system will add a comment about the error on this Stock Reconciliation and revert to the Draft stage",وقد تم إرساء المهمة كعمل خلفية. في حالة وجود أي مشكلة في المعالجة في الخلفية، سيقوم النظام بإضافة تعليق حول الخطأ في تسوية المخزون هذا والعودة إلى مرحلة المسودة,
"Then Pricing Rules are filtered out based on Customer, Customer Group, Territory, Supplier, Supplier Type, Campaign, Sales Partner etc.",ثم يتم تصفيت قاعدة التسعير على أساس العملاء، مجموعة العملاء، الأرض، المورد، نوع المورد، الحملة، شريك المبيعات الخ,
"There are inconsistencies between the rate, no of shares and the amount calculated",هناك تناقضات بين المعدل، لا من الأسهم والمبلغ المحسوب,
There can be multiple tiered collection factor based on the total spent. But the conversion factor for redemption will always be same for all the tier.,يمكن أن يكون هناك عامل جمع متعدد الطبقات يعتمد على إجمالي الإنفاق. ولكن سيكون عامل التحويل لاسترداد القيمة هو نفسه دائمًا لجميع المستويات.,
There can only be 1 Account per Company in {0} {1},يمكن أن يكون هناك سوى 1 في حساب الشركة في {0} {1},
"There can only be one Shipping Rule Condition with 0 or blank value for ""To Value""","يمكن ان يكون هناك شرط قاعده شحن واحد فقط مع 0 أو قيمه فارغه ل ""قيمه""",
There is not enough leave balance for Leave Type {0},ليس لديك رصيد كافي من اﻹجازات من نوع {0}.,
There is nothing to edit.,لا يوجد شيء لتحريره,
There isn't any item variant for the selected item,لا يوجد أي متغير عنصر للصنف المحدد,
"There seems to be an issue with the server's GoCardless configuration. Don't worry, in case of failure, the amount will get refunded to your account.",يبدو أن هناك مشكلة في تهيئة GoCardless للخادم. لا تقلق، في حالة الفشل، سيتم رد المبلغ إلى حسابك.,
There were errors creating Course Schedule,حدثت أخطاء أثناء إنشاء جدول الدورات التدريبية,
There were errors.,كانت هناك أخطاء.,
This Item is a Template and cannot be used in transactions. Item attributes will be copied over into the variants unless 'No Copy' is set,"هذا الصنف هو قالب ولا يمكن استخدامها في المعاملات المالية. سيتم نسخ سمات الصنف أكثر في المتغيرات ما لم يتم تعيين ""لا نسخ '",
This Item is a Variant of {0} (Template).,هذا الصنف هو متغير {0} (قالب).,
This Month's Summary,ملخص هذا الشهر,
This Week's Summary,ملخص هذا الأسبوع,
This action will stop future billing. Are you sure you want to cancel this subscription?,سيوقف هذا الإجراء الفوترة المستقبلية. هل أنت متأكد من أنك تريد إلغاء هذا الاشتراك؟,
This covers all scorecards tied to this Setup,وهذا يغطي جميع بطاقات الأداء مرتبطة بهذا الإعداد,
This document is over limit by {0} {1} for item {4}. Are you making another {3} against the same {2}?,هذه الوثيقة هي على حد كتبها {0} {1} لمادة {4}. وجعل لكم آخر {3} ضد نفسه {2}؟,
This is a root account and cannot be edited.,.هذا حساب جذري و لايمكن تعديله,
This is a root customer group and cannot be edited.,هذه هي مجموعة العملاء الجذرية والتي لا يمكن تحريرها.,
This is a root department and cannot be edited.,هذا هو قسم الجذر ولا يمكن تحريره.,
This is a root healthcare service unit and cannot be edited.,هذا هو وحدة خدمة الرعاية الصحية الجذر ولا يمكن تحريرها.,
This is a root item group and cannot be edited.,هذه هي مجموعة الصنف الجذرية والتي لا يمكن تحريرها.,
This is a root sales person and cannot be edited.,هذا هو الشخص المبيعات الجذرية والتي لا يمكن تحريرها.,
This is a root supplier group and cannot be edited.,هذه مجموعة مورِّد جذر ولا يمكن تحريرها.,
This is a root territory and cannot be edited.,هذا هو الجذر الأرض والتي لا يمكن تحريرها.,
This is an example website auto-generated from ERPNext,هذا مثال موقع ولدت لصناعة السيارات من ITQAN ERP,
This is based on logs against this Vehicle. See timeline below for details,وذلك بناءً على السجلات مقابل هذه المركبة. للمزيد انظر التسلسل الزمني أدناه,
This is based on stock movement. See {0} for details,ويستند هذا على حركة المخزون. راجع {0} لمزيد من التفاصيل,
This is based on the Time Sheets created against this project,ويستند هذا على جداول زمنية خلق ضد هذا المشروع,
This is based on the attendance of this Student,ويستند هذا على حضور هذا الطالب,
This is based on transactions against this Customer. See timeline below for details,يستند هذا على معاملات خاصة بهذا العميل. أنظر الى الجدول الزمني أدناه للتفاصيل,
This is based on transactions against this Healthcare Practitioner.,هذا يعتمد على المعاملات ضد ممارس الرعاية الصحية هذا.,
This is based on transactions against this Patient. See timeline below for details,ويستند هذا إلى المعاملات ضد هذا المريض. انظر الجدول الزمني أدناه للحصول على التفاصيل,
This is based on transactions against this Sales Person. See timeline below for details,هذا يعتمد على المعاملات ضد هذا الشخص المبيعات. انظر الجدول الزمني أدناه للحصول على التفاصيل,
This is based on transactions against this Supplier. See timeline below for details,ويستند هذا على المعاملات مقابل هذا المورد. انظر الجدول الزمني أدناه للاطلاع على التفاصيل,
This {0} conflicts with {1} for {2} {3},هذا {0} يتعارض مع {1} عن {2} {3},
Time Sheet for manufacturing.,ورقة الوقت للتصنيع.,
Time Tracking,تتبع الوقت,
"Time slot skiped, the slot {0} to {1} overlap exisiting slot {2} to {3}",تم تخطي الفتحة الزمنية، تتداخل الفتحة {0} إلى {1} مع فاصل الزمني {2} إلى {3},
Time slots added,تمت إضافة الفواصل الزمنية,
Time(in mins),الوقت (دقيقة),
Timer,مؤقت,
Timer exceeded the given hours.,الموقت تجاوزت الساعات المعطاة.,
Timesheet,سجل الوقت,
Timesheet for tasks.,الجدول الزمني للمهام.,
Timesheet {0} is already completed or cancelled,الجدول الزمني {0} بالفعل منتهي أو ملغى,
Timesheets,الجداول الزمنية,
"Timesheets help keep track of time, cost and billing for activites done by your team",الجداول الزمنية تساعد على الحفاظ على المسار من الوقت والتكلفة وإعداد الفواتير للنشاطات الذي قام به فريقك,
Titles for print templates e.g. Proforma Invoice.,عناوين نماذج الطباعة مثل الفاتورة الأولية.,
To Address 1,على العنوان 1,
To Address 2,على العنوان 2,
To Bill,للفوترة,
To Date cannot be before From Date,(الى تاريخ) لا يمكن ان يكون قبل (من تاريخ),
To Date cannot be less than From Date,لا يمكن أن يكون تاريخ التاريخ أقل من تاريخ,
To Date must be greater than From Date,يجب أن يكون التاريخ أكبر من تاريخ,
To Date should be within the Fiscal Year. Assuming To Date = {0},إلى التسجيل يجب أن يكون ضمن السنة المالية. على افتراض إلى تاريخ = {0},
To Datetime,إلى التاريخ والوقت,
To Deliver,للتسليم,
To Deliver and Bill,للتسليم و الفوترة,
To Fiscal Year,إلى السنة المالية,
To GSTIN,إلى GSTIN,
To Party Name,إلى اسم الحزب,
To Pin Code,إلى الرقم السري,
To Place,الى المكان,
To Receive,للأستلام,
To Receive and Bill,للأستلام و الفوترة,
To State,إلى الدولة,
To Warehouse,لمستودع,
To create a Payment Request reference document is required,لإنشاء مستند مرجع طلب الدفع مطلوب,
"To filter based on Party, select Party Type first",لتصفية استنادا الحزب، حدد حزب النوع الأول,
"To get the best out of ERPNext, we recommend that you take some time and watch these help videos.",للحصول على أفضل النتائج من ITQAN ERP، ونحن نوصي بأن تأخذ بعض الوقت ومشاهدة أشرطة الفيديو هذه المساعدة.,
"To include tax in row {0} in Item rate, taxes in rows {1} must also be included",ل تشمل الضريبة في الصف {0} في معدل الإغلاق، {1} ويجب أيضا تضمين الضرائب في الصفوف,
To make Customer based incentive schemes.,لجعل خطط الحوافز على أساس العملاء.,
"To merge, following properties must be same for both items",لدمج، يجب أن يكون نفس الخصائص التالية ل كلا البندين,
"To not apply Pricing Rule in a particular transaction, all applicable Pricing Rules should be disabled.",للا ينطبق قاعدة التسعير في معاملة معينة، يجب تعطيل جميع قوانين التسعير المعمول بها.,
"To set this Fiscal Year as Default, click on 'Set as Default'",""" لتحديد هذه السنة المالية كافتراضي، انقر على "" تحديد كافتراضي",
To view logs of Loyalty Points assigned to a Customer.,لعرض سجلات نقاط الولاء المخصصة للعميل.,
To {0},إلى {0},
To {0} | {1} {2},إلى {0} | {1} {2},
Toggle Filters,تبديل المرشحات,
Too many columns. Export the report and print it using a spreadsheet application.,عدد كبير جدا من الأعمدة. تصدير التقرير وطباعته باستخدام تطبيق جدول البيانات.,
Total (Credit),الإجمالي (الائتمان),
Total (Without Tax),الإجمالي (بدون ضريبة),
Total Achieved,الإجمالي المحقق,
Total Actual,الإجمالي الفعلي,
Total Amount,الاعتماد الأساسي,
Total Amount Credited,مجموع المبلغ المعتمد,
Total Applicable Charges in Purchase Receipt Items table must be same as Total Taxes and Charges,يجب أن يساوي إجمالي الرسوم المطبقة في جدول أصناف إذن الاستلام إجمالي الضرائب والرسوم,
Total Budget,الميزانية الإجمالية,
Total Collected: {0},المجموع الإجمالي: {0},
Total Commission,مجموع العمولة,
Total Contribution Amount: {0},إجمالي مبلغ المساهمة: {0},
Total Credit/ Debit Amount should be same as linked Journal Entry,يجب أن يكون إجمالي مبلغ الائتمان / المدين هو نفسه المرتبطة بإدخال المجلة,
Total Debit must be equal to Total Credit. The difference is {0},يجب أن يكون إجمالي الخصم يساوي إجمالي الائتمان.,
Total Invoiced Amount,إجمالي مبلغ الفاتورة,
Total Order Considered,اجمالي أمر البيع التقديري,
Total Order Value,مجموع قيمة الطلب,
Total Outgoing,مجموع المنتهية ولايته,
Total Outstanding,إجمالي المعلقة,
Total Outstanding Amount,إجمالي المبلغ المستحق,
Total Outstanding: {0},المجموع: {0},
Total Paid Amount,إجمالي المبلغ المدفوع,
Total Payment Amount in Payment Schedule must be equal to Grand / Rounded Total,يجب أن يكون إجمالي مبلغ الدفع في جدول الدفع مساويا للمجموع الكبير / المستدير,
Total Payments,مجموع المدفوعات,
Total Qty,إجمالي الكمية,
Total Quantity,إجمالي الكمية,
Total Revenue,إجمالي الإيرادات,
Total Student,إجمالي الطالب,
Total Target,إجمالي المستهدف,
Total Tax,مجموع الضرائب,
Total Taxable Amount,إجمالي المبلغ الخاضع للضريبة,
Total Taxable Value,إجمالي القيمة الخاضعة للضريبة,
Total Unpaid: {0},عدد غير مدفوع: {0},
Total Variance,مجموع الفروق,
Total Weightage of all Assessment Criteria must be 100%,يجب أن يكون الترجيح الكلي لجميع معايير التقييم 100%,
Total advance ({0}) against Order {1} cannot be greater than the Grand Total ({2}),مجموع مقدما ({0}) ضد النظام {1} لا يمكن أن يكون أكبر من المجموع الكلي ({2}),
Total advance amount cannot be greater than total claimed amount,لا يمكن أن يكون إجمالي المبلغ المدفوع أكبر من المبلغ الإجمالي المطالب به,
Total allocated leaves are more days than maximum allocation of {0} leave type for employee {1} in the period,إجمالي الإجازات المخصصة هي أيام أكثر من التخصيص الأقصى لنوع الإجازات {0} للموظف {1} في الفترة,
Total allocated leaves are more than days in the period,مجموع اﻹجازات المخصصة هي أكثر من الأيام في الفترة المحددة,
Total allocated percentage for sales team should be 100,مجموع النسبة المئوية المخصصة ل فريق المبيعات يجب أن يكون 100,
Total cannot be zero,لا يمكن ان يكون المجموع صفر,
Total contribution percentage should be equal to 100,يجب أن تكون نسبة المساهمة الإجمالية مساوية 100,
Total hours: {0},مجموع الساعات: {0},
Total {0} ({1}),إجمالي {0} ({1}),
"Total {0} for all items is zero, may be you should change 'Distribute Charges Based On'",إجمالي {0} لجميع الأصناف هو صفر، قد يكون عليك تغيير 'توزيع الرسوم على أساس',
Total(Amt),إجمالي (AMT),
Total(Qty),إجمالي (الكمية),
Traceability,التتبع,
Track Leads by Lead Source.,تقدم العروض حسب المصدر الرصاص.,
Transaction,حركة,
Transaction Date,تاريخ المعاملة,
Transaction Type,نوع المعاملة,
Transaction currency must be same as Payment Gateway currency,يجب أن تكون العملة المعاملة نفس العملة بوابة الدفع,
Transaction not allowed against stopped Work Order {0},المعاملة غير مسموح بها مقابل أمر التشغيل المتوقف {0},
Transaction reference no {0} dated {1},إشارة عملية لا {0} بتاريخ {1},
Transactions,المعاملات,
Transactions can only be deleted by the creator of the Company,لا يمكن حذف المعاملات من قبل خالق الشركة,
Transfer,نقل,
Transfer Material,نقل المواد,
Transfer Type,نوع النقل,
Transfer an asset from one warehouse to another,نقل رصيدا من مستودع واحد إلى آخر,
Transfered,نقلها,
Transferred Quantity,الكمية المنقولة,
Transport Receipt Date,تاريخ استلام النقل,
Transport Receipt No,إيصالات النقل,
Transportation,النقل,
Transporter ID,معرف الناقل,
Transporter Name,نقل اسم,
Travel Expenses,نفقات السفر,
Tree Type,نوع الشجرة,
Tree of Bill of Materials,شجرة فواتير المواد,
Tree of Item Groups.,شجرة مجموعات الأصناف.,
Tree of Procedures,شجرة الإجراءات,
Tree of Quality Procedures.,شجرة إجراءات الجودة.,
Tree of financial Cost Centers.,شجرة من مراكز التكلفة المالية.,
Tree of financial accounts.,شجرة الحسابات المالية.,
Treshold {0}% appears more than once,Treshold {0}% يظهر أكثر من مرة,
Trial Period End Date Cannot be before Trial Period Start Date,لا يمكن أن يكون تاريخ انتهاء الفترة التجريبية قبل تاريخ بدء الفترة التجريبية,
Trialling,تجربته,
Type of Business,نوع من الاعمال,
Types of activities for Time Logs,أنواع الأنشطة لسجلات الوقت,
UOM,وحدة القياس,
UOM Conversion factor is required in row {0},معامل تحويل وحدة القياس مطلوب في الصف: {0},
UOM coversion factor required for UOM: {0} in Item: {1},عامل تحويل وحدة القياس المطلوب لوحدة القياس : {0} في الصنف: {1},
Unable to find exchange rate for {0} to {1} for key date {2}. Please create a Currency Exchange record manually,تعذر العثور على سعر الصرف من {0} إلى {1} لتاريخ المفتاح {2}. يرجى إنشاء سجل صرف العملات يدويا,
Unable to find score starting at {0}. You need to have standing scores covering 0 to 100,تعذر العثور على النتيجة بدءا من {0}. يجب أن يكون لديك درجات دائمة تغطي 0 إلى 100,
Unable to find variable: ,تعذر العثور على متغير:,
Unblock Invoice,الافراج عن الفاتورة,
Uncheck all,الغاء أختيار الكل,
Unclosed Fiscal Years Profit / Loss (Credit),غير مغلقة سنتين الماليتين الربح / الخسارة (الائتمان),
Unit,وحدة,
Unit of Measure,وحدة القياس,
Unit of Measure {0} has been entered more than once in Conversion Factor Table,وحدة القياس {0} تم إدخال أكثر من مرة واحدة في معامل التحويل الجدول,
Unknown,غير معروف,
Unpaid,غير مدفوع,
Unsecured Loans,القروض غير المضمونة,
Unsubscribe from this Email Digest,إلغاء الاشتراك من هذا البريد الإلكتروني دايجست,
Until,حتى,
Unverified Webhook Data,بيانات Webhook لم يتم التحقق منها,
Update Account Name / Number,تحديث اسم / رقم الحساب,
Update Account Number / Name,تحديث رقم الحساب / الاسم,
Update Cost,تحديث التكلفة,
Update Items,تحديث الأصناف,
Update Print Format,تحديث تنسيق الطباعة,
Update bank payment dates with journals.,تحديث تواريخ الدفع البنكي مع المجلات.,
Update in progress. It might take a while.,التحديث قيد التقدم. قد يستغرق بعض الوقت.,
Update rate as per last purchase,معدل التحديث حسب آخر عملية شراء,
Update stock must be enable for the purchase invoice {0},يجب تفعيل تحديث المخزون لفاتورة المشتريات {0},
Updating Variants...,جارٍ تحديث المتغيرات...,
Upload your letter head and logo. (you can edit them later).,قم برفع الورق الرسمي الخاص بك والشعار. (يمكنك تعديلهما لاحقًا)
,
Upper Income,أعلى دخل,
User ID not set for Employee {0},هوية المستخدم لم يتم تعيين موظف ل {0},
User Remark,ملاحظات المستخدم,
User has not applied rule on the invoice {0},لم يطبق المستخدم قاعدة على الفاتورة {0},
User {0} already exists,المستخدم {0} موجود بالفعل,
User {0} created,تم إنشاء المستخدم {0},
User {0} does not exist,المستخدم {0} غير موجود,
User {0} doesn't have any default POS Profile. Check Default at Row {1} for this User.,المستخدم {0} ليس لديه أي ملف تعريف افتراضي ل بوس. تحقق من الافتراضي في الصف {1} لهذا المستخدم.,
User {0} is already assigned to Employee {1},المستخدم {0} تم تعيينه بالفعل إلى موظف {1},
User {0} is already assigned to Healthcare Practitioner {1},تم تعيين المستخدم {0} بالفعل لممارس الرعاية الصحية {1},
Utility Expenses,نفقات المرافق,
Valid From Date must be lesser than Valid Upto Date.,يجب أن يكون صالحًا من تاريخ أقل من تاريخ صالحة صالح.,
Valid Till,صالح حتى,
Valid from and valid upto fields are mandatory for the cumulative,صالحة من وحقول تصل صالحة إلزامية للتراكمية,
Valid from date must be less than valid upto date,يجب أن يكون تاريخ البداية قبل تاريخ الانتهاء,
Valid till date cannot be before transaction date,لا يمكن أن يكون تاريخ الصلاحية قبل تاريخ المعاملة,
Validity period of this quotation has ended.,انتهت فترة صلاحية عرض السعر هذا.,
Valuation Rate,سعر التقييم,
Valuation Rate is mandatory if Opening Stock entered,سعر التقييم إلزامي عند إدخال مخزون افتتاحي,
Valuation type charges can not marked as Inclusive,لا يمكن تمييز رسوم نوع التقييم على أنها شاملة,
Value Or Qty,القيمة أو الكمية,
Value Proposition,عرض القيمة,
Value for Attribute {0} must be within the range of {1} to {2} in the increments of {3} for Item {4},يجب أن تكون قيمة السمة {0} ضمن النطاق من {1} إلى {2} وبزيادة مقدارها {3} للصنف {4},
Value must be between {0} and {1},يجب أن تكون القيمة بين {0} و {1},
"Values of exempt, nil rated and non-GST inward supplies",قيم الإمدادات المعفاة وغير المصنفة وغير الداخلة في ضريبة السلع والخدمات,
Variance,فرق,
Variance ({}),التباين ({}),
Variant,متغير,
Variant Attributes,سمات المتغير,
Variant Based On cannot be changed,لا يمكن تغيير المتغير بناءً على,
Variant Details Report,تقرير تفاصيل المتغيرات,
Variant creation has been queued.,تمت إضافة إنشاء المتغير إلى قائمة الانتظار.,
Vehicle Expenses,مصاريف المركبة,
Vehicle No,رقم المركبة,
Vehicle Type,نوع السيارة,
Vehicle/Bus Number,رقم المركبة / الحافلة,
Venture Capital,رأس المال الاستثماري,
View Chart of Accounts,عرض دليل الحسابات,
View Fees Records,عرض سجلات الرسوم,
View Form,عرض النموذج,
View Lab Tests,عرض التحاليل المعملية,
View Leads,عرض العملاء المحتملين,
View Ledger,عرض دفتر الأستاذ,
View Now,عرض الآن,
View a list of all the help videos,عرض قائمة بكل فيديوهات المساعدة,
View in Cart,عرض في العربة,
Visit report for maintenance call.,تقرير الزيارة لطلب الصيانة.,
Visit the forums,زيارة المنتديات,
Vital Signs,علامات حيوية,
Volunteer,تطوع,
Volunteer Type information.,معلومات نوع التطوع.,
Volunteer information.,معلومات التطوع.,
Voucher #,سند #,
Voucher No,رقم السند,
Voucher Type,نوع السند,
WIP Warehouse,مستودع WIP,
Warehouse can not be deleted as stock ledger entry exists for this warehouse.,لا يمكن حذف المستودع لوجود قيد في دفتر أستاذ المخزون مرتبط به.,
Warehouse cannot be changed for Serial No.,لا يمكن تغيير المستودع للرقم التسلسلي.,
Warehouse is mandatory,المستودع إلزامي,
Warehouse is mandatory for stock Item {0} in row {1},المستودع إلزامي لصنف المخزون {0} في الصف {1},
Warehouse not found in the system,لم يتم العثور على المستودع في النظام,
"Warehouse required at Row No {0}, please set default warehouse for the item {1} for the company {2}",مستودع مطلوب في الصف رقم {0}، يرجى تعيين المستودع الافتراضي للصنف {1} للشركة {2},
Warehouse required for stock Item {0},المستودع مطلوب لصنف المخزون {0},
Warehouse {0} can not be deleted as quantity exists for Item {1},لا يمكن حذف المستودع {0} لوجود كمية للصنف {1},
Warehouse {0} does not belong to company {1},المستودع {0} لا يتبع الشركة {1},
Warehouse {0} does not exist,مستودع {0} غير موجود,
"Warehouse {0} is not linked to any account, please mention the account in  the warehouse record or set default inventory account in company {1}.",مستودع {0} غير مرتبط بأي حساب، يرجى ذكر الحساب في سجل المستودع أو تعيين حساب المخزون الافتراضي في الشركة {1}.,
Warehouses with child nodes cannot be converted to ledger,لا يمكن تحويل المستودعات التي تحتوي على عقد فرعية إلى دفتر أستاذ,
Warehouses with existing transaction can not be converted to group.,لا يمكن تحويل المستودعات التي لديها معاملات قائمة إلى مجموعة.,
Warehouses with existing transaction can not be converted to ledger.,لا يمكن تحويل المستودعات التي لديها معاملات قائمة إلى دفتر أستاذ.,
Warning: Another {0} # {1} exists against stock entry {2},تحذير: يوجد {0} آخر رقم {1} مقابل قيد مخزون {2},
Warning: Invalid SSL certificate on attachment {0},تحذير: شهادة SSL غير صالحة في المرفق {0},
Warning: Invalid attachment {0},تحذير: مرفق غير صالح {0},
Warning: Material Requested Qty is less than Minimum Order Qty,تحذير: كمية طلب المواد أقل من الحد الأدنى لكمية الطلب,
Warning: Sales Order {0} already exists against Customer's Purchase Order {1},تحذير: أمر البيع {0} موجود مسبقاً لأمر الشراء الخاص بالعميل {1},
Warning: System will not check overbilling since amount for Item {0} in {1} is zero,تحذير: لن يتحقق النظام من الفوترة الزائدة لأن مبلغ الصنف {0} في {1} يساوي صفرًا,
Warranty,الضمانة,
Warranty Claim,مطالبة بالضمان,
Warranty Claim against Serial No.,المطالبة الضمان ضد رقم الرقم التسلسلي,
Website Image should be a public file or website URL,موقع الويب يجب أن تكون الصورة ملفا عاما أو عنوان الرابط لموقع الويب,
Website Image {0} attached to Item {1} cannot be found,تعذر العثور على صورة الموقع {0} المرفقة بالصنف {1},
"Weight is mentioned,\nPlease mention ""Weight UOM"" too","يذكر الوزن، \n يرجى ذكر ""الوزن وحدة القياس"" للغاية",
Welcome to ERPNext,مرحبًا بكم في ITQAN ERP,
What do you need help with?,ما الذى تحتاج المساعدة به؟,
What does it do?,مجال عمل الشركة؟,
Where manufacturing operations are carried.,حيث تتم عمليات التصنيع.,
White,أبيض,
Wire Transfer,حوالة مصرفية,
WooCommerce Products,منتجات WooCommerce,
Work In Progress,التقدم في العمل,
Work Order,أمر التشغيل,
Work Order already created for all items with BOM,تم إنشاء أمر التشغيل بالفعل لكل الأصناف التي لها قائمة مواد,
Work Order cannot be raised against a Item Template,لا يمكن إنشاء أمر التشغيل مقابل قالب صنف,
Work Order has been {0},تم عمل الطلب {0},
Work Order not created,أمر التشغيل لم يتم إنشاؤه,
Work Order {0} must be cancelled before cancelling this Sales Order,يجب إلغاء أمر التشغيل {0} قبل إلغاء أمر البيع هذا,
Work Order {0} must be submitted,يجب تقديم أمر التشغيل {0},
Work Orders Created: {0},أوامر العمل التي تم إنشاؤها: {0},
Work-in-Progress Warehouse is required before Submit,مستودع أعمال جارية مطلوب قبل التسجيل,
Working,عامل,
Working Hours,ساعات العمل,
Workstation,محطة العمل,
Workstation is closed on the following dates as per Holiday List: {0},محطة العمل مغلقة في التواريخ التالية وفقا لقائمة العطل: {0},
Wrapping up,تغليف,
Wrong Password,كلمة مرور خاطئة,
Year start date or end date is overlapping with {0}. To avoid please set company,تاريخ البدء أو تاريخ الانتهاء عام يتداخل مع {0}. لتجنب ذلك الرجاء تعيين الشركة,
You are not authorized to add or update entries before {0},غير مصرح لك باضافه قيود أو تحديثها قبل {0},
You are not authorized to set Frozen value,.أنت غير مخول لتغيير القيم المجمدة,
You can not change rate if BOM mentioned agianst any item,لا يمكنك تغيير السعر اذا قائمة المواد جعلت مقابل أي بند,
You can not enter current voucher in 'Against Journal Entry' column,لا يمكنك إدخال القسيمة الحالية في عمود 'قيد اليومية المقابل'.,
You can only have Plans with the same billing cycle in a Subscription,يمكنك فقط الحصول على خطط مع دورة الفواتير نفسها في الاشتراك,
You can only redeem max {0} points in this order.,لا يمكنك استرداد سوى {0} نقاط كحد أقصى بهذا الترتيب.,
You can only renew if your membership expires within 30 days,يمكنك تجديد عضويتك اذا انتهت عضويتك خلال 30 يوما,
You can only select a maximum of one option from the list of check boxes.,يمكنك فقط تحديد خيار واحد كحد أقصى من قائمة مربعات الاختيار.,
You can't redeem Loyalty Points having more value than the Grand Total.,لا يمكنك استرداد نقاط الولاء التي لها قيمة أكبر من المجموع الكلي.,
You cannot credit and debit same account at the same time,لا يمكن إعطاء الحساب قيمة مدين وقيمة دائن في نفس الوقت,
You cannot delete Fiscal Year {0}. Fiscal Year {0} is set as default in Global Settings,لا يمكنك حذف السنة المالية {0}. تم تحديد السنة المالية {0} كأفتراضي في الإعدادات الشاملة,
You cannot delete Project Type 'External',لا يمكنك حذف مشروع من نوع 'خارجي',
You cannot edit root node.,لا يمكنك تحرير عقدة الجذر.,
You cannot restart a Subscription that is not cancelled.,لا يمكنك إعادة تشغيل اشتراك غير ملغى.,
You don't have enough Loyalty Points to redeem,ليس لديك ما يكفي من نقاط الولاء لاستردادها,
You have already assessed for the assessment criteria {}.,لقد سبق أن قيمت معايير التقييم {}.,
You have already selected items from {0} {1},لقد حددت الأصناف من {0} {1},
You have been invited to collaborate on the project: {0},لقد وجهت الدعوة إلى التعاون في هذا المشروع: {0},
You have entered duplicate items. Please rectify and try again.,لقد أدخلت عناصر مكررة. يرجى تصحيح وإعادة المحاولة.,
You need to be a user other than Administrator with System Manager and Item Manager roles to register on Marketplace.,يجب أن تكون مستخدمًا غير المسؤول مع أدوار مدير النظام و مدير الصنف للتسجيل في Marketplace.,
You need to be a user with System Manager and Item Manager roles to add users to Marketplace.,يجب أن تكون مستخدمًا بأدوار مدير النظام و مدير الصنف لإضافة المستخدمين إلى Marketplace.,
You need to be a user with System Manager and Item Manager roles to register on Marketplace.,يجب أن تكون مستخدمًا بأدوار مدير النظام و مدير الصنف للتسجيل في Marketplace.,
You need to enable Shopping Cart,تحتاج إلى تمكين سلة التسوق,
You will lose records of previously generated invoices. Are you sure you want to restart this subscription?,ستفقد سجلات الفواتير التي تم إنشاؤها من قبل. هل أنت متأكد من أنك تريد إعادة تشغيل هذا الاشتراك؟,
Your Organization,مؤسستك,
Your cart is Empty,عربة التسوق فارغة,
Your email address...,عنوان بريدك الإلكتروني...,
Your order is out for delivery!,طلبك تحت التسليم!,
Your tickets,تذاكرك,
ZIP Code,الرمز البريدي,
[Error],[خطأ],
[{0}](#Form/Item/{0}) is out of stock,[{0}] (# نموذج / الصنف / {0}) انتهى من المخزن,
`Freeze Stocks Older Than` should be smaller than %d days.,` تجميد المخزون الأقدم من يجب أن يكون أقل من % d يوم `.,
based_on,مرتكز على,
cannot be greater than 100,لايمكن أن يكون أكبر من 100,
disabled user,المستخدم معطل,
"e.g. ""Build tools for builders""","مثلا، ""أدوات البناء للبنائين""",
"e.g. ""Primary School"" or ""University""","مثلا، ""المدرسة الابتدائية"" أو ""الجامعة""",
"e.g. Bank, Cash, Credit Card",على سبيل المثال، مصرف، نقدا، بطاقة الائتمان,
hidden,مخفي,
modified,تم التعديل,
on,في,
{0} '{1}' is disabled,{0} '{1}' معطل,
{0} '{1}' not in Fiscal Year {2},{0} '{1}' ليس في السنة المالية {2},
{0} ({1}) cannot be greater than planned quantity ({2}) in Work Order {3},{0} ({1}) لا يمكن أن يكون أكبر من الكمية المخطط لها ({2}) في أمر التشغيل {3},
{0} - {1} is inactive student,{0} - {1} طالب غير نشط,
{0} - {1} is not enrolled in the Batch {2},{0} - {1} غير مسجل في الدفعة {2},
{0} - {1} is not enrolled in the Course {2},{0} - {1} غير مسجل في الدورة {2},
{0} Budget for Account {1} against {2} {3} is {4}. It will exceed by {5},{0} Budget for Account {1} against {2} {3} is {4}. It will exceed by {5},
{0} Digest,{0} الملخص,
{0} Request for {1},{0} طلب {1},
{0} Result submittted,{0} النتيجة المقدمة,
{0} Serial Numbers required for Item {1}. You have provided {2}.,{0} الرقم التسلسلي مطلوب للصنف {1}. لقد قدمت {2}.,
{0} Student Groups created.,{0} تم إنشاء مجموعات الطلاب.,
{0} Students have been enrolled,{0} تم تسجيل الطلاب,
{0} against Bill {1} dated {2},{0} مقابل الفاتورة {1} بتاريخ {2},
{0} against Purchase Order {1},{0} مقابل أمر الشراء {1},
{0} against Sales Invoice {1},{0} مقابل فاتورة المبيعات {1},
{0} against Sales Order {1},{0} مقابل طلب مبيعات {1},
{0} asset cannot be transferred,{0} أصول لا يمكن نقلها,
{0} can not be negative,{0} لا يمكن أن يكون سالبا,
{0} created,{0} تم انشاؤه,
"{0} currently has a {1} Supplier Scorecard standing, and Purchase Orders to this supplier should be issued with caution.",{0} لديها حاليا {1} بطاقة أداء بطاقة الموردين، ويجب إصدار أوامر الشراء إلى هذا المورد بحذر.,
"{0} currently has a {1} Supplier Scorecard standing, and RFQs to this supplier should be issued with caution.",{0} لديه حاليا {1} بطاقة أداء بطاقة الموردين، ويجب أن يتم إصدار طلبات إعادة الشراء إلى هذا المورد بحذر.,
{0} does not belong to Company {1},{0} لا تنتمي إلى شركة {1},
{0} does not have a Healthcare Practitioner Schedule. Add it in Healthcare Practitioner master,{0} ليس لديه جدول ممارسة للرعاية الصحية.\n إضافة جدول في ممارسة الرعاية الصحية الرئيسي,
{0} entered twice in Item Tax,{0} ادخل مرتين في ضريبة الصنف,
{0} for {1},{0} ل {1},
{0} has been submitted successfully,{0} تم التقديم بنجاح,
{0} has fee validity till {1},{0} له صلاحية الرسوم حتى {1},
{0} hours,{0} ساعات,
{0} in row {1},{0} في الحقل {1},
{0} is blocked so this transaction cannot proceed,تم حظر {0} حتى لا تتم متابعة هذه المعاملة,
{0} is mandatory for Item {1},{0} إلزامي للصنف {1},
{0} is mandatory. Maybe Currency Exchange record is not created for {1} to {2}.,{0} إلزامي. ربما لم يتم إنشاء سجل سعر صرف العملة ل{1} إلى {2}.,
{0} is not a stock Item,{0} ليس من نوع المخزون,
{0} is not a valid Batch Number for Item {1},{0} ليس رقما صالحا للصنف {1},
{0} is not added in the table,{0} لم تتم إضافته في الجدول,
{0} is now the default Fiscal Year. Please refresh your browser for the change to take effect.,{0} هو الآن السنه المالية الافتراضية. الرجاء تحديث المستعرض لكي يسري مفعول التغيير.,
{0} is on hold till {1},{0} معلق حتى {1},
{0} item found.,تم العثور على {0} عنصر.,
{0} items found.,تم العثور على {0} عنصر.,
{0} items in progress,{0} الصنف قيد الأستخدام,
{0} items produced,{0} عناصر منتجة,
{0} must appear only once,{0} يجب أن يظهر مرة واحدة فقط,
{0} must be negative in return document,{0} يجب أن يكون سالبة في وثيقة الارجاع,
{0} not allowed to transact with {1}. Please change the Company.,{0} غير مسموح بالتعامل مع {1}. يرجى تغيير الشركة.,
{0} not found for item {1},{0} لم يتم العثور على الصنف {1},
{0} parameter is invalid,{0} المعلمة غير صالحة,
{0} payment entries can not be filtered by {1},{0} لا يمكن فلترة المدفوعات المدخلة {1},
{0} should be a value between 0 and 100,{0} يجب أن تكون القيمة بين 0 و 100,
{0} units of [{1}](#Form/Item/{1}) found in [{2}](#Form/Warehouse/{2}),{0} وحدات من [{1}] (# نموذج / الصنف / {1}) وجدت في [{2}] (# نموذج / مستودع/ {2}),
{0} units of {1} needed in {2} on {3} {4} for {5} to complete this transaction.,{0} وحدات من {1} لازمة ل {2} في {3} {4} ل {5} لإكمال هذه المعاملة.,
{0} units of {1} needed in {2} to complete this transaction.,{0} وحدات من {1} لازمة في {2} لإكمال هذه المعاملة.,
{0} valid serial nos for Item {1},{0} أرقام تسلسلية صالحة للصنف {1},
{0} variants created.,تم إنشاء المتغيرات {0}.,
{0} {1} created,{0} {1} إنشاء,
{0} {1} does not exist,{0} {1} غير موجود,
{0} {1} has been modified. Please refresh.,تم تعديل {0} {1}، يرجى تحديث الصفحة من المتصفح,
{0} {1} has not been submitted so the action cannot be completed,{0} {1} لم يتم إرسالها، ولذلك لا يمكن إكمال الإجراء,
"{0} {1} is associated with {2}, but Party Account is {3}",{0} {1} مرتبط ب {2}، ولكن حساب الطرف هو {3},
{0} {1} is cancelled or closed,{0} {1} تم إلغائه أو مغلق,
{0} {1} is cancelled or stopped,{0} {1} يتم إلغاؤه أو إيقافه,
{0} {1} is cancelled so the action cannot be completed,{0} {1} تم إلغاؤه لذلك لا يمكن إكمال الإجراء,
{0} {1} is closed,{0} {1} مغلقة,
{0} {1} is disabled,{0} {1} معطل,
{0} {1} is frozen,{0} {1} مجمد,
{0} {1} is fully billed,{0} {1} قدمت الفواتير بشكل كامل,
{0} {1} is not active,{0} {1} غير نشط,
{0} {1} is not associated with {2} {3},{0} {1} غير مرتبط {2} {3},
{0} {1} is not present in the parent company,{0} {1} غير موجود في الشركة الأم,
{0} {1} is not submitted,{0} {1} لم يتم تقديمه,
{0} {1} is {2},{0} {1} هو {2},
{0} {1} must be submitted,{0} {1} يجب أن يتم اعتماده,
{0} {1} not in any active Fiscal Year.,{0} {1} ليس في أي سنة مالية نشطة.,
{0} {1} status is {2},{0} {1} الحالة {2},
{0} {1}: 'Profit and Loss' type account {2} not allowed in Opening Entry,"{0} {1}: نوع حساب ""الربح والخسارة"" {2} غير مسموح به في قيد افتتاحي",
{0} {1}: Account {2} does not belong to Company {3},{0} {1}: الحساب {2} لا ينتمي إلى الشركة {3},
{0} {1}: Account {2} is inactive,{0} {1}: الحساب {2} غير فعال,
{0} {1}: Accounting Entry for {2} can only be made in currency: {3},{0} {1}: قيد محاسبي ل {2} يمكن ان يتم فقط بالعملة : {3},
{0} {1}: Cost Center is mandatory for Item {2},{0} {1}: مركز التكلفة إلزامي للصنف {2},
{0} {1}: Cost Center is required for 'Profit and Loss' account {2}. Please set up a default Cost Center for the Company.,{0} {1}: مركز التكلفة مطلوب لحساب ' الربح والخسارة ' {2}. الرجاء اعداد مركز التكلفه الافتراضي للشركة.,
{0} {1}: Cost Center {2} does not belong to Company {3},{0} {1}: مركز التكلفة {2} لا ينتمي إلى الشركة {3},
{0} {1}: Customer is required against Receivable account {2},{0} {1}: الزبون مطلوب بالمقابلة بالحساب المدين {2},
{0} {1}: Either debit or credit amount is required for {2},{0} {1}: إما مبلغ دائن أو مدين مطلوب ل{2},
{0} {1}: Supplier is required against Payable account {2},{0} {1}: المورد مطلوب لحساب الدفع {2},
{0}% Billed,{0}% مفوترة,
{0}% Delivered,{0}% تم التسليم,
{0}: From {1},{0}: من {1},
{0}: {1} does not exists,{0}: {1} غير موجود,
{0}: {1} not found in Invoice Details table,{0}: {1} غير موجود في جدول تفاصيل الفواتير,
{} of {},{} من {},
Ageing Range 4,الشيخوخة المدى 4,
Allocated amount cannot be greater than unadjusted amount,لا يمكن أن يكون المبلغ المخصص أكبر من المبلغ غير المعدل,
Allocated amount cannot be negative,لا يمكن أن يكون المبلغ المخصص سالبًا,
"Difference Account must be a Asset/Liability type account, since this Stock Entry is an Opening Entry",يجب أن يكون حساب الفرق حسابًا لنوع الأصول / الخصوم، نظرًا لأن إدخال الأسهم هذا هو إدخال فتح,
Import Successful,استيراد ناجح,
Please save first,يرجى حفظ أولا,
Price not found for item {0} in price list {1},لم يتم العثور على السعر للصنف {0} في قائمة الأسعار {1},
Warehouse Type,نوع المستودع,
'Date' is required,"""التاريخ"" مطلوب",
Budgets,الميزانيات,
Bundle Qty,حزمة الكمية,
Company GSTIN,شركة غستين,
Company field is required,حقل الشركة مطلوب,
Creating Dimensions...,إنشاء الأبعاد...,
Duplicate entry against the item code {0} and manufacturer {1},إدخال مكرر مقابل رمز الصنف {0} والشركة المصنعة {1},
Invalid GSTIN! The input you've entered doesn't match the GSTIN format for UIN Holders or Non-Resident OIDAR Service Providers,GSTIN غير صالح! لا يتطابق الإدخال الذي أدخلته مع تنسيق GSTIN لحاملي UIN أو مزودي خدمة OIDAR غير المقيمين,
Invoice Grand Total,الفاتورة الكبرى المجموع,
Last carbon check date cannot be a future date,لا يمكن أن يكون تاريخ فحص الكربون الأخير تاريخًا مستقبلاً,
Make Stock Entry,جعل دخول الأسهم,
Quality Feedback,ردود فعل الجودة,
Quality Feedback Template,قالب ملاحظات الجودة,
Rules for applying different promotional schemes.,قواعد تطبيق المخططات الترويجية المختلفة.,
Show {0},عرض {0},
Target Details,تفاصيل الهدف,
{0} already has a Parent Procedure {1}.,{0} يحتوي بالفعل على إجراء الأصل {1}.,
Print Heading,عنوان الطباعة,
Video,فيديو,
% Of Grand Total,% من المجموع الكلي,
<b>Company</b> is a mandatory filter.,<b>الشركة</b> هي مرشح إلزامي.,
<b>From Date</b> is a mandatory filter.,<b>من التاريخ</b> هو مرشح إلزامي.,
<b>From Time</b> cannot be later than <b>To Time</b> for {0},<b>من الوقت</b> لا يمكن أن يكون بعد من <b>إلى الوقت</b> لـ {0},
<b>To Date</b> is a mandatory filter.,<b>حتى الآن</b> هو مرشح إلزامي.,
A new appointment has been created for you with {0},تم إنشاء موعد جديد لك من خلال {0},
Account Value,قيمة الحساب,
Account is mandatory to get payment entries,الحساب إلزامي للحصول على قيود الدفع,
Account is not set for the dashboard chart {0},لم يتم تعيين الحساب لمخطط لوحة المعلومات {0},
Account {0} does not exists in the dashboard chart {1},الحساب {0} غير موجود في مخطط لوحة المعلومات {1},
Account: <b>{0}</b> is capital Work in progress and can not be updated by Journal Entry,"الحساب: <b>{0}</b> عبارة ""Capital work"" قيد التقدم ولا يمكن تحديثها بواسطة ""قيد يومية""",
Account: {0} is not permitted under Payment Entry,الحساب: {0} غير مسموح به في سند الدفع,
Accounting Dimension <b>{0}</b> is required for 'Balance Sheet' account {1}.,"البعد المحاسبي <b>{0}</b> مطلوب لحساب ""الميزانية العمومية"" {1}.",
Accounting Dimension <b>{0}</b> is required for 'Profit and Loss' account {1}.,"البعد المحاسبي <b>{0}</b> مطلوب لحساب ""الربح والخسارة"" {1}.",
Accounting Masters,الماجستير المحاسبة,
Accounting Period overlaps with {0},فترة المحاسبة تتداخل مع {0},
Add to Featured Item,إضافة إلى الصنف المميز,
Add your review,إضافة تقييمك,
Add/Edit Coupon Conditions,إضافة / تحرير شروط القسيمة,
Added to Featured Items,تمت الإضافة إلى الأصناف المميزة,
Admission End Date should be greater than Admission Start Date.,يجب أن يكون تاريخ انتهاء القبول أكبر من تاريخ بدء القبول.,
All bank transactions have been created,تم إنشاء جميع المعاملات المصرفية,
All the depreciations has been booked,تم حجز جميع الإهلاكات,
Allow Resetting Service Level Agreement from Support Settings.,السماح بإعادة ضبط اتفاقية مستوى الخدمة من إعدادات الدعم.,
Amount of {0} is required for Loan closure,المبلغ {0} مطلوب لإغلاق القرض,
Applied Coupon Code,رمز القسيمة المطبق,
Apply Coupon Code,تطبيق رمز القسيمة,
Appointment Booking,حجز موعد,
"As there are existing transactions against item {0}, you can not change the value of {1}",بما أن هناك معاملات موجودة مقابل الصنف {0}، لا يمكنك تغيير قيمة {1},
Asset Id,معرف الأصول,
Asset Value,قيمة الأصول,
Asset Value Adjustment cannot be posted before Asset's purchase date <b>{0}</b>.,لا يمكن نشر تسوية قيمة الأصل قبل تاريخ شراء الأصل <b>{0}</b>.,
Asset {0} does not belongs to the custodian {1},الأصل {0} لا ينتمي إلى الحارس {1},
Asset {0} does not belongs to the location {1},الأصل {0} لا ينتمي إلى الموقع {1},
At least one of the Applicable Modules should be selected,يجب اختيار واحدة على الأقل من الوحدات القابلة للتطبيق,
Atleast one asset has to be selected.,يجب تحديد أصل واحد على الأقل.,
Authentication Failed,المصادقة فشلت,
Automatic Reconciliation,المصالحة التلقائية,
Available For Use Date,متاح للاستخدام تاريخ,
Available Stock,المخزون المتوفر,
"Available quantity is {0}, you need {1}",الكمية المتاحة هي {0}، تحتاج إلى {1},
BOM 1,BOM 1,
BOM 2,BOM 2,
BOM Comparison Tool,أداة مقارنة BOM,
BOM recursion: {0} cannot be child of {1},تكرار BOM: {0} لا يمكن أن يكون تابعًا لـ {1},
BOM recursion: {0} cannot be parent or child of {1},تكرار BOM: {0} لا يمكن أن يكون أصلًا أو تابعًا لـ {1},
Back to Messages,العودة إلى الرسائل,
Bank Data mapper doesn't exist,مخطط بيانات البنك غير موجود,
Bank Details,تفاصيل البنك,
Bank account '{0}' has been synchronized,تمت مزامنة الحساب المصرفي '{0}',
Bank account {0} already exists and could not be created again,الحساب المصرفي {0} موجود بالفعل ولا يمكن إنشاؤه مرة أخرى,
Bank accounts added,الحسابات البنكية المضافة,
Batch no is required for batched item {0},الدفعة رقم غير مطلوبة للصنف الدفعي {0},
Billing Date,تاريخ الفواتير,
Billing Interval Count cannot be less than 1,لا يمكن أن يكون عدد فترات إعداد الفواتير أقل من 1,
Blue,أزرق,
Book,كتاب,
Book Appointment,موعد الكتاب,
Call Connected,اتصال متصل,
Call Disconnected,تم قطع الاتصال,
Call Missed,دعوة غاب,
Call Summary,ملخص الاتصال,
Call Summary Saved,تم حفظ ملخص الاتصال,
Cannot Calculate Arrival Time as Driver Address is Missing.,لا يمكن حساب وقت الوصول حيث أن عنوان برنامج التشغيل مفقود.,
Cannot Optimize Route as Driver Address is Missing.,لا يمكن تحسين المسار لأن عنوان برنامج التشغيل مفقود.,
Cannot complete task {0} as its dependant task {1} are not ccompleted / cancelled.,لا يمكن إكمال المهمة {0} لأن المهمة التابعة {1} ليست مكتملة / ملغاة.,
Cannot find a matching Item. Please select some other value for {0}.,لا يمكن العثور على بند مطابق. يرجى اختيار قيمة أخرى ل {0}.,
"Cannot overbill for Item {0} in row {1} more than {2}. To allow over-billing, please set allowance in Accounts Settings",لا يمكن زيادة حجم الصنف {0} في الصف {1} أكثر من {2}. للسماح بالإفراط في الفوترة، يرجى تعيين بدل في إعدادات الحسابات,
"Capacity Planning Error, planned start time can not be same as end time",خطأ في تخطيط السعة، لا يمكن أن يكون وقت البدء المخطط له هو نفسه وقت الانتهاء,
Categories,التصنيفات,
Changes in {0},التغييرات في {0},
Choose a corresponding payment,اختيار الدفع المقابل,
Click on the link below to verify your email and confirm the appointment,انقر على الرابط أدناه للتحقق من بريدك الإلكتروني وتأكيد الموعد,
Company of asset {0} and purchase document {1} doesn't matches.,شركة الأصل {0} ومستند الشراء {1} غير متطابقين.,
Compare BOMs for changes in Raw Materials and Operations,قارن BOMs للتغييرات في المواد الخام والعمليات,
Compare List function takes on list arguments,تأخذ وظيفة قائمة المقارنة قائمة الوسائط,
Completed Quantity,الكمية المكتملة,
Connect your Exotel Account to ERPNext and track call logs,قم بتوصيل حسابك في Exotel بـ ITQAN ERP وتتبع سجلات المكالمات,
Connect your bank accounts to ERPNext,قم بتوصيل حساباتك المصرفية بـ ITQAN ERP,
Contact Seller,تواصل مع البائع,
Cost Center: {0} does not exist,مركز التكلفة: {0} غير موجود,
Couldn't Set Service Level Agreement {0}.,لا يمكن تعيين اتفاقية مستوى الخدمة {0}.,
Country Code in File does not match with country code set up in the system,رمز البلد في الملف لا يتطابق مع رمز البلد الذي تم إعداده في النظام,
Create New Contact,إنشاء اتصال جديد,
Create New Lead,إنشاء عميل محتمل,
Create Pick List,إنشاء قائمة انتقاء,
Create Quality Inspection for Item {0},إنشاء فحص الجودة للصنف {0},
Creating Accounts...,إنشاء حسابات...,
Creating bank entries...,إنشاء قيود بنكية...,
Credit limit is already defined for the Company {0},تم تحديد حد الائتمان بالفعل للشركة {0},
Ctrl + Enter to submit,Ctrl + Enter للتقديم,
Ctrl+Enter to submit,Ctrl + Enter للإرسال,
Current Status,الحالة الحالية,
Customer PO,PO العملاء,
Date of Birth cannot be greater than Joining Date.,لا يمكن أن يكون تاريخ الميلاد أكبر من تاريخ الانضمام.,
Define coupon codes.,تحديد رموز القسيمة.,
Delayed Days,الأيام المتأخرة,
Delivered Quantity,كمية تسليمها,
Delivery Notes,أذون التسليم,
Depreciated Amount,المبلغ المستهلك,
Difference Value,قيمة الفرق,
Dimension Filter,مرشح البعد,
Disbursement and Repayment,الصرف والسداد,
Distance cannot be greater than 4000 kms,لا يمكن أن تكون المسافة أكبر من 4000 كيلومتر,
Do you want to submit the material request,هل ترغب في تقديم طلب المواد,
Document {0} successfully uncleared,تم حذف المستند {0} بنجاح,
Duplicate Project with Tasks,مشروع مكرر مع المهام,
Duplicate project has been created,تم إنشاء مشروع مكرر,
E-Way Bill JSON can only be generated from a submitted document,لا يمكن إنشاء الفاتورة الإلكترونية JSON إلا من وثيقة مقدمة,
E-Way Bill JSON can only be generated from submitted document,لا يمكن إنشاء فاتورة JSON الإلكترونية إلا من المستند المقدم,
E-Way Bill JSON cannot be generated for Sales Return as of now,لا يمكن إنشاء الفاتورة الإلكترونية JSON لعائد المبيعات اعتبارًا من الآن,
ERPNext could not find any matching payment entry,تعذر على النظام العثور على سند دفع مطابق,
Earliest Age,أقدم عمر,
Edit Details,عدل التفاصيل,
Either GST Transporter ID or Vehicle No is required if Mode of Transport is Road,يلزم تقديم معرف ناقل GST أو السيارة رقم إذا كان وضع النقل هو الطريق,
Email Campaigns,حملات البريد الإلكتروني,
Employee ID is linked with another instructor,معرف الموظف مرتبط بمعلم آخر,
Employee Tax and Benefits,ضريبة الموظف وفوائده,
Employee is required while issuing Asset {0},الموظف مطلوب أثناء إصدار الأصول {0},
Employee {0} does not belongs to the company {1},الموظف {0} لا ينتمي للشركة {1},
Enable Auto Re-Order,تمكين إعادة الطلب التلقائي,
End Date of Agreement can't be less than today.,لا يمكن أن يكون تاريخ انتهاء الاتفاقية أقل من اليوم.,
Energy Point Leaderboard,المتصدرين نقطة الطاقة,
Enter API key in Google Settings.,أدخل مفتاح API في إعدادات Google.,
Enter Supplier,أدخل المورد,
Error in Exotel incoming call,خطأ في Exotel مكالمة واردة,
Error: {0} is mandatory field,الخطأ: {0} هو حقل إلزامي,
Exception occurred while reconciling {0},حدث استثناء أثناء التوفيق {0},
Expected and Discharge dates cannot be less than Admission Schedule date,لا يمكن أن تكون التواريخ المتوقعة والتفريغ أقل من تاريخ جدول القبول,
Failed to add Domain,فشل في اضافة النطاق,
Fetch Items from Warehouse,جلب الأصناف من المستودع,
Finding linked payments,العثور على المدفوعات المرتبطة,
Fleet Management,إدارة المركبات,
Following fields are mandatory to create address:,الحقول التالية إلزامية لإنشاء العنوان:,
For Month,لمدة شهر,
"For item {0} at row {1}, count of serial numbers does not match with the picked quantity",بالنسبة للصنف {0} في الصف {1}، لا يتطابق عدد الأرقام التسلسلية مع الكمية المنتقاة,
For operation {0}: Quantity ({1}) can not be greter than pending quantity({2}),للتشغيل {0}: لا يمكن أن تكون الكمية ({1}) أكثر دقة من الكمية المعلقة ({2}),
For quantity {0} should not be greater than work order quantity {1},للكمية {0} يجب ألا تكون أكبر من كمية أمر التشغيل {1},
Free item not set in the pricing rule {0},عنصر حر غير مضبوط في قاعدة التسعير {0},
From Date and To Date are Mandatory,من تاريخ وتاريخ إلزامي,
From employee is required while receiving Asset {0} to a target location,من الموظف مطلوب أثناء استلام الأصول {0} إلى الموقع المستهدف,
Future Payment Amount,مبلغ الدفع المستقبلي,
Future Payment Ref,الدفع في المستقبل المرجع,
Future Payments,المدفوعات المستقبلية,
GST HSN Code does not exist for one or more items,رمز GST HSN غير موجود لعنصر واحد أو أكثر,
Generate E-Way Bill JSON,توليد بيل الطريق الإلكترونية جسون,
Get Outstanding Documents,الحصول على الوثائق المعلقة,
Greater Than Amount,أكبر من المبلغ,
Green,أخضر,
Group By Customer,المجموعة حسب العميل,
Group By Supplier,المجموعة حسب المورد,
Group Warehouses cannot be used in transactions. Please change the value of {0},لا يمكن استخدام مستودعات المجموعة في المعاملات. يرجى تغيير قيمة {0},
"Helps you keep tracks of Contracts based on Supplier, Customer and Employee",يساعدك على الحفاظ على مسارات العقود على أساس المورد والعملاء والموظفين,
Helps you manage appointments with your leads,يساعدك على إدارة المواعيد مع خيوطك,
IBAN is not valid,رقم الحساب المصرفي الدولي غير صالح,
Incoming call from {0},مكالمة واردة من {0},
Incorrect Warehouse,مستودع غير صحيح,
Invalid Barcode. There is no Item attached to this barcode.,الباركود غير صالح. لا يوجد عنصر مرفق بهذا الرمز الشريطي.,
Invalid credentials,بيانات الاعتماد غير صالحة,
Issue Priority.,أولوية الإصدار.,
Issue Type.,نوع القضية.,
Item Reported,الصنف المبلغ عنها,
Item listing removed,إزالة عنصر القائمة,
Item taxes updated,الضرائب الصنف المحدثة,
Item {0}: {1} qty produced. ,الصنف {0}: {1} الكمية المنتجة.,
Joining Date can not be greater than Leaving Date,تاريخ الانضمام لا يمكن أن يكون أكبر من تاريخ المغادرة,
Lab Test Item {0} already exist,عنصر الاختبار المعملي {0} موجود بالفعل,
Last Issue,المسألة الأخيرة,
Latest Age,مرحلة متأخرة,
Leaves Taken,يترك اتخذت,
Less Than Amount,أقل من المبلغ,
Liabilities,المطلوبات,
Loan Applications from customers and employees.,طلبات القروض من العملاء والموظفين.,
Loan Processes,عمليات القرض,
Loan Type for interest and penalty rates,نوع القرض لأسعار الفائدة والعقوبة,
Loans,القروض,
Loans provided to customers and employees.,القروض المقدمة للعملاء والموظفين.,
Make Journal Entry,جعل قيد يومية,
Make Purchase Invoice,إنشاء فاتورة المشتريات,
Manufactured,المصنعة,
Mark Work From Home,مارك العمل من المنزل,
Max strength cannot be less than zero.,أقصى قوة لا يمكن أن يكون أقل من الصفر.,
Maximum attempts for this quiz reached!,وصلت محاولات الحد الأقصى لهذا الاختبار!,
Mobile Number,رقم الهاتف المحمول,
Near you,بالقرب منك,
Net Profit/Loss,صافي الربح (الخسارة,
New Expense,حساب جديد,
New Invoice,فاتورة جديدة,
New Payment,دفع جديد,
New release date should be in the future,يجب أن يكون تاريخ الإصدار الجديد في المستقبل,
No Account matched these filters: {},لا يوجد حساب مطابق لهذه الفلاتر: {},
No communication found.,لا يوجد اتصال.,
No correct answer is set for {0},لم يتم تحديد إجابة صحيحة لـ {0},
No description,بدون وصف,
No issue has been raised by the caller.,لم يتم طرح مشكلة من قبل المتصل.,
No items to publish,لا توجد عناصر للنشر,
No outstanding invoices found,لم يتم العثور على فواتير معلقة,
No outstanding invoices found for the {0} {1} which qualify the filters you have specified.,لم يتم العثور على فواتير معلقة لـ {0} {1} والتي تؤهل المرشحات التي حددتها.,
No outstanding invoices require exchange rate revaluation,لا تتطلب الفواتير المستحقة إعادة تقييم سعر الصرف,
No reviews yet,لا توجد تعليقات حتى الآن,
No views yet,لا وجهات النظر حتى الآن,
Non stock items,الأصناف غير الأسهم,
Not allowed to create accounting dimension for {0},غير مسموح بإنشاء بعد محاسبي لـ {0},
Not permitted. Please disable the Lab Test Template,غير مسموح به. يرجى تعطيل قالب الاختبار المعملي,
Notes: ,الملاحظات :,
On Converting Opportunity,حول تحويل الفرص,
On Purchase Order Submission,عند تقديم أمر الشراء,
On Sales Order Submission,على تقديم أمر البيع,
On Task Completion,على إنجاز المهمة,
On {0} Creation,في {0} الإنشاء,
Only .csv and .xlsx files are supported currently,فقط ملفات.csv و.xlsx مدعومة حاليًا,
Open Contact,فتح الاتصال,
Open Lead,فتح العميل المحتمل,
Opening and Closing,افتتاح واختتام,
Operating Cost as per Work Order / BOM,تكلفة التشغيل حسب أمر التشغيل / BOM,
Order Amount,كمية الطلب,
Paid amount cannot be less than {0},لا يمكن أن يكون المبلغ المدفوع أقل من {0},
Parent Company must be a group company,يجب أن تكون الشركة الأم شركة مجموعة,
Passing Score value should be between 0 and 100,يجب أن تتراوح قيمة النجاح بين 0 و 100,
Patient History,تاريخ المريض,
Pause,وقفة,
Payment Document Type,نوع مستند الدفع,
Payment Name,اسم الدفع,
Performance,أداء,
Period based On,فترة بناءً على,
Perpetual inventory required for the company {0} to view this report.,المخزون الدائم المطلوب للشركة {0} لمشاهدة هذا التقرير.,
Pick List,قائمة الانتقاء,
Plaid authentication error,خطأ مصادقة منقوشة,
Plaid public token error,خطأ رمزي عام منقوش,
Plaid transactions sync error,خطأ في مزامنة المعاملات المنقوشة,
Please check the error log for details about the import errors,الرجاء التحقق من سجل الأخطاء للحصول على تفاصيل حول أخطاء الاستيراد,
Please create <b>DATEV Settings</b> for Company <b>{}</b>.,الرجاء إنشاء <b>إعدادات DATEV</b> للشركة <b>{}</b>.,
Please create adjustment Journal Entry for amount {0} ,الرجاء إنشاء تعديل قيد يومية للمبلغ {0},
Please do not create more than 500 items at a time,يرجى عدم إنشاء أكثر من 500 عنصر في وقت واحد,
Please enter <b>Difference Account</b> or set default <b>Stock Adjustment Account</b> for company {0},الرجاء إدخال <b>حساب الفرق</b> أو تعيين <b>حساب تسوية المخزون</b> الافتراضي للشركة {0},
Please enter GSTIN and state for the Company Address {0},يرجى إدخال GSTIN والدولة لعنوان الشركة {0},
Please enter Item Code to get item taxes,الرجاء إدخال رمز الصنف للحصول على ضرائب الصنف,
Please enter Warehouse and Date,الرجاء إدخال المستودع والتاريخ,
Please login as a Marketplace User to edit this item.,الرجاء تسجيل الدخول كمستخدم Marketplace لتعديل هذا الصنف.,
Please login as a Marketplace User to report this item.,يرجى تسجيل الدخول كمستخدم Marketplace للإبلاغ عن هذا الصنف.,
Please select <b>Template Type</b> to download template,يرجى تحديد <b>نوع</b> القالب لتنزيل القالب,
Please select Customer first,يرجى اختيار العميل أولا,
Please select Item Code first,يرجى اختيار رمز الصنف أولاً,
Please select a Delivery Note,يرجى اختيار إذن التسليم,
Please select a Sales Person for item: {0},يرجى اختيار مندوب مبيعات للصنف: {0},
Please select the customer.,يرجى اختيار العميل.,
Please set a Supplier against the Items to be considered in the Purchase Order.,يرجى تعيين مورد مقابل الأصناف التي يجب مراعاتها في أمر الشراء.,
Please set account heads in GST Settings for Compnay {0},يرجى ضبط رؤساء الحسابات في إعدادات GST لـ Compnay {0},
Please set an email id for the Lead {0},رجاء ادخال ايميل العميل المحتمل,
Please set default UOM in Stock Settings,يرجى تعيين الافتراضي وحدة القياس في إعدادات الأسهم,
Please set filter based on Item or Warehouse due to a large amount of entries.,يرجى ضبط عامل التصفية على أساس الصنف أو المستودع بسبب كمية كبيرة من القيود.,
Please set up the Campaign Schedule in the Campaign {0},يرجى إعداد جدول الحملة في الحملة {0},
Please set valid GSTIN No. in Company Address for company {0},يرجى تعيين رقم GSTIN صالح في عنوان الشركة للشركة {0},
Please set {0},الرجاء إدخال {0},customer
Please setup a default bank account for company {0},يرجى إعداد حساب بنكي افتراضي للشركة {0},
Please specify a {0},الرجاء تحديد {0},lead
Priority has been changed to {0}.,تم تغيير الأولوية إلى {0}.,
Priority {0} has been repeated.,تم تكرار الأولوية {0}.,
Processing XML Files,معالجة ملفات XML,
Profitability,الربحية,
Provide the academic year and set the starting and ending date.,تقديم السنة الدراسية وتحديد تاريخ البداية والنهاية.,
Public token is missing for this bank,الرمز عام مفقود لهذا البنك,
Publish 1 Item,نشر عنصر واحد,
Publish Items,نشر الأصناف,
Publish More Items,نشر المزيد من الأصناف,
Publish Your First Items,نشر الأصناف الأولى الخاصة بك,
Publish {0} Items,نشر عناصر {0},
Published Items,الأصناف المنشورة,
Purchase Invoice cannot be made against an existing asset {0},لا يمكن إنشاء فاتورة المشتريات مقابل أصل موجود {0},
Purchase Invoices,فواتير المشتريات,
Purchase Orders,أوامر شراء,
Purchase Receipt doesn't have any Item for which Retain Sample is enabled.,لا يحتوي إذن الاستلام على أي صنف مفعّل له خيار الاحتفاظ بعينة.,
Purchase Return,شراء العودة,
Qty of Finished Goods Item,الكمية من الأصناف تامة الصنع,
Quality Inspection required for Item {0} to submit,فحص الجودة مطلوب للصنف {0} لتقديمه,
Quantity to Manufacture,كمية لتصنيع,
Quantity to Manufacture can not be zero for the operation {0},لا يمكن أن تكون الكمية للتصنيع صفراً للتشغيل {0},
Quiz {0} does not exist,المسابقة {0} غير موجودة,
Quotation Amount,كمية الاقتباس,
Rate or Discount is required for the price discount.,السعر أو الخصم مطلوب لخصم السعر.,
Reconcile Entries,التوفيق بين المدخلات,
Reconcile this account,التوفيق بين هذا الحساب,
Reconciled,فرضت عليه,
Recruitment,التوظيف,
Red,أحمر,
Release date must be in the future,يجب أن يكون تاريخ الإصدار في المستقبل,
Relieving Date must be greater than or equal to Date of Joining,يجب أن يكون تاريخ التخفيف أكبر من أو يساوي تاريخ الانضمام,
Rename Not Allowed,إعادة تسمية غير مسموح به,
Report Item,بلغ عن شيء,
Report this Item,الإبلاغ عن هذا الصنف,
Reserved Qty for Subcontract: Raw materials quantity to make subcontracted items.,الكمية المحجوزة للعقد من الباطن: كمية المواد الخام اللازمة لصنع سلع من الباطن.,
Reset Service Level Agreement,إعادة ضبط اتفاقية مستوى الخدمة,
Resetting Service Level Agreement.,إعادة ضبط اتفاقية مستوى الخدمة.,
Return amount cannot be greater unclaimed amount,لا يمكن أن يكون مبلغ الإرجاع أكبر من المبلغ غير المطالب به,
Row # ,الصف #,
Row #{0}: Accepted Warehouse and Supplier Warehouse cannot be same,الصف # {0}: لا يمكن أن يكون المستودع المقبوض ومستودع الموردين متماثلين,
Row #{0}: Cannot delete item {1} which has already been billed.,الصف # {0}: لا يمكن حذف الصنف {1} الذي تم تحرير فاتورة به بالفعل.,
Row #{0}: Cannot delete item {1} which has already been delivered,الصف # {0}: لا يمكن حذف الصنف {1} الذي تم تسليمه بالفعل,
Row #{0}: Cannot delete item {1} which has already been received,الصف # {0}: لا يمكن حذف الصنف {1} الذي تم استلامه بالفعل,
Row #{0}: Cannot delete item {1} which has work order assigned to it.,الصف # {0}: لا يمكن حذف الصنف {1} الذي تم تعيين ترتيب العمل إليه.,
Row #{0}: Cannot delete item {1} which is assigned to customer's purchase order.,الصف # {0}: لا يمكن حذف الصنف {1} الذي تم تعيينه لأمر شراء العميل.,
Row #{0}: Cannot select Supplier Warehouse while suppling raw materials to subcontractor,الصف # {0}: لا يمكن اختيار Warehouse Supplier أثناء توريد المواد الخام إلى المقاول من الباطن,
Row #{0}: Cost Center {1} does not belong to company {2},الصف # {0}: مركز التكلفة {1} لا ينتمي لشركة {2},
Row #{0}: Operation {1} is not completed for {2} qty of finished goods in Work Order {3}. Please update operation status via Job Card {4}.,الصف # {0}: العملية {1} لم تكتمل لـ {2} الكمية من السلع تامة الصنع في أمر التشغيل {3}. يرجى تحديث حالة التشغيل عبر بطاقة العمل {4}.,
Row #{0}: Payment document is required to complete the transaction,الصف # {0}: مطلوب مستند الدفع لإكمال الاجراء النهائي,
Row #{0}: Quantity for Item {1} cannot be zero.,الصف # {0}: كمية الصنف {1} لا يمكن أن يكون صفرا,
Row #{0}: Serial No {1} does not belong to Batch {2},الصف # {0}: الرقم التسلسلي {1} لا ينتمي إلى الدُفعة {2},
Row #{0}: Service End Date cannot be before Invoice Posting Date,الصف # {0}: لا يمكن أن يكون تاريخ انتهاء الخدمة قبل تاريخ ترحيل الفاتورة,
Row #{0}: Service Start Date cannot be greater than Service End Date,الصف # {0}: لا يمكن أن يكون تاريخ بدء الخدمة أكبر من تاريخ انتهاء الخدمة,
Row #{0}: Service Start and End Date is required for deferred accounting,الصف # {0}: مطلوب بداية وتاريخ انتهاء الخدمة للمحاسبة المؤجلة,
Row {0}: Invalid Item Tax Template for item {1},الصف {0}: قالب ضريبة الصنف غير صالح للصنف {1},
Row {0}: Quantity not available for {4} in warehouse {1} at posting time of the entry ({2} {3}),الصف {0}: الكمية غير متوفرة {4} في المستودع {1} في وقت نشر الإدخال ({2} {3}),
Row {0}: user has not applied the rule {1} on the item {2},الصف {0}: لم يطبق المستخدم القاعدة {1} على الصنف {2},
Row {0}:Sibling Date of Birth cannot be greater than today.,الصف {0}: لا يمكن أن يكون تاريخ ميلاد الأخوة أكبر من اليوم.,
Row({0}): {1} is already discounted in {2},الصف ({0}): {1} مخصوم بالفعل في {2},
Rows Added in {0},تمت إضافة الصفوف في {0},
Rows Removed in {0},تمت إزالة الصفوف في {0},
Save Item,حفظ الصنف,
Saved Items,الأصناف المحفوظة,
Search Items ...,البحث عن الأصناف...,
Search for a payment,البحث عن الدفع,
Search for anything ...,البحث عن أي شيء...,
Select Difference Account,حدد حساب الفرق,
Select a Default Priority.,حدد أولوية افتراضية.,
Select a company,اختر شركة,
Select finance book for the item {0} at row {1},حدد دفتر تمويل للصنف {0} في الصف {1},
Select only one Priority as Default.,حدد أولوية واحدة فقط كإعداد افتراضي.,
Seller Information,معلومات البائع,
Send a message,ارسل رسالة,
Sends Mails to lead or contact based on a Campaign schedule,يرسل رسائل إلى الرصاص أو الاتصال بناءً على جدول الحملة,
Serial Number Created,الرقم التسلسلي مكون,
Serial Numbers Created,الأرقام التسلسلية التي تم إنشاؤها,
Serial no(s) required for serialized item {0},الرقم التسلسلي (الأصناف) المطلوبة للصنف المتسلسل {0},
Series,الرقم التسلسلي,
Service Level Agreement has been changed to {0}.,تم تغيير اتفاقية مستوى الخدمة إلى {0}.,
Service Level Agreement was reset.,تمت إعادة ضبط اتفاقية مستوى الخدمة.,
Service Level Agreement with Entity Type {0} and Entity {1} already exists.,اتفاقية مستوى الخدمة مع نوع الكيان {0} والكيان {1} موجودة بالفعل.,
Set Meta Tags,تعيين العلامات الفوقية,
Set {0} in company {1},قم بتعيين {0} في الشركة {1},
Shift Management,إدارة التحول,
Show Future Payments,إظهار المدفوعات المستقبلية,
Show Linked Delivery Notes,إظهار أذون التسليم المرتبطة,
Show Sales Person,عرض شخص المبيعات,
Show Stock Ageing Data,عرض البيانات شيخوخة الأسهم,
Show Warehouse-wise Stock,عرض المستودع الحكيمة,
Something went wrong while evaluating the quiz.,حدث خطأ ما أثناء تقييم الاختبار.,
Start Date cannot be before the current date,لا يمكن أن يكون تاريخ البدء قبل التاريخ الحالي,
Status must be Cancelled or Completed,يجب إلغاء الحالة أو إكمالها,
Stock Balance Report,تقرير رصيد المخزون,
Stock Entry has been already created against this Pick List,تم إنشاء إدخال الأسهم بالفعل مقابل قائمة الاختيار هذه,
Stock Ledger ID,معرف دفتر الأستاذ,
Stock Value ({0}) and Account Balance ({1}) are out of sync for account {2} and it's linked warehouses.,قيمة الأسهم ({0}) ورصيد الحساب ({1}) غير متزامنين للحساب {2} والمستودعات المرتبطة به.,
Stores - {0},المتاجر - {0},
Student with email {0} does not exist,الطالب مع البريد الإلكتروني {0} غير موجود,
Submit Review,إرسال مراجعة,
Supplier Addresses And Contacts,عناوين الموردين وجهات الاتصال,
Synchronize this account,مزامنة هذا الحساب,
Target Location is required while receiving Asset {0} from an employee,الموقع المستهدف مطلوب أثناء استلام الأصول {0} من موظف,
Target Location is required while transferring Asset {0},الموقع المستهدف مطلوب أثناء نقل الأصول {0},
Target Location or To Employee is required while receiving Asset {0},الموقع المستهدف أو الموظف مطلوب أثناء استلام الأصول {0},
Task's {0} End Date cannot be after Project's End Date.,لا يمكن أن يكون تاريخ انتهاء المهمة {0} بعد تاريخ انتهاء المشروع.,
Task's {0} Start Date cannot be after Project's End Date.,لا يمكن أن يكون تاريخ بدء المهمة {0} بعد تاريخ انتهاء المشروع.,
Tax Account not specified for Shopify Tax {0},حساب الضريبة غير محدد لضريبة Shopify {0},
Tax Total,مجموع الضرائب,
The Campaign '{0}' already exists for the {1} '{2}',الحملة '{0}' موجودة بالفعل لـ {1} '{2}',
The difference between from time and To Time must be a multiple of Appointment,يجب أن يكون الفرق بين الوقت والوقت مضاعفاً في المواعيد,
The field Asset Account cannot be blank,لا يمكن أن يكون حقل الأصول حساب فارغًا,
The field Equity/Liability Account cannot be blank,لا يمكن أن يكون حساب حقوق الملكية / المسؤولية فارغًا,
The following serial numbers were created: <br><br> {0},تم إنشاء الأرقام التسلسلية التالية:<br><br>{0},
The parent account {0} does not exists in the uploaded template,الحساب الأصل {0} غير موجود في القالب الذي تم تحميله,
The question cannot be duplicate,لا يمكن أن يكون السؤال مكررًا,
The selected payment entry should be linked with a creditor bank transaction,يجب ربط سند الدفع المحدد بمعاملة بنكية دائنة,
The selected payment entry should be linked with a debtor bank transaction,يجب ربط سند دفع المحدد بمعاملة بنكية للمدين,
The total allocated amount ({0}) is greated than the paid amount ({1}).,إجمالي المبلغ المخصص ({0}) أكبر من المبلغ المدفوع ({1}).,
This Service Level Agreement is specific to Customer {0},اتفاقية مستوى الخدمة هذه تخص العميل {0},
This action will unlink this account from any external service integrating ERPNext with your bank accounts. It cannot be undone. Are you certain ?,سيؤدي هذا الإجراء إلى إلغاء ربط هذا الحساب بأي خدمة خارجية تدمج ITQAN ERP مع حساباتك المصرفية. لا يمكن التراجع. هل أنت متأكد؟,
This bank account is already synchronized,هذا الحساب المصرفي متزامن بالفعل,
This bank transaction is already fully reconciled,تمت تسوية هذه الصفقة المصرفية بالفعل بالكامل,
This page keeps track of items you want to buy from sellers.,تتبع هذه الصفحة الأصناف التي ترغب في شرائها من البائعين.,
This page keeps track of your items in which buyers have showed some interest.,تتبع هذه الصفحة الأصناف الخاصة بك والتي أبدى فيها بعض المشترين اهتمامًا.,
"To allow over billing, update ""Over Billing Allowance"" in Accounts Settings or the Item.","للسماح بزيادة الفواتير، حدّث ""Over Billing Allowance"" في إعدادات الحسابات أو الصنف.",
"To allow over receipt / delivery, update ""Over Receipt/Delivery Allowance"" in Stock Settings or the Item.","للسماح بوصول الاستلام / التسليم، قم بتحديث ""الإفراط في الاستلام / بدل التسليم"" في إعدادات المخزون أو الصنف.",
Total Payment Request amount cannot be greater than {0} amount,لا يمكن أن يكون إجمالي مبلغ طلب الدفع أكبر من {0} المبلغ,
Total payments amount can't be greater than {},لا يمكن أن يكون إجمالي المدفوعات أكبر من {},
Transactions already retreived from the statement,المعاملات استرجعت بالفعل من البيان,
Transfer Material to Supplier,نقل المواد إلى المورد,
Transport Receipt No and Date are mandatory for your chosen Mode of Transport,إيصال النقل رقم وتاريخ إلزامي لطريقة النقل التي اخترتها,
Unable to find the time slot in the next {0} days for the operation {1}.,يتعذر العثور على الفاصل الزمني في الأيام {0} التالية للعملية {1}.,
Unable to update remote activity,غير قادر على تحديث النشاط عن بعد,
Unknown Caller,غير معروف المتصل,
Unlink external integrations,إلغاء ربط التكامل الخارجي,
Unpublish Item,عنصر غير منشور,
Unreconciled,لم تتم تسويتها,
Unsupported GST Category for E-Way Bill JSON generation,فئة GST غير مدعومة لتوليد Bill JSON الإلكتروني,
Update Taxes for Items,تحديث الضرائب للعناصر,
"Upload a bank statement, link or reconcile a bank account",قم برفع كشف حساب بنكي أو ربط أو تسوية حساب بنكي,
Upload a statement,تحميل بيان,
Use a name that is different from previous project name,استخدم اسمًا مختلفًا عن اسم المشروع السابق,
Valuation Rate required for Item {0} at row {1},معدل التقييم مطلوب للصنف {0} في الصف {1},
Values Out Of Sync,القيم خارج المزامنة,
Vehicle Type is required if Mode of Transport is Road,نوع المركبة مطلوب إذا كان وضع النقل هو الطريق,
Vendor Name,اسم البائع,
Verify Email,التحقق من البريد الإلكتروني,
View,عرض,
View all issues from {0},عرض جميع المشكلات من {0},
View call log,عرض سجل المكالمات,
Warehouse not found against the account {0},لم يتم العثور على المستودع مقابل الحساب {0},
Why do think this Item should be removed?,لماذا تعتقد أنه يجب إزالة هذا الصنف؟,
Work Order {0}: Job Card not found for the operation {1},أمر التشغيل {0}: لم يتم العثور على بطاقة المهمة للعملية {1},
Workday {0} has been repeated.,تم تكرار يوم العمل {0}.,
XML Files Processed,ملفات XML المعالجة,
You are not allowed to enroll for this course,غير مسموح لك بالتسجيل في هذه الدورة,
You are not enrolled in program {0},أنت غير مسجل في البرنامج {0},
You can Feature upto 8 items.,يمكنك ميزة تصل إلى 8 عناصر.,
You can publish upto 200 items.,يمكنك نشر ما يصل إلى 200 عنصر.,
You have to enable auto re-order in Stock Settings to maintain re-order levels.,يجب عليك تمكين الطلب التلقائي في إعدادات الأسهم للحفاظ على مستويات إعادة الطلب.,
You must be a registered supplier to generate e-Way Bill,يجب أن تكون موردًا مسجلاً لإنشاء فاتورة e-Way,
You need to login as a Marketplace User before you can add any reviews.,تحتاج إلى تسجيل الدخول كمستخدم Marketplace قبل أن تتمكن من إضافة أي مراجعات.,
Your Featured Items,الأصناف المميزة الخاصة بك,
Your Items,الأصناف الخاصة بك,
Your Profile,ملفك الشخصي,
Your rating:,تقييمك:,
e-Way Bill already exists for this document,توجد فاتورة إلكترونية بالفعل لهذه الوثيقة,
woocommerce - {0},woocommerce - {0},
{0} Coupon used are {1}. Allowed quantity is exhausted,{0} القسيمة المستخدمة هي {1}. الكمية المسموح بها مستنفدة,
{0} Operations: {1},{0} العمليات: {1},
{0} bank transaction(s) created,تم إنشاء {0} معاملة (معاملات) مصرفية,
{0} bank transaction(s) created and {1} errors,{0} تم إنشاء معاملة (معاملات) مصرفية وأخطاء {1},
{0} can not be greater than {1},{0} لا يمكن أن يكون أكبر من {1},
{0} conversations,{0} محادثات,
{0} is not a company bank account,{0} ليس حسابًا مصرفيًا للشركة,
{0} is not a group node. Please select a group node as parent cost center,{0} ليست عقدة مجموعة. يرجى تحديد عقدة المجموعة كمركز تكلفة الأصل,
{0} is not the default supplier for any items.,{0} ليس المورد الافتراضي لأية عناصر.,
{0}: {1} must be less than {2},{0}: {1} يجب أن يكون أقل من {2},
{} is required to generate E-Way Bill JSON,{} مطلوب لإنشاء E-Way Bill JSON,
"Invalid lost reason {0}, please create a new lost reason",سبب ضائع غير صالح {0}، يرجى إنشاء سبب ضائع جديد,
Profit This Year,الربح هذا عام,
Total Expense,المصاريف الكلية,
Total Expense This Year,إجمالي النفقات هذا عام,
Total Income,إجمالي الدخل,
Total Income This Year,إجمالي الدخل هذا عام,
Actual,الفعلية,
Add to Cart,أضف إلى السلة,
Days Since Last Order,أيام منذ آخر طلب,
In Stock,متوفر,
Mode Of Payment,طريقة الدفع,
No students Found,لم يتم العثور على الطلاب,
Not in Stock,غير متوفر,
Please select a Customer,يرجى تحديد العميل,
Received From,مستلم من,
Sales Person,مندوب المبيعات,
To date cannot be before From date,(الى تاريخ) لا يمكن ان يكون قبل (من تاريخ),
Write Off,لا تصلح,
{0} Created,تم إنشاء {0},
Actual ,فعلي,
Add to cart,أضف إلى السلة,
Budget,الموازنة,
Chart of Accounts,شجرة الحسابات,
Customer database.,قاعدة بيانات العملاء.,
Days Since Last order,الأيام منذ آخر طلب,
Download as JSON,تنزيل باسم Json,
End date can not be less than start date,لا يمكن أن يكون تاريخ الانتهاء قبل تاريخ البدء,
For Default Supplier (Optional),للمورد الافتراضي (اختياري),
From date cannot be greater than To date,(من تاريخ) لا يمكن أن يكون أكبر (الي التاريخ),
Group by,المجموعة حسب,
In stock,في المخزن,
Item name,اسم الصنف,
Minimum Qty,الكمية الدنيا,
More details,مزيد من التفاصيل,
Nature of Supplies,طبيعة الامدادات,
No Items found.,لم يتم العثور على الأصناف.,
No students found,لم يتم العثور على أي طلاب,
Not in stock,ليس في الأسهم,
Open Issues ,القضايا المفتوحة,
Open Projects ,مشاريع مفتوحة,
Open To Do ,فتح قائمة المهام,
Operation Id,معرف العملية,
Partially ordered,طلبت جزئيا,
Please select company first,يرجى اختيار الشركة أولًا,
Please select patient,يرجى تحديد المريض,
Printed On ,طبع على,
Projected qty,الكمية المتوقعة,
Sales person,رجل المبيعات,
Serial No {0} Created,الرقم التسلسلي لا {0} خلق,
Source Location is required for the Asset {0},موقع المصدر مطلوب لمادة العرض {0},
Tax Id,الرقم الضريبي,
To Time,إلى وقت,
To date cannot be before from date,حقل [الى تاريخ] لا يمكن أن يكون أقل من حقل [من تاريخ],
Total Taxable value,إجمالي القيمة الخاضعة للضريبة,
Upcoming Calendar Events ,أحداث التقويم القادمة,
Value or Qty,القيمة أو الكمية,
Variance ,التباين,
Variant of,البديل من,
Write off,لا تصلح,
hours,ساعات,
received from,مستلم من,
to,إلى,
Failed to setup defaults for country {0}. Please contact support@erpnext.com,فشل في إعداد الإعدادات الافتراضية للبلد {0}. يرجى الاتصال support@erpnext.com,
Row #{0}: Item {1} is not a Serialized/Batched Item. It cannot have a Serial No/Batch No against it.,الصف # {0}: الصنف {1} ليس عنصرًا تسلسليًا / مُجمَّع. لا يمكن أن يكون له رقم مسلسل / لا دفعة ضده.,
Please set {0},الرجاء تعيين {0},
Please set {0},الرجاء تعيين {0},supplier
Draft,مسودة,"docstatus,=,0"
Cancelled,ملغي,"docstatus,=,2"
Please setup Instructor Naming System in Education > Education Settings,يرجى إعداد نظام تسمية المدرب في التعليم&gt; إعدادات التعليم,
Please set Naming Series for {0} via Setup > Settings > Naming Series,يرجى تعيين سلسلة التسمية لـ {0} عبر الإعداد&gt; الإعدادات&gt; سلسلة التسمية,
UOM Conversion factor ({0} -> {1}) not found for item: {2},معامل تحويل وحدة القياس ({0} -&gt; {1}) غير موجود للصنف: {2},
Item Code > Item Group > Brand,كود الصنف&gt; مجموعة الصنف&gt; العلامة التجارية,
Customer > Customer Group > Territory,العملاء&gt; مجموعة العملاء&gt; الإقليم,
Supplier > Supplier Type,مورد&gt; نوع المورد,
The value of {0} differs between Items {1} and {2},تختلف قيمة {0} بين الأصناف {1} و {2},
Auto Fetch,الجلب التلقائي,
Fetch Serial Numbers based on FIFO,إحضار الأرقام الرقم التسلسلية بناءً على ما يرد أولاً يصرف أولاً (FIFO),
"Outward taxable supplies(other than zero rated, nil rated and exempted)",التوريدات الخارجة الخاضعة للضريبة (بخلاف الخاضعة للضريبة الصفرية والصفرية والمعفاة),
"To allow different rates, disable the {0} checkbox in {1}.",للسماح بمعدلات مختلفة، قم بتعطيل مربع الاختيار {0} في {1}.,
Asset{} {assets_link} created for {},الأصل {} {assets_link} الذي تم إنشاؤه لـ {},
Row {}: Asset Naming Series is mandatory for the auto creation for item {},الصف {}: سلسلة تسمية الأصول إلزامية للإنشاء التلقائي للصنف {},
Assets not created for {0}. You will have to create asset manually.,لم يتم إنشاء الأصول لـ {0}. سيكون عليك إنشاء الأصل يدويًا.,
{0} {1} has accounting entries in currency {2} for company {3}. Please select a receivable or payable account with currency {2}.,{0} يحتوي {1} على قيود محاسبية بالعملة {2} للشركة {3}. الرجاء تحديد حساب مستحق أو دائن بالعملة {2}.,
Invalid Account,حساب غير صالح,
Purchase Order Required,أمر الشراء مطلوب,
Purchase Receipt Required,إذن الاستلام مطلوب,
Account Missing,الحساب مفقود,
Requested,طلب,
Partially Paid,مدفوعاً جزئياً,
Invalid Account Currency,عملة الحساب غير صالحة,
"Row {0}: The item {1}, quantity must be positive number",الصف {0}: الصنف {1}، يجب أن تكون الكمية رقمًا موجبًا,
"Please set {0} for Batched Item {1}, which is used to set {2} on Submit.",يرجى تعيين {0} للصنف المجمّع {1}، والذي يتم استخدامه لتعيين {2} عند الإرسال.,
Expiry Date Mandatory,تاريخ الانتهاء إلزامي,
Variant Item,عنصر متغير,
BOM 1 {0} and BOM 2 {1} should not be same,يجب ألا يكون BOM 1 {0} و BOM 2 {1} متطابقين,
Note: Item {0} added multiple times,ملاحظة: تمت إضافة الصنف {0} عدة مرات,
YouTube,موقع YouTube,
Vimeo,فيميو,
Publish Date,تاريخ النشر,
Components,مكونات,
Filter Based On,عامل التصفية على أساس,
Reqd by date,مطلوب بالتاريخ,
Manufacturer Part Number <b>{0}</b> is invalid,رقم جزء الشركة المصنعة <b>{0}</b> غير صالح,
Invalid Part Number,رقم الجزء غير صالح,
Select atleast one Social Media from Share on.,حدد واحدًا على الأقل من الوسائط الاجتماعية من Share on.,
Invalid Scheduled Time,الوقت المجدول غير صالح,
Length Must be less than 280.,يجب أن يكون الطول أقل من 280.,
Error while POSTING {0},خطأ أثناء النشر {0},
"Session not valid, Do you want to login?",الجلسة غير صالحة هل تريد تسجيل الدخول؟,
Session Active,الجلسة نشطة,
Session Not Active. Save doc to login.,الجلسة غير نشط. حفظ المستند لتسجيل الدخول.,
Error! Failed to get request token.,خطأ! فشل في الحصول على رمز الطلب.,
Invalid {0} or {1},{0} أو {1} غير صالح,
Error! Failed to get access token.,خطأ! فشل في الحصول على رمز الوصول.,
Invalid Consumer Key or Consumer Secret Key,مفتاح العميل أو مفتاح سري العميل غير صالح,
Your Session will be expire in ,ستنتهي جلستك في,
 days.,أيام.,
Session is expired. Save doc to login.,انتهت الجلسة. حفظ المستند لتسجيل الدخول.,
Error While Uploading Image,خطأ أثناء تحميل الصورة,
You Didn't have permission to access this API,ليس لديك إذن للوصول إلى واجهة برمجة التطبيقات هذه,
Valid Upto date cannot be before Valid From date,لا يمكن أن يكون تاريخ التشغيل الصالح قبل تاريخ صالح من,
Valid From date not in Fiscal Year {0},تاريخ صالح ليس في السنة المالية {0},
Valid Upto date not in Fiscal Year {0},تاريخ صلاحية صالح ليس في السنة المالية {0},
Group Roll No,مجموعة رول لا,
Maintain Same Rate Throughout Sales Cycle,الحفاظ على نفس معدل خلال دورة المبيعات,
"Row {1}: Quantity ({0}) cannot be a fraction. To allow this, disable '{2}' in UOM {3}.",الصف {1}: لا يمكن أن تكون الكمية ({0}) كسرًا. للسماح بذلك، قم بتعطيل '{2}' في وحدة القياس {3}.,
Must be Whole Number,يجب أن يكون عدد صحيح,
Please setup Razorpay Plan ID,يرجى إعداد معرف خطة Razorpay,
Contact Creation Failed,فشل إنشاء جهة الاتصال,
Leaves Expired,أوراق منتهية الصلاحية,
Row #{}: {} of {} should be {}. Please modify the account or select a different account.,الصف رقم {}: {} من {} يجب أن يكون {}. يرجى تعديل الحساب أو تحديد حساب مختلف.,
Row #{}: Please asign task to a member.,صف # {}: الرجاء تعيين مهمة لعضو.,
Process Failed,فشلت العملية,
Tally Migration Error,Tally Migration Error,
Please set Warehouse in Woocommerce Settings,يرجى تعيين المستودع في إعدادات Woocommerce,
Row {0}: Delivery Warehouse ({1}) and Customer Warehouse ({2}) can not be same,الصف {0}: لا يمكن أن يكون مستودع التسليم ({1}) ومستودع العميل ({2}) متماثلين,
Row {0}: Due Date in the Payment Terms table cannot be before Posting Date,الصف {0}: لا يمكن أن يكون تاريخ الاستحقاق في جدول شروط الدفع قبل تاريخ الترحيل,
Cannot find {} for item {}. Please set the same in Item Master or Stock Settings.,لا يمكن العثور على {} للصنف {}. يرجى تعيين نفس الشيء في إعدادات المخزون أو الصنف الرئيسي.,
Row #{0}: The batch {1} has already expired.,الصف رقم {0}: انتهت صلاحية الدفعة {1} بالفعل.,
Start Year and End Year are mandatory,سنة البداية وسنة الانتهاء إلزامية,
GL Entry,GL الدخول,
Cannot allocate more than {0} against payment term {1},لا يمكن تخصيص أكثر من {0} مقابل مدة السداد {1},
The root account {0} must be a group,يجب أن يكون حساب الجذر {0} مجموعة,
Shipping rule not applicable for country {0} in Shipping Address,قاعدة الشحن لا تنطبق على البلد {0} في عنوان الشحن,
Get Payments from,احصل على المدفوعات من,
Set Shipping Address or Billing Address,حدد عنوان الشحن أو عنوان الفواتير,
Consultation Setup,إعداد الاستشارة,
Fee Validity,صلاحية الرسوم,
Laboratory Setup,إعداد المختبر,
Dosage Form,شكل جرعات,
Records and History,السجلات والتاريخ,
Patient Medical Record,السجل الطبي للمريض,
Rehabilitation,إعادة تأهيل,
Exercise Type,نوع التمرين,
Exercise Difficulty Level,مستوى صعوبة التمرين,
Therapy Type,نوع العلاج,
Therapy Plan,خطة العلاج,
Therapy Session,جلسة علاجية,
Motor Assessment Scale,مقياس تقييم المحرك,
[Important] [ERPNext] Auto Reorder Errors,[هام] [ITQAN ERP] إعادة ترتيب الأخطاء تلقائيًا,
"Regards,",مع تحياتي،,
The following {0} were created: {1},تم إنشاء {0} التالية: {1},
Work Orders,طلبات العمل,
The {0} {1} created sucessfully,تم إنشاء {0} {1} بنجاح,
Work Order cannot be created for following reason: <br> {0},لا يمكن إنشاء أمر التشغيل للسبب التالي:<br>{0},
Add items in the Item Locations table,"أضف عناصر في جدول ""مواقع الأصناف""",
Update Current Stock,تحديث المخزون الحالي,
"{0} Retain Sample is based on batch, please check Has Batch No to retain sample of item","{0} يعتمد الاحتفاظ بالعينة على الدُفعة، يُرجى تحديد ""رقم الدُفعة"" للاحتفاظ بعينة من الصنف",
Empty,فارغة,
Currently no stock available in any warehouse,حاليا لا يوجد مخزون متاح في أي مستودع,
BOM Qty,BOM الكمية,
Time logs are required for {0} {1},سجلات الوقت مطلوبة لـ {0} {1},
Total Completed Qty,إجمالي الكمية المكتملة,
Qty to Manufacture,الكمية للتصنيع,
Social Media Campaigns,حملات التواصل الاجتماعي,
From Date can not be greater than To Date,لا يمكن أن يكون من تاريخ أكبر من تاريخ,
Please set a Customer linked to the Patient,يرجى تعيين عميل مرتبط بالمريض,
Customer Not Found,الزبون غير موجود,
Please Configure Clinical Procedure Consumable Item in ,يرجى تكوين الصنف المستهلك للإجراء السريري بتنسيق,
Missing Configuration,التكوين مفقود,
Out Patient Consulting Charge Item,خارج بند رسوم استشارات المريض,
Inpatient Visit Charge Item,عنصر زيارة زيارة المرضى الداخليين,
OP Consulting Charge,رسوم الاستشارة,
Inpatient Visit Charge,رسوم زيارة المرضى الداخليين,
Appointment Status,حالة التعيين,
Test: ,اختبار:,
Collection Details: ,تفاصيل المجموعة:,
{0} out of {1},{0} من {1},
Select Therapy Type,حدد نوع العلاج,
{0} sessions completed,اكتملت {0} جلسة,
{0} session completed,اكتملت جلسة {0},
 out of {0},من {0},
Therapy Sessions,جلسات علاجية,
Add Exercise Step,أضف خطوة التمرين,
Edit Exercise Step,تحرير خطوة التمرين,
Patient Appointments,مواعيد المرضى,
Item with Item Code {0} already exists,الصنف برمز الصنف {0} موجود بالفعل,
Registration Fee cannot be negative or zero,لا يمكن أن تكون رسوم التسجيل سالبة أو صفر,
Configure a service Item for {0},تكوين عنصر خدمة لـ {0},
Temperature: ,درجة الحرارة:,
Pulse: ,نبض:,
Respiratory Rate: ,معدل التنفس:,
BP: ,BP:,
BMI: ,مؤشر كتلة الجسم:,
Note: ,ملحوظة:,
Check Availability,التحقق من الصلاحية,
Please select Patient first,الرجاء تحديد المريض أولاً,
Please select a Mode of Payment first,الرجاء تحديد طريقة الدفع أولاً,
Please set the Paid Amount first,يرجى تحديد المبلغ المدفوع أولاً,
Not Therapies Prescribed,ليست علاجات موصوفة,
There are no Therapies prescribed for Patient {0},لا يوجد علاجات موصوفة للمريض {0},
Appointment date and Healthcare Practitioner are Mandatory,تاريخ التعيين والممارس الصحي إلزامي,
No Prescribed Procedures found for the selected Patient,لم يتم العثور على إجراءات موصوفة للمريض المختار,
Please select a Patient first,الرجاء تحديد المريض أولاً,
There are no procedure prescribed for ,لا توجد إجراءات محددة ل,
Prescribed Therapies,العلاجات الموصوفة,
Appointment overlaps with ,موعد يتداخل مع,
{0} has appointment scheduled with {1} at {2} having {3} minute(s) duration.,تمت جدولة موعد {0} مع {1} في {2} وبمدة {3} دقيقة.,
Appointments Overlapping,تداخل المواعيد,
Consulting Charges: {0},رسوم الاستشارات: {0},
Appointment Cancelled. Please review and cancel the invoice {0},تم إلغاء الموعد. يرجى مراجعة وإلغاء الفاتورة {0},
Appointment Cancelled.,تم إلغاء الموعد.,
Fee Validity {0} updated.,تم تحديث صلاحية الرسوم {0}.,
Practitioner Schedule Not Found,لم يتم العثور على جدول الممارس,
{0} is on a Half day Leave on {1},{0} في إجازة لمدة نصف يوم في {1},
{0} is on Leave on {1},{0} في إجازة في {1},
{0} does not have a Healthcare Practitioner Schedule. Add it in Healthcare Practitioner,{0} ليس لديه جدول ممارس رعاية صحية. أضفه في ممارس الرعاية الصحية,
Healthcare Service Units,وحدات خدمات الرعاية الصحية,
Complete and Consume,أكمل واستهلك,
Complete {0} and Consume Stock?,أكمل {0} وتستهلك المخزون؟,
Complete {0}?,أكمل {0}؟,
Stock quantity to start the Procedure is not available in the Warehouse {0}. Do you want to record a Stock Entry?,كمية المخزون لبدء الإجراء غير متوفرة في المستودع {0}. هل تريد تسجيل إدخال مخزون؟,
{0} as on {1},{0} في {1},
Clinical Procedure ({0}):,الإجراء السريري ({0}):,
Please set Customer in Patient {0},يرجى تعيين العميل في المريض {0},
Item {0} is not active,الصنف {0} غير نشط,
Therapy Plan {0} created successfully.,تم إنشاء خطة العلاج {0} بنجاح.,
Symptoms: ,الأعراض:,
No Symptoms,لا توجد أعراض,
Diagnosis: ,التشخيص:,
No Diagnosis,لا يوجد تشخيص,
Drug(s) Prescribed.,المخدرات (ق) الموصوفة.,
Test(s) Prescribed.,الاختبار (الاختبارات) موصوف.,
Procedure(s) Prescribed.,الإجراء (الإجراءات) المقررة.,
Counts Completed: {0},الأعداد المكتملة: {0},
Patient Assessment,تقييم المريض,
Assessments,التقييمات,
Heads (or groups) against which Accounting Entries are made and balances are maintained.,رؤساء (أو مجموعات) التي تتم ضد القيود المحاسبية ويتم الاحتفاظ التوازنات.,
Account Name,اسم الحساب,
Inter Company Account,حساب الشركة المشترك,
Parent Account,حساب اب,
Setting Account Type helps in selecting this Account in transactions.,تحديد نوع الحساب يساعد في تحديد هذا الحساب في المعاملات.,
Chargeable,خاضع للرسوم,
Rate at which this tax is applied,السعر الذي يتم فيه تطبيق هذه الضريبة,
Frozen,مجمد,
"If the account is frozen, entries are allowed to restricted users.",إذا الحساب مجمد، يسمح بالدخول إلى المستخدمين المحددين.,
Balance must be,يجب أن يكون الرصيد,
Lft,Lft,
Rgt,Rgt,
Old Parent,الحساب الأب السابق,
Include in gross,تدرج في الإجمالي,
Auditor,مدقق الحسابات,
Accounting Dimension,البعد المحاسبي,
Dimension Name,اسم البعد,
Dimension Defaults,افتراضيات البعد,
Accounting Dimension Detail,البعد المحاسبي التفاصيل,
Default Dimension,البعد الافتراضي,
Mandatory For Balance Sheet,إلزامي للميزانية العمومية,
Mandatory For Profit and Loss Account,إلزامي لحساب الربح والخسارة,
Accounting Period,فترة المحاسبة,
Period Name,اسم الفترة,
Closed Documents,وثائق مغلقة,
Accounts Settings,إعدادات الحسابات,
Settings for Accounts,إعدادات الحسابات,
Make Accounting Entry For Every Stock Movement,اعمل قيد محاسبي لكل حركة للمخزون,
Users with this role are allowed to set frozen accounts and create / modify accounting entries against frozen accounts,يتيح هذا الدور للمستخدمين ضبط الحسابات المجمدة وإنشاء/تعديل القيود المحاسبية على الحسابات المجمدة,
Determine Address Tax Category From,تحديد عنوان ضريبة الفئة من,
Over Billing Allowance (%),زيادة الفواتير المسموح بها (%),
Credit Controller,مراقب الرصيد دائن,
Check Supplier Invoice Number Uniqueness,التحقق من رقم الفتورة المرسلة من المورد مميز (ليس متكرر),
Make Payment via Journal Entry,قم بالدفع عن طريق قيد دفتر اليومية,
Unlink Payment on Cancellation of Invoice,إلغاء ربط الدفع على إلغاء الفاتورة,
Book Asset Depreciation Entry Automatically,كتاب اهلاك الأُصُول المدخلة تلقائيا,
Automatically Add Taxes and Charges from Item Tax Template,إضافة الضرائب والرسوم تلقائيا من قالب الضريبة الصنف,
Automatically Fetch Payment Terms,جلب شروط الدفع تلقائيًا,
Show Payment Schedule in Print,عرض جدول الدفع في الطباعة,
Currency Exchange Settings,إعدادات صرف العملات,
Allow Stale Exchange Rates,السماح لأسعار الصرف الثابتة,
Stale Days,أيام قديمة,
Report Settings,إعدادات التقرير,
Use Custom Cash Flow Format,استخدم تنسيق التدفق النقدي المخصص,
Allowed To Transact With,سمح للاعتماد مع,
SWIFT number,رقم سويفت,
Branch Code,رمز الفرع,
Address and Contact,العنوان وجهة الاتصال,
Address HTML,عنوان HTML,
Contact HTML,الاتصال HTML,
Data Import Configuration,تكوين استيراد البيانات,
Bank Transaction Mapping,رسم المعاملات المصرفية,
Plaid Access Token,منقوشة رمز الوصول,
Company Account,حساب الشركة,
Account Subtype,نوع الحساب الفرعي,
Is Default Account,هو الحساب الافتراضي,
Is Company Account,هو حساب الشركة,
Party Details,تفاصيل الحزب,
Account Details,تفاصيل الحساب,
IBAN,رقم الحساب البنكي,
Bank Account No,رقم الحساب البنكي,
Integration Details,تفاصيل التكامل,
Integration ID,معرف التكامل,
Last Integration Date,تاريخ التكامل الأخير,
Change this date manually to setup the next synchronization start date,قم بتغيير هذا التاريخ يدويًا لإعداد تاريخ بدء المزامنة التالي,
Mask,قناع,
Bank Account Subtype,النوع الفرعي للحساب المصرفي,
Bank Account Type,نوع الحساب المصرفي,
Bank Guarantee,ضمان بنكي,
Bank Guarantee Type,نوع الضمان المصرفي,
Receiving,يستلم,
Providing,توفير,
Reference Document Name,اسم الوثيقة المرجعية,
Validity in Days,الصلاحية في أيام,
Bank Account Info,معلومات الحساب البنكي,
Clauses and Conditions,الشروط والأحكام,
Other Details,تفاصيل أخرى,
Bank Guarantee Number,رقم ضمان البنك,
Name of Beneficiary,اسم المستفيد,
Margin Money,المال الهامش,
Charges Incurred,الرسوم المتكبدة,
Fixed Deposit Number,رقم الوديعة الثابتة,
Account Currency,عملة الحساب,
Select the Bank Account to reconcile.,حدد الحساب البنكي للتوفيق.,
Include Reconciled Entries,تضمن القيود التي تم تسويتها,
Get Payment Entries,الحصول على مدخلات الدفع,
Payment Entries,ادخال دفعات,
Update Clearance Date,تحديث تاريخ التخليص,
Bank Reconciliation Detail,تفاصيل التسويات المصرفية,
Cheque Number,رقم الشيك,
Cheque Date,تاريخ الشيك,
Statement Header Mapping,تعيين رأس بيان,
Statement Headers,رؤوس البيان,
Transaction Data Mapping,مخطط بيانات المعاملات,
Mapped Items,الاصناف المعينة,
Bank Statement Settings Item,بند إعدادات بيان البنك,
Mapped Header,رأس المعين,
Bank Header,ترويسة المصرف,
Bank Statement Transaction Entry,إدخال معاملات كشف الحساب البنكي,
Bank Transaction Entries,قيود معاملات البنك,
New Transactions,معاملات جديدة,
Match Transaction to Invoices,مطابقة المعاملة بالفواتير,
Create New Payment/Journal Entry,إنشاء إدخال جديد للدفع / اليوميات,
Submit/Reconcile Payments,إرسال / تسوية المدفوعات,
Matching Invoices,مطابقة الفواتير,
Payment Invoice Items,بنود دفع الفواتير,
Reconciled Transactions,المعاملات المربوطة,
Bank Statement Transaction Invoice Item,بند الفواتير لمعاملات معاملات البنك,
Payment Description,وصف الدفع,
Invoice Date,تاريخ الفاتورة,
invoice,فاتورة,
Bank Statement Transaction Payment Item,بند معاملة معاملات كشف الحساب البنكي,
outstanding_amount,كمية رهيبة,
Payment Reference,إشارة دفع,
Bank Statement Transaction Settings Item,عنصر إعدادات معاملات بيان البنك,
Bank Data,بيانات البنك,
Mapped Data Type,نوع البيانات المعينة,
Mapped Data,البيانات المعينة,
Bank Transaction,المعاملات المصرفية,
ACC-BTN-.YYYY.-,ACC-BTN-.YYYY.-,
Transaction ID,رقم المعاملات,
Unallocated Amount,المبلغ غير المخصصة,
Field in Bank Transaction,الحقل في المعاملات المصرفية,
Column in Bank File,العمود في ملف البنك,
Bank Transaction Payments,مدفوعات المعاملات المصرفية,
Control Action,التحكم في العمل,
Applicable on Material Request,ينطبق على طلب المواد,
Action if Annual Budget Exceeded on MR,الإجراء إذا تجاوزت الميزانية السنوية على الدخل الشهري,
Warn,تحذير,
Ignore,تجاهل,
Action if Accumulated Monthly Budget Exceeded on MR,الإجراء في حالة تجاوز الميزانية الشهرية المتراكمة على MR,
Applicable on Purchase Order,ينطبق على أمر الشراء,
Action if Annual Budget Exceeded on PO,الإجراء إذا تجاوزت الميزانية السنوية على أمر الشراء,
Action if Accumulated Monthly Budget Exceeded on PO,أجراء في حال تجاوزت الميزانية الشهرية المتراكمة طلب الشراء,
Applicable on booking actual expenses,ينطبق على الحجز النفقات الفعلية,
Action if Annual Budget Exceeded on Actual,أجراء في حال تجاوزت الميزانية السنوية الميزانية المخصصة مسبقا,
Action if Accumulated Monthly Budget Exceeded on Actual,أجراء في حال تجاوزت الميزانية الشهرية المتراكمة للميزانية الفعلية,
Budget Accounts,حسابات الميزانية,
Budget Account,حساب الميزانية,
Budget Amount,قيمة الميزانية,
C-Form,C-Form,
ACC-CF-.YYYY.-,ACC-CF-.YYYY.-,
C-Form No,رقم النموذج - س,
Received Date,تاريخ الاستلام,
Quarter,ربع,
I,أنا,
II,II,
III,III,
IV,IV,
C-Form Invoice Detail,تفاصيل الفاتورة نموذج - س,
Invoice No,رقم الفاتورة,
Cash Flow Mapper,مخطط التدفق النقدي,
Section Name,اسم القسم,
Section Header,مقطع الرأس,
Section Leader,قائد قسم,
e.g Adjustments for:,على سبيل المثال، التعديلات على:,
Section Subtotal,القسم الفرعي الفرعي,
Section Footer,تذييل القسم,
Cash Flow Mapping,تخطيط التدفق النقدي,
Select Maximum Of 1,حدد الحد الأقصى من 1,
Is Finance Cost,تكلفة التمويل,
Is Working Capital,هو رأس المال عامل,
Is Finance Cost Adjustment,هو تعديل تكاليف التمويل,
Is Income Tax Liability,هي مسؤولية ضريبة الدخل,
Is Income Tax Expense,هو ضريبة الدخل,
Cash Flow Mapping Accounts,حسابات رسم التدفق النقدي,
account,حساب,
Cash Flow Mapping Template,قالب رسم التدفق النقدي,
Cash Flow Mapping Template Details,تفاصيل نموذج رسم التدفق النقدي,
POS-CLO-,POS-CLO-,
Custody,عهدة,
Net Amount,المبلغ الصافي,
Cashier Closing Payments,مدفوعات إغلاق أمين الصندوق,
Chart of Accounts Importer,مخطط حسابات المستورد,
Import Chart of Accounts from a csv file,استيراد مخطط الحسابات من ملف CSV,
Attach custom Chart of Accounts file,إرفاق ملف مخطط الحسابات المخصص,
Chart Preview,معاينة الرسم البياني,
Chart Tree,شجرة الرسم البياني,
Cheque Print Template,نمودج طباعة الشيك,
Has Print Format,لديها تنسيق طباعة,
Primary Settings,الإعدادات الأولية,
Cheque Size,مقاس الصك,
Regular,منتظم,
Starting position from top edge,بدءا من موقف من أعلى الحافة,
Cheque Width,عرض الشيك,
Cheque Height,ارتفاع الصك,
Scanned Cheque,الممسوحة ضوئيا شيك,
Is Account Payable,هل هو حساب دائن,
Distance from top edge,المسافة من الحافة العلوية,
Distance from left edge,المسافة من الحافة اليسرى,
Message to show,رسالة للإظهار,
Date Settings,إعدادات التاريخ,
Starting location from left edge,بدءا الموقع من الحافة اليسرى,
Payer Settings,إعدادات الدافع,
Width of amount in word,عرض المبلغ في كلمة,
Line spacing for amount in words,سطر فارغ للمبلغ بالحروف,
Amount In Figure,المبلغ في الشكل,
Signatory Position,الوظيفة الموقعة,
Closed Document,وثيقة مغلقة,
Track separate Income and Expense for product verticals or divisions.,تتبع الدخل والنفقات منفصل عن القطاعات المنتج أو الانقسامات.,
Cost Center Name,اسم مركز تكلفة,
Parent Cost Center,مركز التكلفة الأب,
lft,LFT,
rgt,RGT,
Coupon Code,كود الخصم,
Coupon Name,اسم القسيمة,
"e.g. ""Summer Holiday 2019 Offer 20""","مثال: ""Summer Holiday 2019 Offer 20""",
Coupon Type,نوع الكوبون,
Promotional,الترويجية,
Gift Card,كرت هدية,
unique e.g. SAVE20  To be used to get discount,فريدة مثل SAVE20 لاستخدامها للحصول على الخصم,
Validity and Usage,الصلاحية والاستخدام,
Valid From,صالح من تاريخ,
Valid Upto,صالح حتى,
Maximum Use,الاستخدام الأقصى,
Used,مستخدم,
Coupon Description,وصف القسيمة,
Discounted Invoice,فاتورة مخصوم,
Debit to,الخصم إلى,
Exchange Rate Revaluation,إعادة تقييم سعر الصرف,
Get Entries,الحصول على مقالات,
Exchange Rate Revaluation Account,حساب إعادة تقييم سعر الصرف,
Total Gain/Loss,إجمالي الربح / الخسارة,
Balance In Account Currency,التوازن في حساب العملة,
Current Exchange Rate,سعر الصرف الحالي,
Balance In Base Currency,التوازن في العملة الأساسية,
New Exchange Rate,سعر صرف جديد,
New Balance In Base Currency,توازن جديد بالعملة الأساسية,
Gain/Loss,الربح / الخسارة,
**Fiscal Year** represents a Financial Year. All accounting entries and other major transactions are tracked against **Fiscal Year**.,** السنة المالية ** تمثل السنة المالية. يتم تتبع جميع القيود المحاسبية والمعاملات الرئيسية الأخرى مقابل ** السنة المالية **.,
Year Name,اسم عام,
"For e.g. 2012, 2012-13",على سبيل المثال 2012، 2013,
Year Start Date,تاريخ بدء عام,
Year End Date,تاريخ نهاية عام,
Companies,شركات,
Auto Created,إنشاء تلقائي,
Stock User,عضو المخزن,
Fiscal Year Company,السنة المالية للشركة,
Debit Amount,مبلغ مدين,
Credit Amount,مبلغ دائن,
Debit Amount in Account Currency,المبلغ المدين بعملة الحساب,
Credit Amount in Account Currency,المبلغ الدائن بعملة الحساب,
Voucher Detail No,تفاصيل قسيمة لا,
Is Opening,هل قيد افتتاحي,
Is Advance,هل مقدم,
To Rename,لإعادة تسمية,
GST Account,حساب ضريبة السلع والخدمات,
CGST Account,حساب غست,
SGST Account,حساب سست,
IGST Account,حساب إيغست,
CESS Account,سيس حساب,
Loan Start Date,تاريخ بدء القرض,
Loan Period (Days),مدة القرض (بالأيام),
Loan End Date,تاريخ انتهاء القرض,
Bank Charges,الرسوم المصرفية,
Short Term Loan Account,حساب قرض قصير الأجل,
Bank Charges Account,حساب الرسوم البنكية,
Accounts Receivable Credit Account,حسابات الائتمان حسابات القبض,
Accounts Receivable Discounted Account,حسابات القبض على حساب مخصوم,
Accounts Receivable Unpaid Account,حسابات القبض غير المدفوعة,
Item Tax Template,قالب الضريبة الصنف,
Tax Rates,معدلات الضريبة,
Item Tax Template Detail,الصنف قالب الضريبة التفاصيل,
Entry Type,نوع القيد,
Inter Company Journal Entry,الدخول المشترك بين الشركة,
Bank Entry,حركة بنكية,
Cash Entry,الدخول النقدية,
Credit Card Entry,إدخال بطاقة إئتمان,
Contra Entry,الدخول كونترا,
Excise Entry,الدخول المكوس,
Write Off Entry,شطب الدخول,
Opening Entry,فتح مدخل,
ACC-JV-.YYYY.-,ACC-JV-.YYYY.-,
Accounting Entries,القيود المحاسبة,
Total Debit,إجمالي المدين,
Total Credit,إجمالي الدائن,
Difference (Dr - Cr),الفرق ( المدين - الدائن ),
Make Difference Entry,جعل دخول الفرق,
Total Amount Currency,عملة إجمالي المبلغ,
Total Amount in Words,إجمالي المبلغ بالنص,
Remark,كلام,
Paid Loan,قرض مدفوع,
Inter Company Journal Entry Reference,انتر دخول الشركة مجلة الدخول,
Write Off Based On,شطب بناءً على,
Get Outstanding Invoices,الحصول على فواتير معلقة,
Write Off Amount,المبلغ المشطوب,
Printing Settings,إعدادات الطباعة,
Pay To / Recd From,دفع إلى / من Recd,
Payment Order,أمر دفع,
Subscription Section,قسم الاشتراك,
Journal Entry Account,حساب إدخال القيود اليومية,
Account Balance,رصيد حسابك,
Party Balance,ميزان الحزب,
Accounting Dimensions,الأبعاد المحاسبية,
If Income or Expense,إذا دخل أو مصروف,
Exchange Rate,سعر الصرف,
Debit in Company Currency,الخصم في الشركة العملات,
Credit in Company Currency,المدين في عملة الشركة,
Payroll Entry,دخول الرواتب,
Employee Advance,تقدم الموظف,
Reference Due Date,تاريخ الاستحقاق المرجعي,
Loyalty Program Tier,مستوى برنامج الولاء,
Redeem Against,استبدال مقابل,
Expiry Date,تاريخ انتهاء الصلاحية,
Loyalty Point Entry Redemption,نقطة الولاء دخول الفداء,
Redemption Date,تاريخ الاسترداد,
Redeemed Points,النقاط المستردة,
Loyalty Program Name,اسم برنامج الولاء,
Loyalty Program Type,نوع برنامج الولاء,
Single Tier Program,برنامج الطبقة الواحدة,
Multiple Tier Program,برنامج متعدد الطبقات,
Customer Territory,منطقة العملاء,
Auto Opt In (For all customers),الاشتراك التلقائي (لجميع العملاء),
Collection Tier,مجموعة الصف,
Collection Rules,قواعد الجمع,
Redemption,فداء,
Conversion Factor,معامل التحويل,
1 Loyalty Points = How much base currency?,1 نقاط الولاء = كم العملة الأساسية؟,
Expiry Duration (in days),مدة الصلاحية (بالأيام),
Help Section,قسم المساعدة,
Loyalty Program Help,مساعدة برنامج الولاء,
Loyalty Program Collection,مجموعة برامج الولاء,
Tier Name,اسم الطبقة,
Minimum Total Spent,الحد الأدنى لإجمالي الإنفاق,
Collection Factor (=1 LP),عامل التجميع (= 1 ليرة لبنانية),
For how much spent = 1 Loyalty Point,كم تنفق = 1 نقطة الولاء,
Mode of Payment Account,طريقة حساب الدفع,
Default Account,الافتراضي حساب,
Default account will be automatically updated in POS Invoice when this mode is selected.,سيتم تحديث الحساب الافتراضي تلقائيا في فاتورة نقاط البيع عند تحديد هذا الوضع.,
**Monthly Distribution** helps you distribute the Budget/Target across months if you have seasonality in your business.,** التوزيع الشهري ** يساعدك على توزيع الهدف أو الميزانية على مدى عدة شهور إذا كان لديك موسمية في عملك.,
Distribution Name,توزيع الاسم,
Name of the Monthly Distribution,اسم التوزيع الشهري,
Monthly Distribution Percentages,النسب المئوية للتوزيع الشهري,
Monthly Distribution Percentage,النسبة المئوية للتوزيع الشهري,
Percentage Allocation,نسبة توزيع,
Create Missing Party,إنشاء طرف مفقود,
Create missing customer or supplier.,إنشاء العملاء أو المورد المفقودين.,
Opening Invoice Creation Tool Item,أداة إنشاء فاتورة بند افتتاحية,
Temporary Opening Account,حساب الافتتاح المؤقت,
Party Account,حساب طرف,
Type of Payment,نوع الدفع,
ACC-PAY-.YYYY.-,ACC-PAY-.YYYY.-,
Receive,تسلم,
Internal Transfer,نقل داخلي,
Payment Order Status,حالة طلب الدفع,
Payment Ordered,دفع أمر,
Payment From / To,الدفع من / إلى,
Company Bank Account,حساب بنك الشركة,
Party Bank Account,حساب بنك الحزب,
Account Paid From,حساب الدفع من,
Account Paid To,حساب الدفع إلى,
Paid Amount (Company Currency),مجموع الدفعات (بعملة الشركة),
Received Amount,المبلغ المستلم,
Received Amount (Company Currency),تلقى المبلغ (شركة العملات),
Get Outstanding Invoice,الحصول على الفاتورة المعلقة,
Payment References,المراجع الدفع,
Writeoff,لا تصلح,
Total Allocated Amount,إجمالي المبلغ المخصص,
Total Allocated Amount (Company Currency),إجمالي المبلغ المخصص (شركة العملات),
Set Exchange Gain / Loss,تعيين كسب تبادل / الخسارة,
Difference Amount (Company Currency),فروق المبلغ ( عملة الشركة ).,
Write Off Difference Amount,شطب الفرق المبلغ,
Deductions or Loss,الخصومات أو الخسارة,
Payment Deductions or Loss,خصومات الدفع أو الخسارة,
Cheque/Reference Date,تاريخ الشيك/المرجع,
Payment Entry Deduction,دفع الاشتراك خصم,
Payment Entry Reference,دفع الدخول المرجعي,
Allocated,تخصيص,
Payment Gateway Account,دفع حساب البوابة,
Payment Account,حساب الدفع,
Default Payment Request Message,رسالة 'طلب الدفع' الافتراضيه,
PMO-,PMO-,
Payment Order Type,نوع طلب الدفع,
Payment Order Reference,مرجع أمر الدفع,
Bank Account Details,تفاصيل الحساب البنكي,
Payment Reconciliation,دفع المصالحة,
Receivable / Payable Account,القبض / حساب الدائنة,
Bank / Cash Account,البنك حساب / النقدية,
From Invoice Date,من تاريخ الفاتورة,
To Invoice Date,إلى تاريخ الفاتورة,
Minimum Invoice Amount,الحد الأدنى للمبلغ الفاتورة,
Maximum Invoice Amount,الحد الأقصى لمبلغ الفاتورة,
System will fetch all the entries if limit value is zero.,سيقوم النظام بجلب كل القيود إذا كانت قيمة الحد صفرا.,
Get Unreconciled Entries,الحصول على مدخلات لم تتم تسويتها,
Unreconciled Payment Details,لم تتم تسويتها تفاصيل الدفع,
Invoice/Journal Entry Details,فاتورة / مجلة تفاصيل الدخول,
Payment Reconciliation Invoice,دفع فاتورة المصالحة,
Invoice Number,رقم الفاتورة,
Payment Reconciliation Payment,دفع المصالحة الدفع,
Reference Row,إشارة الصف,
Allocated amount,المبلغ المخصص,
Payment Request Type,نوع طلب الدفع,
Outward,نحو الخارج,
Inward,نحو الداخل,
ACC-PRQ-.YYYY.-,ACC-PRQ-.YYYY.-,
Transaction Details,تفاصيل الصفقه,
Amount in customer's currency,المبلغ بعملة العميل,
Is a Subscription,هو الاشتراك,
Transaction Currency,عملية العملات,
Subscription Plans,خطط الاشتراك,
SWIFT Number,رقم سويفت,
Recipient Message And Payment Details,مستلم رسالة وتفاصيل الدفع,
Make Sales Invoice,إنشاء فاتورة المبيعات,
Mute Email,كتم البريد الإلكتروني,
payment_url,payment_url,
Payment Gateway Details,تفاصيل الدفع بوابة,
Payment Schedule,جدول السداد,
Invoice Portion,جزء الفاتورة,
Payment Amount,دفع مبلغ,
Payment Term Name,اسم مصطلح الدفع,
Day(s) after invoice date,يوم (أيام) بعد تاريخ الفاتورة,
Day(s) after the end of the invoice month,يوم (أيام) بعد نهاية شهر الفاتورة,
Month(s) after the end of the invoice month,شهر (أشهر) بعد نهاية شهر الفاتورة,
Credit Days,أيام الائتمان,
Credit Months,أشهر الائتمان,
Allocate Payment Based On Payment Terms,تخصيص الدفع بناءً على شروط الدفع,
"If this checkbox is checked, paid amount will be splitted and allocated as per the amounts in payment schedule against each payment term",إذا تم تحديد مربع الاختيار هذا، فسيتم تقسيم المبلغ المدفوع وتخصيصه وفقًا للمبالغ الموجودة في جدول الدفع مقابل كل مصطلح دفع,
Payment Terms Template Detail,تفاصيل قالب شروط الدفع,
Closing Fiscal Year,إغلاق السنة المالية,
Closing Account Head,اقفال حساب المركز الرئيسي,
"The account head under Liability or Equity, in which Profit/Loss will be booked",رئيس الحساب تحت المسؤولية أو الأسهم، والتي سيتم حجز الربح / الخسارة,
POS Customer Group,مجموعة عملاء نقطة البيع,
POS Field,نقاط البيع الميدانية,
POS Item Group,مجموعة المواد لنقطة البيع,
Company Address,عنوان الشركة,
Update Stock,تحديث المخزون,
Ignore Pricing Rule,تجاهل (قاعدة التسعير),
Applicable for Users,ينطبق على المستخدمين,
Sales Invoice Payment,سداد فاتورة المبيعات,
Item Groups,مجموعات الصنف,
Only show Items from these Item Groups,فقط عرض الأصناف من مجموعات الأصناف هذه,
Customer Groups,مجموعات العميل,
Only show Customer of these Customer Groups,أظهر فقط عميل مجموعات العملاء هذه,
Write Off Account,شطب حساب,
Write Off Cost Center,شطب مركز التكلفة,
Account for Change Amount,حساب لتغيير المبلغ,
Taxes and Charges,الضرائب والرسوم,
Apply Discount On,تطبيق تخفيض على,
POS Profile User,نقاط البيع الشخصية الملف الشخصي,
Apply On,تنطبق على,
Price or Product Discount,السعر أو خصم المنتج,
Apply Rule On Item Code,تطبيق القاعدة على رمز الصنف,
Apply Rule On Item Group,تطبيق القاعدة على مجموعة الأصناف,
Apply Rule On Brand,تطبيق القاعدة على العلامة التجارية,
Mixed Conditions,ظروف مختلطة,
Conditions will be applied on all the selected items combined. ,سيتم تطبيق الشروط على جميع الأصناف المختارة مجتمعة.,
Is Cumulative,هو التراكمي,
Coupon Code Based,كود الكوبون,
Discount on Other Item,خصم على بند آخر,
Apply Rule On Other,تطبيق القاعدة على الآخر,
Party Information,معلومات الحزب,
Quantity and Amount,الكمية والكمية,
Min Qty,الحد الأدنى من الكمية,
Max Qty,أعلى الكمية,
Min Amt,مين امت,
Max Amt,ماكس امت,
Period Settings,إعدادات الفترة,
Margin,هامش,
Margin Type,نوع الهامش,
Margin Rate or Amount,نسبة الهامش أو المبلغ,
Price Discount Scheme,مخطط سعر الخصم,
Rate or Discount,معدل أو خصم,
Discount Percentage,نسبة الخصم,
Discount Amount,مبلغ الخصم,
For Price List,لائحة الأسعار,
Product Discount Scheme,مخطط خصم المنتج,
Same Item,نفس الصنف,
Free Item,بند مجاني,
Threshold for Suggestion,عتبة الاقتراح,
System will notify to increase or decrease quantity or amount ,سيُعلم النظام بزيادة أو تقليل الكمية أو الكمية,
"Higher the number, higher the priority",الرقم الأعلى له أولوية أكبر,
Apply Multiple Pricing Rules,تطبيق قواعد التسعير متعددة,
Apply Discount on Rate,تطبيق الخصم على السعر,
Validate Applied Rule,التحقق من صحة القاعدة المطبقة,
Rule Description,وصف القاعدة,
Pricing Rule Help,تعليمات قاعدة التسعير,
Promotional Scheme Id,معرف المخطط الترويجي,
Promotional Scheme,مخطط ترويجي,
Pricing Rule Brand,قاعدة تسعير العلامة التجارية,
Pricing Rule Detail,تفاصيل قاعدة التسعير,
Child Docname,اسم الطفل,
Rule Applied,تطبق القاعدة,
Pricing Rule Item Code,قاعدة بند التسعير,
Pricing Rule Item Group,مجموعة قاعدة التسعير,
Price Discount Slabs,ألواح سعر الخصم,
Promotional Scheme Price Discount,خصم سعر المخطط الترويجي,
Product Discount Slabs,ألواح خصم المنتج,
Promotional Scheme Product Discount,خصم المنتج خطة ترويجية,
Min Amount,الحد الأدنى للمبلغ,
Max Amount,أقصى مبلغ,
Discount Type,نوع الخصم,
ACC-PINV-.YYYY.-,ACC-PINV-.YYYY.-,
Tax Withholding Category,فئة ضريبة الخصم,
Edit Posting Date and Time,تعديل تاريخ ووقت الترحيل,
Is Paid,مدفوع,
Is Return (Debit Note),هو العودة (ملاحظة الخصم),
Apply Tax Withholding Amount,تطبيق مبلغ الاستقطاع الضريبي,
Accounting Dimensions ,الأبعاد المحاسبية,
Supplier Invoice Details,المورد تفاصيل الفاتورة,
Supplier Invoice Date,المورد فاتورة التسجيل,
Return Against Purchase Invoice,مرتجع مقابل فاتورة المشتريات,
Select Supplier Address,حدد مزود العناوين,
Contact Person,جهة الاتصال,
Select Shipping Address,حدد عنوان الشحن,
Currency and Price List,العملة وقائمة الأسعار,
Price List Currency,قائمة الأسعار العملات,
Price List Exchange Rate,معدل سعر صرف قائمة,
Set Accepted Warehouse,حدد المستودع المعتمد,
Rejected Warehouse,رفض مستودع,
Warehouse where you are maintaining stock of rejected items,مستودع حيث كنت الحفاظ على المخزون من المواد رفضت,
Raw Materials Supplied,المواد الخام الموردة,
Supplier Warehouse,المورد مستودع,
Pricing Rules,قواعد التسعير,
Supplied Items,الأصناف الموردة,
Total (Company Currency),مجموع (شركة العملات),
Net Total (Company Currency),صافي الأجمالي ( بعملة الشركة ),
Total Net Weight,مجموع الوزن الصافي,
Shipping Rule,قاعدة الشحن,
Purchase Taxes and Charges Template,قالب الضرائب والرسوم على المشتريات,
Purchase Taxes and Charges,ضرائب ورسوم المشتريات,
Tax Breakup,تفكيك الضرائب,
Taxes and Charges Calculation,حساب الضرائب والرسوم,
Taxes and Charges Added (Company Currency),الضرائب والرسوم المضافة (عملة الشركة),
Taxes and Charges Deducted (Company Currency),الضرائب والرسوم مقطوعة (عملة الشركة),
Total Taxes and Charges (Company Currency),مجموع الضرائب والرسوم (عملة الشركة),
Taxes and Charges Added,أضيفت الضرائب والرسوم,
Taxes and Charges Deducted,خصم الضرائب والرسوم,
Total Taxes and Charges,إجمالي الضرائب والرسوم,
Additional Discount,خصم إضافي,
Apply Additional Discount On,تطبيق الخصم الإضافي على,
Additional Discount Amount (Company Currency),مقدار الخصم الاضافي (بعملة الشركة),
Additional Discount Percentage,نسبة الخصم الإضافي,
Additional Discount Amount,مبلغ الخصم الإضافي,
Grand Total (Company Currency),المجموع الكلي (العملات شركة),
Rounding Adjustment (Company Currency),تعديل التقريب (عملة الشركة),
Rounded Total (Company Currency),المشاركات تقريب (العملة الشركة),
In Words (Company Currency),في الأحرف ( عملة الشركة ),
Rounding Adjustment,تسوية التقريب,
In Words,المبلغ كتابةً,
Total Advance,إجمالي المقدمة,
Disable Rounded Total,تعطيل الاجمالي المقرب,
Cash/Bank Account,حساب النقد / البنك,
Write Off Amount (Company Currency),شطب المبلغ (شركة العملات),
Set Advances and Allocate (FIFO),تعيين السلف والتخصيص (FIFO),
Get Advances Paid,الحصول على السلف المدفوعة,
Advances,الدفعات المقدمة,
Terms,الشروط,
Terms and Conditions1,1 الشروط والأحكام,
Group same items,مادة نفس المجموعة,
Print Language,لغة الطباعة,
"Once set, this invoice will be on hold till the set date",بمجرد تعيينها، ستكون هذه الفاتورة قيد الانتظار حتى التاريخ المحدد,
Credit To,حساب الدائن,
Party Account Currency,عملة حساب الطرف,
Against Expense Account,مقابل حساب المصاريف,
Inter Company Invoice Reference,الشركة المشتركة للفاتورة,
Is Internal Supplier,هو المورد الداخلي,
Start date of current invoice's period,تاريخ بدء فترة الفاتورة الحالية,
End date of current invoice's period,تاريخ نهاية فترة الفاتورة الحالية,
Update Auto Repeat Reference,تحديث السيارات تكرار المرجع,
Purchase Invoice Advance,دفعة مقدمة لفاتورة المشتريات,
Purchase Invoice Item,اصناف فاتورة المشتريات,
Quantity and Rate,كمية وقيم,
Received Qty,تلقى الكمية,
Accepted Qty,الكمية المطلوبة,
Rejected Qty,الكمية المرفوضة,
UOM Conversion Factor,عامل تحويل وحدة القياس,
Discount on Price List Rate (%),معدل الخصم على قائمة الأسعار (%),
Price List Rate (Company Currency),قائمة الأسعار معدل (عملة الشركة),
Rate ,معدل,
Rate (Company Currency),معدل (عملة الشركة),
Amount (Company Currency),المبلغ (عملة الشركة),
Is Free Item,هو الصنف الحرة,
Net Rate,السعر الصافي,
Net Rate (Company Currency),صافي السعر ( بعملة الشركة ),
Net Amount (Company Currency),صافي المبلغ ( بعملة الشركة ),
Item Tax Amount Included in Value,الصنف ضريبة المبلغ المدرجة في القيمة,
Landed Cost Voucher Amount,التكلفة هبطت قيمة قسيمة,
Raw Materials Supplied Cost,المواد الخام الموردة التكلفة,
Accepted Warehouse,مستودع مقبول,
Serial No,رقم تسلسلي,
Rejected Serial No,رقم الرقم التسلسلي رفض,
Expense Head,عنوان المصروف,
Is Fixed Asset,هو الأصول الثابتة,
Asset Location,موقع الأصول,
Deferred Expense,المصروفات المؤجلة,
Deferred Expense Account,حساب المصروفات المؤجلة,
Service Stop Date,تاريخ توقف الخدمة,
Enable Deferred Expense,تمكين المصروفات المؤجلة,
Service Start Date,تاريخ بدء الخدمة,
Service End Date,تاريخ انتهاء الخدمة,
Allow Zero Valuation Rate,السماح بقيمة صفر,
Item Tax Rate,معدل ضريبة الصنف,
Tax detail table fetched from item master as a string and stored in this field.\nUsed for Taxes and Charges,التفاصيل الضرائب الجدول المنال من سيده الصنف كسلسلة وتخزينها في هذا المجال.\n المستخدمة للضرائب والرسوم,
Purchase Order Item,صنف امر الشراء,
Purchase Receipt Detail,شراء إيصال التفاصيل,
Item Weight Details,تفاصيل وزن الصنف,
Weight Per Unit,الوزن لكل وحدة,
Total Weight,الوزن الكلي,
Weight UOM,وحدة قياس الوزن,
Page Break,فاصل الصفحة,
Consider Tax or Charge for,النظر في ضريبة أو رسم ل,
Valuation and Total,التقييم والمجموع,
Valuation,تقييم,
Add or Deduct,إضافة أو خصم,
Deduct,خصم,
On Previous Row Amount,على المبلغ الصف السابق,
On Previous Row Total,على إجمالي الصف السابق,
On Item Quantity,على كمية الصنف,
Reference Row #,مرجع صف #,
Is this Tax included in Basic Rate?,هل هذه الضريبة متضمنة في الاسعار الأساسية؟,
"If checked, the tax amount will be considered as already included in the Print Rate / Print Amount",إذا كانت محددة، سيتم النظر في مقدار ضريبة كمدرجة بالفعل في قيم الطباعة / مقدار الطباعة,
Account Head,رئيس حساب,
Tax Amount After Discount Amount,المبلغ الضريبي بعد خصم المبلغ,
Item Wise Tax Detail ,تفاصيل ضرائب الصنف الحكيمة,
"Standard tax template that can be applied to all Purchase Transactions. This template can contain list of tax heads and also other expense heads like ""Shipping"", ""Insurance"", ""Handling"" etc.\n\n#### Note\n\nThe tax rate you define here will be the standard tax rate for all **Items**. If there are **Items** that have different rates, they must be added in the **Item Tax** table in the **Item** master.\n\n#### Description of Columns\n\n1. Calculation Type: \n    - This can be on **Net Total** (that is the sum of basic amount).\n    - **On Previous Row Total / Amount** (for cumulative taxes or charges). If you select this option, the tax will be applied as a percentage of the previous row (in the tax table) amount or total.\n    - **Actual** (as mentioned).\n2. Account Head: The Account ledger under which this tax will be booked\n3. Cost Center: If the tax / charge is an income (like shipping) or expense it needs to be booked against a Cost Center.\n4. Description: Description of the tax (that will be printed in invoices / quotes).\n5. Rate: Tax rate.\n6. Amount: Tax amount.\n7. Total: Cumulative total to this point.\n8. Enter Row: If based on ""Previous Row Total"" you can select the row number which will be taken as a base for this calculation (default is the previous row).\n9. Consider Tax or Charge for: In this section you can specify if the tax / charge is only for valuation (not a part of total) or only for total (does not add value to the item) or for both.\n10. Add or Deduct: Whether you want to add or deduct the tax.","قالب الضرائب القياسية التي يمكن تطبيقها على جميع المعاملات شراء. يمكن أن يحتوي هذا القالب قائمة رؤساء الضريبية، وكذلك غيرهم من رؤساء حساب مثل ""شحن""، ""التأمين""، ""معالجة""، وغيرها \n\n #### ملاحظة \n\n معدل الضريبة التي تحدد هنا سوف يكون معدل الضريبة موحد لجميع الأصناف ** **. إذا كانت هناك بنود ** ** التي لها أسعار مختلفة، وأنها يجب أن يضاف في * الضرائب الصنف ** الجدول في الصنف ** ** الرئيسي.\n\n #### وصف الأعمدة \n\n 1. نوع الحساب: \n - وهذا يمكن أن يكون على ** صافي إجمالي ** (وهذا هو مجموع المبلغ الأساسي).\n - ** في الصف السابق الكل / المكونات ** (للضرائب أو رسوم التراكمية). إذا قمت بتحديد هذا الخيار، سيتم تطبيق الضريبة كنسبة مئوية من الصف السابق (في الجدول الضرائب) كمية أو المجموع.\n - ** ** الفعلية (كما ذكر).\n 2. رئيس الحساب: حساب دفتر الأستاذ والتي بموجبها سيتم حجز هذه الضريبة \n 3. مركز التكلفة: إذا الضرائب / الرسوم هو الدخل (مثل الشحن) أو حساب فإنه يحتاج إلى أن يتم الحجز مقابل مركز التكلفة.\n 4. الوصف: وصف الضريبية (التي ستتم طباعتها في الفواتير / الاقتباس).\n 5. معدل: معدل الضريبة.\n 6. المبلغ: مبلغ الضرائب.\n 7. المجموع: مجموعه التراكمي لهذه النقطة.\n 8. أدخل الصف: إذا كان على أساس ""السابق صف إجمالي"" يمكنك تحديد عدد الصفوف التي سيتم اتخاذها كقاعدة لهذا الحساب (الافتراضي هو الصف السابق).\n 9. النظر في ضريبة أو رسم ل: في هذا القسم يمكنك تحديد ما إذا كان الضرائب / الرسوم هو فقط للتقييم (وليس جزءا من الكل) أو فقط للمجموع (لا يضيف قيمة إلى الصنف) أو لكليهما.\n 10. إضافة أو اقتطاع: إذا كنت ترغب في إضافة أو خصم الضرائب.",
ACC-SINV-.YYYY.-,ACC-SINV-.YYYY.-,
Include Payment (POS),تشمل الدفع (POS),
Offline POS Name,اسم نقطة البيع دون اتصال,
Is Return (Credit Note),هو العودة (ملاحظة الائتمان),
Return Against Sales Invoice,مرتجع مقابل فاتورة المبيعات,
Update Billed Amount in Sales Order,تحديث مبلغ فاتورة في أمر البيع,
Customer PO Details,تفاصيل طلب شراء العميل,
Customer's Purchase Order,طلب شراء الزبون,
Customer's Purchase Order Date,تاريخ امر الشراء العميل,
Customer Address,عنوان العميل,
Shipping Address Name,الشحن العنوان الاسم,
Company Address Name,اسم عنوان الشركة,
Rate at which Customer Currency is converted to customer's base currency,المعدل الذي يتم تحويل العملة إلى عملة الأساس العملاء العميل,
Rate at which Price list currency is converted to customer's base currency,المعدل الذي يتم تحويل سعر العملة العملة الأساسية القائمة لالعملاء,
Set Source Warehouse,تعيين المستودع المصدر,
Packing List,قائمة التعبئة,
Packed Items,عناصر معبأة,
Product Bundle Help,المنتج حزمة مساعدة,
Time Sheet List,الساعة قائمة ورقة,
Time Sheets,جداول زمنية,
Total Billing Amount,المبلغ الكلي الفواتير,
Sales Taxes and Charges Template,قالب الضرائب والرسوم على المبيعات,
Sales Taxes and Charges,ضرائب ورسوم المبيعات,
Loyalty Points Redemption,نقاط الولاء الفداء,
Redeem Loyalty Points,استبدل نقاط الولاء,
Redemption Account,حساب الاسترداد,
Redemption Cost Center,مركز تكلفة الاسترداد,
In Words will be visible once you save the Sales Invoice.,سيظهر المبلغ كتابةً بعد حفظ فاتورة المبيعات.,
Allocate Advances Automatically (FIFO),تخصيص السلف تلقائيا (الداخل أولا الخارج أولا),
Get Advances Received,الحصول على السلف المتلقاة,
Base Change Amount (Company Currency),مدى تغيير المبلغ الأساسي (عملة الشركة ),
Write Off Outstanding Amount,شطب المبلغ المستحق,
Terms and Conditions Details,تفاصيل الشروط والأحكام,
Is Internal Customer,عميل داخلي؟,
Is Discounted,مخصوم؟,
Unpaid and Discounted,غير مدفوع ومخصوم,
Overdue and Discounted,متأخر ومخصوم,
Accounting Details,تفاصيل المحاسبة,
Debit To,حساب المدين,
Is Opening Entry,قيد افتتاحي؟,
C-Form Applicable,ينطبق نموذج C,
Commission Rate (%),نسبة العمولة (%),
Sales Team1,فريق المبيعات 1,
Against Income Account,مقابل حساب الإيرادات,
Sales Invoice Advance,فاتورة المبيعات المقدمة,
Advance amount,مبلغ الدفعة المقدمة,
Sales Invoice Item,صنف فاتورة المبيعات,
Customer's Item Code,كود الصنف لدى العميل,
Brand Name,اسم العلامة التجارية,
Qty as per Stock UOM,الكمية حسب وحدة قياس المخزون,
Discount and Margin,الخصم والهامش,
Rate With Margin,معدل مع الهامش,
Discount (%) on Price List Rate with Margin,الخصم (%) على سعر قائمة السعر مع الهامش,
Rate With Margin (Company Currency),السعر بالهامش (عملة الشركة),
Delivered By Supplier,سلمت من قبل المورد,
Deferred Revenue,الإيرادات المؤجلة,
Deferred Revenue Account,حساب الإيرادات المؤجلة,
Enable Deferred Revenue,تمكين الإيرادات المؤجلة,
Stock Details,تفاصيل المخزون,
Customer Warehouse (Optional),مستودع العميل (اختياري),
Available Batch Qty at Warehouse,الكمية المتاحة من الباتش فى المستودع,
Available Qty at Warehouse,الكمية المتاحة في مستودع,
Delivery Note Item,ملاحظة تسليم الصنف,
Base Amount (Company Currency),المبلغ الأساسي (عملة الشركة ),
Sales Invoice Timesheet,السجل الزمني لفاتورة المبيعات,
Time Sheet,ورقة الوقت,
Billing Hours,ساعات الفواتير,
Timesheet Detail,تفاصيل الجدول الزمني,
Tax Amount After Discount Amount (Company Currency),مبلغ الضريبة بعد خصم مبلغ (شركة العملات),
Item Wise Tax Detail,تفصيل ضريبة وفقاً للصنف,
Parenttype,Parenttype,
"Standard tax template that can be applied to all Sales Transactions. This template can contain list of tax heads and also other expense / income heads like ""Shipping"", ""Insurance"", ""Handling"" etc.\n\n#### Note\n\nThe tax rate you define here will be the standard tax rate for all **Items**. If there are **Items** that have different rates, they must be added in the **Item Tax** table in the **Item** master.\n\n#### Description of Columns\n\n1. Calculation Type: \n    - This can be on **Net Total** (that is the sum of basic amount).\n    - **On Previous Row Total / Amount** (for cumulative taxes or charges). If you select this option, the tax will be applied as a percentage of the previous row (in the tax table) amount or total.\n    - **Actual** (as mentioned).\n2. Account Head: The Account ledger under which this tax will be booked\n3. Cost Center: If the tax / charge is an income (like shipping) or expense it needs to be booked against a Cost Center.\n4. Description: Description of the tax (that will be printed in invoices / quotes).\n5. Rate: Tax rate.\n6. Amount: Tax amount.\n7. Total: Cumulative total to this point.\n8. Enter Row: If based on ""Previous Row Total"" you can select the row number which will be taken as a base for this calculation (default is the previous row).\n9. Is this Tax included in Basic Rate?: If you check this, it means that this tax will not be shown below the item table, but will be included in the Basic Rate in your main item table. This is useful where you want give a flat price (inclusive of all taxes) price to customers.","قالب الضرائب القياسية التي يمكن تطبيقها على جميع عمليات البيع. يمكن أن يحتوي هذا القالب قائمة رؤساء الضريبية، وكذلك غيرهم من رؤساء حساب / الدخل مثل ""شحن""، ""التأمين""، ""معالجة""، وغيرها \n\n #### ملاحظة \n\n معدل الضريبة لك تعريف هنا سوف يكون معدل الضريبة موحد لجميع الأصناف ** **. إذا كانت هناك بنود ** ** التي لها أسعار مختلفة، وأنها يجب أن يضاف في * الضرائب الصنف ** الجدول في الصنف ** ** الرئيسي.\n\n #### وصف الأعمدة \n\n 1. نوع الحساب: \n - وهذا يمكن أن يكون على ** صافي إجمالي ** (وهذا هو مجموع المبلغ الأساسي).\n - ** في الصف السابق الكل / المكونات ** (للضرائب أو رسوم التراكمية). إذا قمت بتحديد هذا الخيار، سيتم تطبيق الضريبة كنسبة مئوية من الصف السابق (في الجدول الضرائب) كمية أو المجموع.\n - ** ** الفعلية (كما ذكر).\n 2. رئيس الحساب: حساب دفتر الأستاذ والتي بموجبها سيتم حجز هذه الضريبة \n 3. مركز التكلفة: إذا الضرائب / الرسوم هو الدخل (مثل الشحن) أو حساب فإنه يحتاج إلى أن يتم الحجز مقابل مركز التكلفة.\n 4. الوصف: وصف الضريبية (التي ستتم طباعتها في الفواتير / الاقتباس).\n 5. معدل: معدل الضريبة.\n 6. المبلغ: مبلغ الضرائب.\n 7. المجموع: مجموعه التراكمي لهذه النقطة.\n 8. أدخل الصف: إذا كان على أساس ""السابق صف إجمالي"" يمكنك تحديد عدد الصفوف التي سيتم اتخاذها كقاعدة لهذا الحساب (الافتراضي هو الصف السابق).\n 9. هل هذه الضريبة متضمنة في سعر الأساسية؟: إذا قمت بتحديد هذا، فهذا يعني أنه لن يتم عرض هذه الضريبة أسفل الجدول الصنف، ولكن سوف تدرج في المعدل الأساسي في الجدول الصنف الرئيسي الخاص بك. وهذا مفيد حيث تريد إعطاء سعر شقة (شاملة لجميع الضرائب) السعر للعملاء.",
* Will be calculated in the transaction.,* سيتم احتسابه في المعاملة.,
From No,من رقم,
To No,إلى لا,
Is Company,هي الشركة,
Current State,الوضع الحالي,
Purchased,اشترى,
From Shareholder,من المساهم,
From Folio No,من فوليو نو,
To Shareholder,للمساهم,
To Folio No,إلى الورقة رقم,
Equity/Liability Account,حساب الأسهم / المسؤولية,
Asset Account,حساب الأصول,
(including),(تتضمن),
ACC-SH-.YYYY.-,ACC-SH-.YYYY.-,
Folio no.,فوليو نو.,
Address and Contacts,عناوين واتصالات,
Contact List,قائمة جهات الاتصال,
Hidden list maintaining the list of contacts linked to Shareholder,قائمة مخفية الحفاظ على قائمة من الاتصالات المرتبطة المساهم,
Specify conditions to calculate shipping amount,تحديد شروط لحساب كمية الشحن,
Shipping Rule Label,ملصق قاعدة الشحن,
example: Next Day Shipping,مثال:شحن اليوم التالي,
Shipping Rule Type,نوع القاعدة الشحن,
Shipping Account,حساب الشحن,
Calculate Based On,إحسب الربح بناءً على,
Fixed,ثابت,
Net Weight,الوزن الصافي,
Shipping Amount,مبلغ الشحن,
Shipping Rule Conditions,شروط قاعدة الشحن,
Restrict to Countries,تقييد البلدان,
Valid for Countries,صالحة للبلدان,
Shipping Rule Condition,حالة قاعدة الشحن,
A condition for a Shipping Rule,شرط للحصول على قانون الشحن,
From Value,من القيمة,
To Value,إلى القيمة,
Shipping Rule Country,بلد قاعدة الشحن,
Subscription Period,فترة الاكتتاب,
Subscription Start Date,تاريخ بدء الاشتراك,
Cancelation Date,تاريخ الإلغاء,
Trial Period Start Date,فترة بداية الفترة التجريبية,
Trial Period End Date,تاريخ انتهاء الفترة التجريبية,
Current Invoice Start Date,تاريخ بدء الفاتورة الحالي,
Current Invoice End Date,تاريخ انتهاء الفاتورة الحالي,
Days Until Due,أيام حتى موعد الاستحقاق,
Number of days that the subscriber has to pay invoices generated by this subscription,عدد الأيام التي يتعين على المشترك دفع الفواتير الناتجة عن هذا الاشتراك,
Cancel At End Of Period,الغاء في نهاية الفترة,
Generate Invoice At Beginning Of Period,توليد فاتورة في بداية الفترة,
Plans,خطط,
Discounts,الخصومات,
Additional DIscount Percentage,نسبة خصم إضافي,
Additional DIscount Amount,مقدار الخصم الاضافي,
Subscription Invoice,فاتورة الاشتراك,
Subscription Plan,خطة الاشتراك,
Cost,كلفة,
Billing Interval,فواتير الفوترة,
Billing Interval Count,عدد الفواتير الفوترة,
"Number of intervals for the interval field e.g if Interval is 'Days' and Billing Interval Count is 3, invoices will be generated every 3 days","عدد الفواصل الزمنية للحقل الفاصل على سبيل المثال، إذا كانت الفاصل الزمني هو ""أيام"" وعدد الفوترة للفوترة هو 3، فسيتم إنشاء الفواتير كل 3 أيام",
Payment Plan,خطة الدفع,
Subscription Plan Detail,تفاصيل خطة الاشتراك,
Plan,خطة,
Subscription Settings,إعدادات الاشتراك,
Grace Period,فترة سماح,
Number of days after invoice date has elapsed before canceling subscription or marking subscription as unpaid,عدد الأيام التي انقضت بعد تاريخ الفاتورة قبل إلغاء الاشتراك أو وضع علامة على الاشتراك كمبلغ غير مدفوع,
Prorate,بنسبة كذا,
Tax Rule,القاعدة الضريبية,
Tax Type,نوع الضريبة,
Use for Shopping Cart,استخدم لسلة التسوق,
Billing City,مدينة الفوترة,
Billing County,إقليم الفواتير,
Billing State,الدولة الفواتير,
Billing Zipcode,الرمز البريدي للفواتير,
Billing Country,بلد إرسال الفواتير,
Shipping City,مدينة الشحن,
Shipping County,مقاطعة البريدية,
Shipping State,الدولة الشحن,
Shipping Zipcode,الشحن الرمز البريدي,
Shipping Country,دولة الشحن,
Tax Withholding Account,حساب حجب الضرائب,
Tax Withholding Rates,أسعار الخصم الضريبي,
Rates,معدلات,
Tax Withholding Rate,سعر الخصم الضريبي,
Single Transaction Threshold,عتبة معاملة واحدة,
Cumulative Transaction Threshold,عتبة المعاملة التراكمية,
Agriculture Analysis Criteria,معايير التحليل الزراعي,
Linked Doctype,يرتبط نوع المستند,
Water Analysis,تحليل المياه,
Soil Analysis,تحليل التربة,
Plant Analysis,تحليل النباتات,
Fertilizer,سماد,
Soil Texture,قوام التربة,
Weather,طقس,
Agriculture Manager,مدير الزراعة,
Agriculture User,مستخدم بالقطاع الزراعي,
Agriculture Task,مهمة زراعية,
Task Name,اسم المهمة,
Start Day,تبدأ اليوم,
End Day,نهاية اليوم,
Holiday Management,إدارة العطلات,
Ignore holidays,تجاهل العطلات,
Previous Business Day,يوم العمل السابق,
Next Business Day,يوم العمل التالي,
Urgent,عاجل,
Crop Name,اسم المحصول,
Scientific Name,الاسم العلمي,
"You can define all the tasks which need to carried out for this crop here. The day field is used to mention the day on which the task needs to be carried out, 1 being the 1st day, etc.. ",يمكنك تحديد جميع المهام التي تحتاج إلى القيام بها لهذا المحصول هنا. يستخدم حقل اليوم لذكر اليوم الذي يجب أن يتم تنفيذ المهمة، 1 هو اليوم الأول، الخ.,
Crop Spacing,تباعد المحاصيل,
Crop Spacing UOM,تباعد المحاصيل أوم,
Row Spacing,المسافة بين السطور,
Row Spacing UOM,تباعد الصفوم أوم,
Perennial,الدائمة,
Biennial,مرة كل سنتين,
Planting UOM,زراعة أوم,
Planting Area,زرع,
Yield UOM,العائد أوم,
Materials Required,المواد المطلوبة,
Produced Items,الأصناف المنتجة,
Produce,إنتاج,
Byproducts,منتجات جانبية,
Linked Location,الموقع المرتبط,
A link to all the Locations in which the Crop is growing,رابط لجميع المواقع التي ينمو فيها المحصول,
This will be day 1 of the crop cycle,وسيكون هذا اليوم 1 من دورة المحاصيل,
ISO 8601 standard,معيار ISO 8601,
Cycle Type,نوع الدورة,
Less than a year,أقل من عام,
The minimum length between each plant in the field for optimum growth,الحد الأدنى لطول كل محطة في الميدان لتحقيق النمو الأمثل,
The minimum distance between rows of plants for optimum growth,الحد الأدنى للمسافة بين صفوف النباتات للنمو الأمثل,
Detected Diseases,الأمراض المكتشفة,
List of diseases detected on the field. When selected it'll automatically add a list of tasks to deal with the disease ,قائمة الأمراض المكتشفة في الميدان. عند اختيارها سوف تضيف تلقائيا قائمة من المهام للتعامل مع المرض,
Detected Disease,مرض مكتشف,
LInked Analysis,تحليل ملزم,
Disease,مرض,
Tasks Created,المهام التي تم إنشاؤها,
Common Name,اسم شائع,
Treatment Task,العلاج المهمة,
Treatment Period,فترة العلاج,
Fertilizer Name,اسم السماد,
Density (if liquid),الكثافة (إذا كانت سائلة),
Fertilizer Contents,محتوى الاسمدة,
Fertilizer Content,محتوى الاسمدة,
Linked Plant Analysis,تحليل النباتات المرتبطة,
Linked Soil Analysis,تحليل التربة المرتبط,
Linked Soil Texture,مرتبط، تربة، بنية,
Collection Datetime,جمع داتيتيم,
Laboratory Testing Datetime,اختبار المختبر داتيتيم,
Result Datetime,النتيجة داتيتيم,
Plant Analysis Criterias,معمل تحليل النبات,
Plant Analysis Criteria,معايير تحليل النباتات,
Minimum Permissible Value,الحد الأدنى للقيمة المسموح بها,
Maximum Permissible Value,القيمة القصوى المسموح بها,
Ca/K,Ca/K,
Ca/Mg,كا / المغنيسيوم,
Mg/K,ملغ / كيلو,
(Ca+Mg)/K,(الكالسيوم +المغنيسيوم ) / ك,
Ca/(K+Ca+Mg),كاليفورنيا / (K + الكالسيوم + المغنيسيوم),
Soil Analysis Criterias,معايير تحليل التربة,
Soil Analysis Criteria,معايير تحليل التربة,
Soil Type,نوع التربة,
Loamy Sand,التربة الطميية,
Sandy Loam,ساندي لوم,
Loam,طين,
Silt Loam,الطمي الطميية,
Sandy Clay Loam,التربة الطينية الخصبة,
Clay Loam,تربة طينية,
Silty Clay Loam,سيلتي كلاي لوم,
Sandy Clay,الصلصال الرملي,
Silty Clay,الطين الغريني,
Clay Composition (%),تركيب الطين (%),
Sand Composition (%),تكوين الرمل (%),
Silt Composition (%),تكوين الطمي (%),
Ternary Plot,مؤامرة ثلاثية,
Soil Texture Criteria,معايير نسيج التربة,
Type of Sample,نوع العينة,
Container,حاوية,
Origin,الأصل,
Collection Temperature ,درجة حرارة المجموعة,
Storage Temperature,درجة حرارة التخزين,
Appearance,المظهر الخارجي,
Person Responsible,الشخص المسؤول,
Water Analysis Criteria,معايير تحليل المياه,
Weather Parameter,معلمة الطقس,
ACC-ASS-.YYYY.-,ACC-ASS-.YYYY.-,
Asset Owner,مالك الأصول,
Asset Owner Company,شركة أسيت أونر,
Custodian,وصي,
Disposal Date,تاريخ التخلص,
Journal Entry for Scrap,قيد دفتر يومية للتخريد,
Available-for-use Date,التاريخ المتاح للاستخدام,
Calculate Depreciation,حساب الاهلاك,
Allow Monthly Depreciation,السماح للاستهلاك الشهري,
Number of Depreciations Booked,عدد الاهلاكات المستنفده مسبقا,
Finance Books,كتب المالية,
Straight Line,خط مستقيم,
Double Declining Balance,اهلاك تناقصي,
Manual,يدوي,
Value After Depreciation,القيمة بعد الاستهلاك,
Total Number of Depreciations,إجمالي عدد التلفيات,
Frequency of Depreciation (Months),تواتر او تكرار الاهلاك (أشهر),
Next Depreciation Date,تاريخ االاستهالك التالي,
Depreciation Schedule,جدول الاهلاك الزمني,
Depreciation Schedules,جداول الاهلاك الزمنية,
Insurance details,تفاصيل التأمين,
Policy number,رقم مركز الشرطه,
Insurer,شركة التأمين,
Insured value,قيمة المؤمن,
Insurance Start Date,تاريخ بداية التأمين,
Insurance End Date,تاريخ انتهاء التأمين,
Comprehensive Insurance,تأمين شامل,
Maintenance Required,صيانة مطلوبة,
Check if Asset requires Preventive Maintenance or Calibration,تحقق مما إذا كان الأصل تتطلب الصيانة الوقائية أو المعايرة,
Booked Fixed Asset,حجز الأصول الثابتة,
Purchase Receipt Amount,مبلغ استلام الشراء,
Default Finance Book,دفتر المالية الافتراضي,
Quality Manager,مدير الجودة,
Asset Category Name,اسم فئة الأصول,
Depreciation Options,خيارات الإهلاك,
Enable Capital Work in Progress Accounting,تمكين العمل في رأس المال,
Finance Book Detail,كتاب المالية التفاصيل,
Asset Category Account,حساب فئة الأصول,
Fixed Asset Account,حساب الأصول الثابتة,
Accumulated Depreciation Account,حساب الاستهلاك المتراكم,
Depreciation Expense Account,حساب نفقات الاهلاك,
Capital Work In Progress Account,حساب رأس المال قيد التنفيذ,
Asset Finance Book,كتاب الأصول المالية,
Written Down Value,القيمة المكتوبة,
Expected Value After Useful Life,القيمة المتوقعة بعد حياة مفيدة,
Rate of Depreciation,معدل الاستهلاك,
In Percentage,في المئة,
Maintenance Team,فريق الصيانة,
Maintenance Manager Name,اسم مدير الصيانة,
Maintenance Tasks,مهام الصيانة,
Manufacturing User,مستخدم التصنيع,
Asset Maintenance Log,سجل صيانة الأصول,
ACC-AML-.YYYY.-,ACC-AML-.YYYY.-,
Maintenance Type,نوع الصيانة,
Maintenance Status,حالة الصيانة,
Planned,مخطط,
Has Certificate ,لديه شهادة,
Certificate,شهادة,
Actions performed,الإجراءات المنجزة,
Asset Maintenance Task,مهمة صيانة الأصول,
Maintenance Task,مهمة الصيانة,
Preventive Maintenance,الصيانة الوقائية,
Calibration,معايرة,
2 Yearly,عامين,
Certificate Required,الشهادة مطلوبة,
Assign to Name,تعيين للاسم,
Next Due Date,موعد الاستحقاق التالي,
Last Completion Date,تاريخ الانتهاء الأخير,
Asset Maintenance Team,فريق صيانة الأصول,
Maintenance Team Name,اسم فريق الصيانة,
Maintenance Team Members,أعضاء فريق الصيانة,
Purpose,غرض,
Stock Manager,مدير المخزن,
Asset Movement Item,بند حركة الأصول,
Source Location,موقع المصدر,
From Employee,من الموظف,
Target Location,الموقع المستهدف,
To Employee,إلى الموظف,
Asset Repair,إصلاح الأصول,
ACC-ASR-.YYYY.-,ACC-ASR-.YYYY.-,
Failure Date,تاريخ الفشل,
Assign To Name,تعيين إلى اسم,
Repair Status,حالة الإصلاح,
Error Description,وصف خاطئ,
Downtime,التوقف,
Repair Cost,تكلفة الإصلاح,
Manufacturing Manager,مدير التصنيع,
Current Asset Value,قيمة الأصول الحالية,
New Asset Value,قيمة الأصول الجديدة,
Make Depreciation Entry,انشئ قيد اهلاك,
Finance Book Id,رقم دفتر تمويل,
Location Name,اسم الموقع,
Parent Location,الموقع الأم,
Is Container,حاوية,
Check if it is a hydroponic unit,تحقق ما إذا كان هو وحدة الزراعة المائية,
Location Details,تفاصيل الموقع,
Latitude,خط العرض,
Longitude,خط الطول,
Area,منطقة,
Area UOM,وحدة قياس المساحة,
Tree Details,تفاصيل شجرة,
Maintenance Team Member,عضو فريق الصيانة,
Team Member,أعضاء الفريق,
Maintenance Role,صلاحية الصيانة,
Buying Settings,إعدادات الشراء,
Settings for Buying Module,إعدادات لشراء وحدة,
Supplier Naming By,المورد تسمية بواسطة,
Default Supplier Group,مجموعة الموردين الافتراضية,
Default Buying Price List,قائمة اسعار الشراء الافتراضية,
Backflush Raw Materials of Subcontract Based On,Backflush المواد الخام من العقد من الباطن,
Material Transferred for Subcontract,المواد المنقولة للعقود من الباطن,
Over Transfer Allowance (%),بدل النقل (%),
Percentage you are allowed to transfer more against the quantity ordered. For example: If you have ordered 100 units. and your Allowance is 10% then you are allowed to transfer 110 units.,النسبة المئوية المسموح لك بنقلها أكثر مقابل الكمية المطلوبة. على سبيل المثال: إذا كنت قد طلبت 100 وحدة. والبدل الخاص بك هو 10 % ثم يسمح لك بنقل 110 وحدات.,
PUR-ORD-.YYYY.-,PUR-ORD-.YYYY.-,
Get Items from Open Material Requests,الحصول على عناصر من طلبات فتح المواد,
Fetch items based on Default Supplier.,جلب الأصناف على أساس المورد الافتراضي.,
Required By,المطلوبة من قبل,
Order Confirmation No,رقم تأكيد الطلب,
Order Confirmation Date,تاريخ تأكيد الطلب,
Customer Mobile No,رقم محمول العميل,
Customer Contact Email,البريد الإلكتروني للعميل,
Set Target Warehouse,حدد المستودع الوجهة,
Sets 'Warehouse' in each row of the Items table.,"يعيّن ""المستودع"" في كل صف من جدول الأصناف.",
Supply Raw Materials,توريد المواد الخام,
Purchase Order Pricing Rule,قاعدة تسعير أمر الشراء,
Set Reserve Warehouse,تعيين مستودع الاحتياطي,
In Words will be visible once you save the Purchase Order.,سيظهر المبلغ كتابةً بمجرد حفظ أمر الشراء.,
Advance Paid,الدفعات المقدمة,
Tracking,تتبع,
% Billed,% فوترت,
% Received,تم استلام%,
Ref SQ,المرجع SQ,
Inter Company Order Reference,مرجع طلب شركة Inter,
Supplier Part Number,رقم قطعة المورد,
Billed Amt,فوترة AMT,
Warehouse and Reference,مستودع والمراجع,
To be delivered to customer,ليتم تسليمها إلى العملاء,
Material Request Item,صنف المواد المطلوبة,
Supplier Quotation Item,المورد اقتباس الإغلاق,
Against Blanket Order,ضد بطانية النظام,
Blanket Order,أمر بطانية,
Blanket Order Rate,بطالة سعر النظام,
Returned Qty,عاد الكمية,
Purchase Order Item Supplied,الأصناف المزوده بامر الشراء,
BOM Detail No,رقم تفاصيل قائمة المواد,
Stock Uom,وحدة القياس,
Raw Material Item Code,قانون المواد الخام المدينة,
Supplied Qty,الموردة الكمية,
Purchase Receipt Item Supplied,شراء الصنف استلام الموردة,
Current Stock,المخزون الحالية,
PUR-RFQ-.YYYY.-,PUR-RFQ-.YYYY.-,
For individual supplier,عن مورد فردي,
Link to Material Requests,رابط لطلبات المواد,
Message for Supplier,رسالة لمزود,
Request for Quotation Item,طلب تسعيرة الصنف,
Required Date,تاريخ المطلوبة,
Request for Quotation Supplier,طلب تسعيرة مزود,
Send Email,إرسال بريد الإلكتروني,
Quote Status,حالة المناقصة,
Download PDF,تحميل PDF,
Supplier of Goods or Services.,المورد من السلع أو الخدمات.,
Name and Type,اسم ونوع,
SUP-.YYYY.-,SUP-.YYYY.-,
Default Bank Account,حساب المصرف الافتراضي,
Is Transporter,شركة نقل,
Represents Company,يمثل الشركة,
Supplier Type,نوع المورد,
Allow Purchase Invoice Creation Without Purchase Order,السماح بإنشاء فاتورة المشتريات بدون أمر الشراء,
Allow Purchase Invoice Creation Without Purchase Receipt,السماح بإنشاء فاتورة المشتريات بدون إذن الاستلام,
Warn RFQs,تحذير رفق,
Warn POs,تحذير نقاط الشراء,
Prevent RFQs,منع رفق,
Prevent POs,منع نقاط الشراء,
Billing Currency,عملة الفوترة,
Default Payment Terms Template,قالب شروط الدفع الافتراضي,
Block Supplier,حظر المورد,
Hold Type,نوع التعليق,
Leave blank if the Supplier is blocked indefinitely,اتركه فارغًا إذا تم حظر المورد إلى أجل غير مسمى,
Default Payable Accounts,الحسابات الدائنة الافتراضي,
Mention if non-standard payable account,أذكر إذا كان الحساب غير القياسي مستحق الدفع,
Default Tax Withholding Config,الافتراضي حجب الضرائب التكوين,
Supplier Details,بيانات المورد,
Statutory info and other general information about your Supplier,معلومات قانونية ومعلومات عامة أخرى عن بريدا,
PUR-SQTN-.YYYY.-,PUR-SQTN-.YYYY.-,
Supplier Address,عنوان المورد,
Link to material requests,رابط لطلبات المادية,
Rounding Adjustment (Company Currency,تعديل التقريب (عملة الشركة,
Auto Repeat Section,تكرار تلقائي للقسم,
Is Subcontracted,وتعاقد من الباطن,
Lead Time in days,المهلة بالايام,
Supplier Score,المورد نقاط,
Indicator Color,لون المؤشر,
Evaluation Period,فترة التقييم,
Per Week,في الاسبوع,
Per Month,كل شهر,
Per Year,كل سنة,
Scoring Setup,سجل الإعداد,
Weighting Function,وظيفة الترجيح,
"Scorecard variables can be used, as well as:\n{total_score} (the total score from that period),\n{period_number} (the number of periods to present day)\n",يمكن استخدام متغيرات بطاقة النقاط، وكذلك: {total_score} (إجمالي النقاط من تلك الفترة)، {period_number} (عدد الفترات حتى اليوم),
Scoring Standings,ترتيب الترتيب,
Criteria Setup,إعداد المعايير,
Load All Criteria,تحميل جميع المعايير,
Scoring Criteria,معايير التسجيل,
Scorecard Actions,إجراءات بطاقة الأداء,
Warn for new Request for Quotations,تحذير لطلب جديد للاقتباسات,
Warn for new Purchase Orders,تحذير لأوامر الشراء الجديدة,
Notify Supplier,إعلام المورد,
Notify Employee,إعلام الموظف,
Supplier Scorecard Criteria,معايير بطاقة تقييم الموردين,
Criteria Name,اسم المعايير,
Max Score,أقصى درجة,
Criteria Formula,معايير الصيغة,
Criteria Weight,معايير الوزن,
Supplier Scorecard Period,المورد بطاقة الأداء,
PU-SSP-.YYYY.-,PU-SSP-.YYYY.-,
Period Score,فترة النتيجة,
Calculations,العمليات الحسابية,
Criteria,المعايير,
Variables,المتغيرات,
Supplier Scorecard Setup,إعداد بطاقة الأداء المورد,
Supplier Scorecard Scoring Criteria,معايير سجل نقاط الأداء للموردين,
Score,أحرز هدفاً,
Supplier Scorecard Scoring Standing,المورد بطاقة الأداء التهديف الدائمة,
Standing Name,اسم الدائمة,
Purple,أرجواني,
Yellow,الأصفر,
Orange,البرتقالي,
Min Grade,دقيقة الصف,
Max Grade,ماكس الصف,
Warn Purchase Orders,تحذير أوامر الشراء,
Prevent Purchase Orders,منع أوامر الشراء,
Employee ,موظف,
Supplier Scorecard Scoring Variable,سجل الأداء بطاقة الأداء المتغير,
Variable Name,اسم المتغير,
Parameter Name,اسم المعلمة,
Supplier Scorecard Standing,المورد بطاقة الأداء الدائمة,
Notify Other,إعلام الآخرين,
Supplier Scorecard Variable,مورد بطاقة الأداء المتغير,
Call Log,سجل المكالمات,
Received By,استلمت من قبل,
Caller Information,معلومات المتصل,
Contact Name,اسم جهة الاتصال,
Lead ,عميل محتمل,
Lead Name,اسم الزبون المحتمل,
Ringing,رنين,
Missed,افتقد,
Call Duration in seconds,مدة المكالمة بالثواني,
Recording URL,تسجيل الرابط,
Communication Medium,الاتصالات متوسطة,
Communication Medium Type,الاتصالات المتوسطة النوع,
Voice,صوت,
Catch All,قبض على الكل,
"If there is no assigned timeslot, then communication will be handled by this group",إذا لم يكن هناك مهلة زمنية محددة، فسيتم التعامل مع الاتصالات من قبل هذه المجموعة,
Timeslots,فتحات الوقت,
Communication Medium Timeslot,الاتصالات المتوسطة Timeslot,
Employee Group,مجموعة الموظفين,
Appointment,موعد,
Scheduled Time,جدول زمني,
Unverified,غير مثبت عليه,
Customer Details,بيانات العميل,
Skype ID,هوية السكايب,
Appointment With,موعد مع,
Calendar Event,حدث التقويم,
Appointment Booking Settings,إعدادات حجز المواعيد,
Enable Appointment Scheduling,تمكين جدولة موعد,
Agent Details,تفاصيل الوكيل,
Availability Of Slots,توافر فتحات,
Number of Concurrent Appointments,عدد المواعيد المتزامنة,
Agents,عملاء,
Appointment Details,تفاصيل الموعد,
Appointment Duration (In Minutes),مدة التعيين (بالدقائق),
Notify Via Email,إخطار عبر البريد الإلكتروني,
Notify customer and agent via email on the day of the appointment.,إخطار العميل والوكيل عبر البريد الإلكتروني في يوم الموعد.,
Number of days appointments can be booked in advance,عدد أيام يمكن حجز المواعيد مقدما,
Success Settings,إعدادات النجاح,
Success Redirect URL,نجاح إعادة توجيه الرابط,
"Leave blank for home.\nThis is relative to site URL, for example ""about"" will redirect to ""https://yoursitename.com/about""","اتركه فارغًا للمنزل. هذا مرتبط بعنوان الرابط للموقع، على سبيل المثال ""about"" ستتم إعادة التوجيه إلى ""https://yoursitename.com/about""",
Appointment Booking Slots,حجز موعد الشقوق,
Day Of Week,يوم من الأسبوع,
From Time ,من وقت,
Campaign Email Schedule,جدول البريد الإلكتروني للحملة,
Send After (days),إرسال بعد (أيام),
Signed,وقعت,
Party User,مستخدم الحزب,
Unsigned,غير موقعة,
Fulfilment Status,حالة الوفاء,
N/A,N / A,
Unfulfilled,لم تتحقق,
Partially Fulfilled,تمت جزئيا,
Fulfilled,استيفاء,
Lapsed,ساقطا,
Contract Period,مدة العقد,
Signee Details,تفاصيل المنشور,
Signee,Signee,
Signed On,تم تسجيل الدخول,
Contract Details,تفاصيل العقد,
Contract Template,قالب العقد,
Contract Terms,شروط العقد,
Fulfilment Details,تفاصيل الاستيفاء,
Requires Fulfilment,يتطلب وفاء,
Fulfilment Deadline,الموعد النهائي للوفاء,
Fulfilment Terms,شروط الوفاء,
Contract Fulfilment Checklist,قائمة مراجعة إنجاز العقد,
Requirement,المتطلبات,
Contract Terms and Conditions,شروط وأحكام العقد,
Fulfilment Terms and Conditions,شروط وأحكام الوفاء,
Contract Template Fulfilment Terms,شروط استيفاء قالب العقد,
Email Campaign,حملة البريد الإلكتروني,
Email Campaign For ,حملة البريد الإلكتروني ل,
Lead is an Organization,الزبون المحتمل هو منظمة,
CRM-LEAD-.YYYY.-,CRM-LEAD-.YYYY.-,
Person Name,اسم الشخص,
Lost Quotation,تسعيرة خسر,
Interested,مهتم,
Converted,تحويل,
Do Not Contact,عدم الاتصال,
From Customer,من العملاء,
Campaign Name,اسم الحملة,
Follow Up,متابعة,
Next Contact By,جهة الاتصال التالية بواسطة,
Next Contact Date,تاريخ جهة الاتصال التالية,
Ends On,ينتهي في,
Address & Contact,معلومات الاتصال والعنوان,
Mobile No.,رقم الجوال,
Lead Type,نوع الزبون المحتمل,
Channel Partner,شريك القناة,
Consultant,مستشار,
Market Segment,سوق القطاع,
Industry,صناعة,
Request Type,طلب نوع,
Product Enquiry,الإستفسار عن المنتج,
Request for Information,طلب المعلومات,
Suggestions,اقتراحات,
Blog Subscriber,مدونه المشترك,
LinkedIn Settings,إعدادات LinkedIn,
Company ID,هوية الشركة,
OAuth Credentials,بيانات اعتماد OAuth,
Consumer Key,مفتاح المستهلك,
Consumer Secret,سر المستهلك,
User Details,بيانات المستخدم,
Person URN,شخص URN,
Session Status,حالة الجلسة,
Lost Reason Detail,تفاصيل السبب المفقود,
Opportunity Lost Reason,فرصة ضائعة السبب,
Potential Sales Deal,المبيعات المحتملة صفقة,
CRM-OPP-.YYYY.-,CRM-OPP-.YYYY.-,
Opportunity From,فرصة من,
Customer / Lead Name,العميل/ اسم العميل المحتمل,
Opportunity Type,نوع الفرصة,
Converted By,تحويل بواسطة,
Sales Stage,مرحلة المبيعات,
Lost Reason,فقد السبب,
Expected Closing Date,تاريخ الإغلاق المتوقع,
To Discuss,لمناقشة,
With Items,مع الأصناف,
Probability (%),احتمالا (%),
Contact Info,معلومات الاتصال,
Customer / Lead Address,العميل/ عنوان العميل المحتمل,
Contact Mobile No,جوال جهة الاتصال,
Enter name of campaign if source of enquiry is campaign,أدخل اسم الحملة إذا كان مصدر من التحقيق هو حملة,
Opportunity Date,تاريخ الفرصة,
Opportunity Item,فرصة الصنف,
Basic Rate,قيم الأساسية,
Stage Name,اسم المرحلة,
Social Media Post,وسائل التواصل الاجتماعي,
Post Status,وضع آخر,
Posted,تم النشر,
Share On,مشاركه فى,
Twitter,تويتر,
LinkedIn,ينكدين,
Twitter Post Id,معرف منشور Twitter,
LinkedIn Post Id,معرّف مشاركة LinkedIn,
Tweet,سقسقة,
Twitter Settings,إعدادات Twitter,
API Secret Key,المفتاح السري لواجهة برمجة التطبيقات,
Term Name,اسم الشرط,
Term Start Date,تاريخ بدء الشرط,
Term End Date,تاريخ انتهاء الشرط,
Academics User,المستخدمين الأكادميين,
Academic Year Name,اسم عام الدراسي,
Article,مقالة - سلعة,
LMS User,LMS المستخدم,
Assessment Criteria Group,مجموعة معايير تقييم,
Assessment Group Name,اسم مجموعة التقييم,
Parent Assessment Group,مجموعة التقييم الأب,
Assessment Name,اسم تقييم,
Grading Scale,مقياس الدرجات,
Examiner,ممتحن,
Examiner Name,اسم الممتحن,
Supervisor,مشرف,
Supervisor Name,اسم المشرف,
Evaluate,تقييم,
Maximum Assessment Score,النتيجة القصوى للتقييم,
Assessment Plan Criteria,معايير خطة التقييم,
Maximum Score,الدرجة القصوى,
Grade,درجة,
Assessment Result Detail,تفاصيل نتيجة التقييم,
Assessment Result Tool,أداة نتيجة التقييم,
Result HTML,نتيجة HTML,
Content Activity,نشاط المحتوى,
Last Activity ,النشاط الاخير,
Content Question,سؤال المحتوى,
Question Link,رابط السؤال,
Course Name,اسم المقرر التعليمي,
Topics,المواضيع,
Hero Image,صورة البطل,
Default Grading Scale,مقياس الدرجات الافتراضي,
Education Manager,مدير التعليم,
Course Activity,نشاط الدورة,
Course Enrollment,تسجيل بالطبع,
Activity Date,تاريخ النشاط,
Course Assessment Criteria,معايير تقييم المقرر التعليمي,
Weightage,الوزن,
Course Content,محتوى الدورة,
Quiz,لغز,
Program Enrollment,ادراج البرنامج,
Enrollment Date,تاريخ التسجيل,
Instructor Name,اسم المحاضر,
EDU-CSH-.YYYY.-,EDU-CSH-.YYYY.-,
Course Scheduling Tool,أداة الجدول الزمني للمقرر التعليمي,
Course Start Date,تاريخ بدء المقرر التعليمي,
To TIme,إلى وقت,
Course End Date,تاريخ انتهاء المقرر التعليمي,
Course Topic,موضوع الدورة,
Topic Name,اسم الموضوع,
Education Settings,إعدادات التعليم,
Current Academic Year,السنة الدراسية الحالية,
Current Academic Term,المدة الأكاديمية الحالية,
Attendance Freeze Date,تاريخ تجميد الحضور,
Validate Batch for Students in Student Group,التحقق من صحة الدفعة للطلاب في مجموعة الطلاب,
"For Batch based Student Group, the Student Batch will be validated for every Student from the Program Enrollment.",بالنسبة لمجموعة الطالب القائمة على الدفعة، سيتم التحقق من الدفعة الطالب لكل طالب من تسجيل البرنامج.,
Validate Enrolled Course for Students in Student Group,التحقق من صحة دورة المسجلين للطلاب في مجموعة الطلاب,
"For Course based Student Group, the Course will be validated for every Student from the enrolled Courses in Program Enrollment.",بالنسبة للطلاب مجموعة مقرها دورة، سيتم التحقق من صحة الدورة لكل طالب من الدورات المسجلة في التسجيل البرنامج.,
Make Academic Term Mandatory,جعل الأكاديمي المدة إلزامية,
"If enabled, field Academic Term will be Mandatory in Program Enrollment Tool.",إذا تم تمكينه، فسيكون الحقل الدراسي الأكاديمي إلزاميًا في أداة انتساب البرنامج.,
Skip User creation for new Student,تخطي إنشاء المستخدم للطالب الجديد,
"By default, a new User is created for every new Student. If enabled, no new User will be created when a new Student is created.",افتراضيًا، يتم إنشاء مستخدم جديد لكل طالب جديد. في حالة التمكين، لن يتم إنشاء مستخدم جديد عند إنشاء طالب جديد.,
Instructor Records to be created by,سجلات المعلم ليتم إنشاؤها من قبل,
Employee Number,رقم الموظف,
Fee Category,فئة الرسوم,
Fee Component,مكون رسوم,
Fees Category,فئة الرسوم,
Fee Schedule,جدول التكاليف,
Fee Structure,هيكلية الرسوم,
EDU-FSH-.YYYY.-,EDU-FSH-.YYYY.-,
Fee Creation Status,حالة إنشاء الرسوم,
In Process,في عملية,
Send Payment Request Email,إرسال طلب الدفع البريد الإلكتروني,
Student Category,طالب الفئة,
Fee Breakup for each student,رسوم فصل لكل طالب,
Total Amount per Student,إجمالي المبلغ لكل طالب,
Institution,مؤسسة,
Fee Schedule Program,برنامج جدول الرسوم,
Student Batch,دفعة طالب,
Total Students,مجموع الطلاب,
Fee Schedule Student Group,جدول الرسوم مجموعة الطلاب,
EDU-FST-.YYYY.-,EDU-FST-.YYYY.-,
EDU-FEE-.YYYY.-,EDU-FEE-.YYYY.-,
Include Payment,يشمل الدفع,
Send Payment Request,إرسال طلب الدفع,
Student Details,تفاصيل الطالب,
Student Email,البريد الإلكتروني للطالب,
Grading Scale Name,الدرجات اسم النطاق,
Grading Scale Intervals,فواصل درجات مقياس,
Intervals,فترات,
Grading Scale Interval,درجات مقياس الفاصل الزمني,
Grade Code,كود الصف,
Threshold,العتبة,
Grade Description,الصف الوصف,
Guardian,وصي,
Guardian Name,اسم ولي الأمر,
Alternate Number,عدد بديل,
Occupation,الاحتلال,
Work Address,عنوان العمل,
Guardian Of ,وصي لـ,
Students,الطلاب,
Guardian Interests,أهتمامات الوصي,
Guardian Interest,أهتمام الوصي,
Interest,فائدة,
Guardian Student,وصي الطالب,
EDU-INS-.YYYY.-,EDU-INS-.YYYY.-,
Instructor Log,سجل المعلم,
Other details,تفاصيل أخرى,
Option,اختيار,
Is Correct,صحيح,
Program Name,اسم البرنامج,
Program Abbreviation,اختصار برنامج,
Courses,الدورات,
Is Published,يتم نشر,
Allow Self Enroll,السماح للالتحاق الذاتي,
Is Featured,هي واردة,
Intro Video,مقدمة الفيديو,
Program Course,دورة برنامج,
School House,مدرسة دار,
Boarding Student,طالب الصعود,
Check this if the Student is residing at the Institute's Hostel.,تحقق من ذلك إذا كان الطالب يقيم في فندق المعهد.,
Walking,المشي,
Institute's Bus,حافلة المعهد,
Self-Driving Vehicle,سيارة ذاتية القيادة,
Pick/Drop by Guardian,اختيار / قطرة من قبل الجارديان,
Enrolled courses,الدورات المسجلة,
Program Enrollment Course,دورة التسجيل في البرنامج,
Program Enrollment Fee,رسوم التسجيل برنامج,
Program Enrollment Tool,أداة انتساب برنامج,
Get Students From,الحصول على الطلاب من,
Student Applicant,مقدم الطلب طالب,
Get Students,الحصول على الطلاب,
Enrollment Details,تفاصيل التسجيل,
New Program,برنامج جديد,
New Student Batch,دفعة طالب جديدة,
Enroll Students,تسجيل الطلاب,
New Academic Year,عام الدراسي الجديد,
New Academic Term,مصطلح أكاديمي جديد,
Program Enrollment Tool Student,برنامج انتساب أداة الطلاب,
Student Batch Name,طالب اسم دفعة,
Program Fee,رسوم البرنامج,
Question,سؤال,
Single Correct Answer,إجابة واحدة صحيحة,
Multiple Correct Answer,الإجابة الصحيحة متعددة,
Quiz Configuration,مسابقة التكوين,
Passing Score,درجة النجاح,
Score out of 100,يسجل من 100,
Max Attempts,محاولات ماكس,
Enter 0 to waive limit,أدخل 0 للتنازل عن الحد,
Grading Basis,أساس الدرجات,
Latest Highest Score,أحدث أعلى الدرجات,
Latest Attempt,آخر محاولة,
Quiz Activity,مسابقة النشاط,
Enrollment,تسجيل,
Pass,البشري,
Quiz Question,مسابقة السؤال,
Quiz Result,نتيجة مسابقة,
Selected Option,الخيار المحدد,
Correct,صيح,
Wrong,خطأ,
Room Name,اسم القاعة,
Room Number,رقم القاعة,
Seating Capacity,عدد المقاعد,
House Name,اسم المنزل,
EDU-STU-.YYYY.-,EDU-STU-.YYYY.-,
Student Mobile Number,طالب عدد موبايل,
Blood Group,فصيلة الدم,
A+,+A,
A-,-A,
B+,B+,
B-,B-,
O+,O+,
O-,O-,
AB+,+AB,
AB-,-AB,
Nationality,جنسية,
Home Address,عنوان المنزل,
Guardian Details,تفاصيل الوصي,
Guardians,أولياء الأمور,
Sibling Details,تفاصيل الأخوة,
Siblings,الأخوة والأخوات,
Exit,خروج,
Date of Leaving,تاريخ المغادرة,
Leaving Certificate Number,ترك رقم الشهادة,
Reason For Leaving,سبب للمغادرة,
Student Admission,قبول الطلاب,
Admission Start Date,تاريخ بداية القبول,
Admission End Date,تاريخ انتهاء القبول,
Eligibility and Details,الأهلية والتفاصيل,
Student Admission Program,برنامج قبول الطالب,
Minimum Age,الحد الأدنى للعمر,
Maximum Age,الحد الأقصى للعمر,
Application Fee,رسوم الإستمارة,
Naming Series (for Student Applicant),تسمية تسلسلية (الطالب مقدم الطلب),
LMS Only,LMS فقط,
EDU-APP-.YYYY.-,EDU-APP-.YYYY.-,
Application Date,تاريخ التقديم,
Student Attendance Tool,أداة طالب الحضور,
Group Based On,مجموعة على أساس,
Students HTML,طلاب HTML,
Group Based on,المجموعة بناءً على,
Student Group Name,اسم المجموعة الطلابية,
Max Strength,القوة القصوى,
Set 0 for no limit,مجموعة 0 لأي حد,
Instructors,المحاضرون,
Student Group Creation Tool,طالب خلق أداة المجموعة,
Leave blank if you make students groups per year,اتركه فارغا إذا جعلت مجموعات الطلاب في السنة,
Get Courses,الحصول على دورات,
Separate course based Group for every Batch,مجموعة منفصلة بالطبع مقرها لكل دفعة,
Leave unchecked if you don't want to consider batch while making course based groups. ,ترك دون تحديد إذا كنت لا ترغب في النظر في دفعة مع جعل مجموعات مقرها بالطبع.,
Student Group Creation Tool Course,دورة المجموعة الطلابية أداة الخلق,
Course Code,كود المقرر التعليمي,
Student Group Instructor,مجموعة الطالب,
Student Group Student,مجموعة طالب طالب,
Group Roll Number,رقم لفة المجموعة,
Student Guardian,الجارديان طالب,
Relation,علاقة,
Mother,أم,
Father,الآب,
Student Language,اللغة طالب,
Student Leave Application,طالب ترك التطبيق,
Mark as Present,إجعلها الحاضر,
Student Log,دخول الطالب,
Academic,أكاديمي,
Achievement,إنجاز,
Student Report Generation Tool,أداة إنشاء تقرير الطلاب,
Include All Assessment Group,تشمل جميع مجموعة التقييم,
Show Marks,إظهار العلامات,
Add letterhead,إضافة ترويسة,
Print Section,قسم الطباعة,
Total Parents Teacher Meeting,مجموع اجتماع الأهل المعلمين,
Attended by Parents,حضر من قبل الآباء,
Assessment Terms,شروط التقييم,
Student Sibling,الشقيق طالب,
Studying in Same Institute,الذين يدرسون في نفس المعهد,
NO,لا,
YES,نعم,
Student Siblings,الإخوة والأخوات الطلاب,
Topic Content,محتوى الموضوع,
Amazon MWS Settings,إعدادات الأمازون MWS,
ERPNext Integrations,دمج ITQAN ERP,
Enable Amazon,تمكين الأمازون,
MWS Credentials,MWS بيانات الاعتماد,
Seller ID,معرف البائع,
AWS Access Key ID,AWS Access Key ID,
MWS Auth Token,MWS Auth Token,
Market Place ID,معرف مكان السوق,
AE,AE,
AU,AU,
BR,BR,
CA,CA,
CN,CN,
DE,DE,
ES,ES,
FR,FR,
JP,JP,
IT,IT,
MX,MX,
UK,المملكة المتحدة,
US,الولايات المتحدة,
Customer Type,نوع العميل,
Market Place Account Group,مجموعة حساب السوق,
After Date,بعد التاريخ,
Amazon will synch data updated after this date,ستعمل Amazon على مزامنة البيانات التي تم تحديثها بعد هذا التاريخ,
Sync Taxes and Charges,مزامنة الضرائب والرسوم,
Get financial breakup of Taxes and charges data by Amazon ,الحصول على تفكك مالي للبيانات الضرائب والرسوم من قبل الأمازون,
Sync Products,منتجات المزامنة,
Always sync your products from Amazon MWS before synching the Orders details,قم دائمًا بمزامنة منتجاتك من Amazon MWS قبل مزامنة تفاصيل الطلبات,
Sync Orders,أوامر المزامنة,
Click this button to pull your Sales Order data from Amazon MWS.,"انقر فوق هذا الزر لسحب بيانات ""أمر البيع"" من Amazon MWS.",
Enable Scheduled Sync,تمكين المزامنة المجدولة,
Check this to enable a scheduled Daily synchronization routine via scheduler,تحقق من هذا لتمكين روتين تزامن يومي مجدول من خلال المجدول,
Max Retry Limit,الحد الأقصى لإعادة المحاولة,
Exotel Settings,إعدادات Exotel,
API Token,رمز واجهة برمجة التطبيقات,
GoCardless Mandate,GoCardless الانتداب,
Mandate,تفويض,
GoCardless Customer,عميل GoCardless,
GoCardless Settings,إعدادات GoCardless,
Webhooks Secret,Webhooks سر,
Plaid Settings,إعدادات منقوشة,
Synchronize all accounts every hour,مزامنة جميع الحسابات كل ساعة,
Plaid Client ID,معرف العميل منقوشة,
Plaid Secret,سر منقوشة,
Plaid Environment,بيئة منقوشة,
sandbox,رمل,
development,تطوير,
production,إنتاج,
QuickBooks Migrator,QuickBooks Migrator,
Application Settings,إعدادات التطبيق,
Token Endpoint,نقطة نهاية الرمز المميز,
Scope,نطاق,
Authorization Settings,إعدادات التخويل,
Authorization Endpoint,نقطة نهاية التخويل,
Authorization URL,عنوان التخويل,
Quickbooks Company ID,معرّف شركة Quickbooks,
Company Settings,إعدادات الشركة,
Default Shipping Account,حساب الشحن الافتراضي,
Default Warehouse,المستودع الافتراضي,
Default Cost Center,مركز التكلفة الافتراضي,
Undeposited Funds Account,حساب الأموال غير المدعومة,
Shopify Log,سجل Shopify,
Shopify Settings,Shopify الإعدادات,
status html,حالة أتش تي أم أل,
Enable Shopify,تمكين Shopify,
App Type,نوع التطبيق,
Last Sync Datetime,آخر مزامنة التاريخ والوقت,
Shop URL,عنوان الرابط للمتجر,
eg: frappe.myshopify.com,على سبيل المثال، frappe.myshopify.com,
Shared secret,سر مشترك,
Webhooks Details,تفاصيل Webhooks,
Webhooks,Webhooks,
Customer Settings,إعدادات العميل,
Default Customer,العميل الافتراضي,
Customer Group will set to selected group while syncing customers from Shopify,سيتم تعيين مجموعة العملاء على مجموعة محددة أثناء مزامنة العملاء من Shopify,
For Company,للشركة,
Cash Account will used for Sales Invoice creation,سيستخدم الحساب النقدي لإنشاء فاتورة المبيعات,
Update Price from Shopify To ERPNext Price List,تحديث السعر من Shopify إلى قائمة أسعار ITQAN ERP,
Default Warehouse to to create Sales Order and Delivery Note,المستودع الافتراضي لإنشاء أمر مبيعات وتسليم ملاحظة,
Sales Order Series,سلسلة أوامر البيع,
Import Delivery Notes from Shopify on Shipment,أذون التسليم التسليم من Shopify على الشحن,
Delivery Note Series,سلسلة أذون التسليم,
Import Sales Invoice from Shopify if Payment is marked,فاتورة المبيعات الاستيراد من Shopify إذا تم وضع علامة على الدفع,
Sales Invoice Series,سلسلة فاتورة المبيعات,
Shopify Tax Account,Shopify حساب الضرائب,
Shopify Tax/Shipping Title,Shopify الضرائب / عنوان الشحن,
ERPNext Account,حساب ITQAN ERP,
Shopify Webhook Detail,Shopify التفاصيل Webhook,
Webhook ID,معرف Webhook,
Tally Migration,تالي الهجرة,
Master Data,البيانات الرئيسية,
"Data exported from Tally that consists of the Chart of Accounts, Customers, Suppliers, Addresses, Items and UOMs",البيانات المصدرة من Tally والتي تتكون من مخطط الحسابات والعملاء والموردين والعناوين والأصناف ووحدات القياس,
Is Master Data Processed,هل تمت معالجة البيانات الرئيسية,
Is Master Data Imported,هل تم استيراد البيانات الرئيسية؟,
Tally Creditors Account,حساب رصيد الدائنين,
Creditors Account set in Tally,تم تعيين حساب الدائنين في Tally,
Tally Debtors Account,رصيد حساب المدينين,
Debtors Account set in Tally,تعيين حساب المدينين في تالي,
Tally Company,شركة تالي,
Company Name as per Imported Tally Data,اسم الشركة حسب بيانات Tally المستوردة,
Default UOM,افتراضي وحدة القياس,
UOM in case unspecified in imported data,وحدة القياس في حالة عدم تحديدها في البيانات المستوردة,
ERPNext Company,شركة ITQAN ERP,
Your Company set in ERPNext,تم تعيين شركتك في ITQAN ERP,
Processed Files,الملفات المعالجة,
Parties,حفلات,
UOMs,وحدات القياس,
Vouchers,قسائم,
Round Off Account,جولة قبالة حساب,
Day Book Data,كتاب اليوم البيانات,
Day Book Data exported from Tally that consists of all historic transactions,يتم تصدير بيانات دفتر اليوم من Tally والتي تتكون من جميع المعاملات التاريخية,
Is Day Book Data Processed,يتم معالجة بيانات دفتر اليوم,
Is Day Book Data Imported,يتم استيراد بيانات دفتر اليوم,
Woocommerce Settings,إعدادات Woocommerce,
Enable Sync,تمكين المزامنة,
Woocommerce Server URL,عنوان الرابط لخادم Woocommerce,
Secret,سر,
API consumer key,مفتاح مستخدم API,
API consumer secret,كلمة مرور مستخدم API,
Tax Account,حساب الضرائب,
Freight and Forwarding Account,حساب الشحن والتخليص,
Creation User,خلق المستخدم,
"The user that will be used to create Customers, Items and Sales Orders. This user should have the relevant permissions.",المستخدم الذي سيتم استخدامه لإنشاء العملاء والأصناف وأوامر البيع. يجب أن يكون لدى هذا المستخدم الصلاحيات ذات الصلة.,
"This warehouse will be used to create Sales Orders. The fallback warehouse is ""Stores"".","سيتم استخدام هذا المستودع لإنشاء أوامر البيع. مستودع احتياطي هو ""مخازن"".",
"The fallback series is ""SO-WOO-"".","سلسلة الاحتياطية هي ""SO-WOO-"".",
This company will be used to create Sales Orders.,سيتم استخدام هذه الشركة لإنشاء أوامر البيع.,
Delivery After (Days),التسليم بعد (أيام),
This is the default offset (days) for the Delivery Date in Sales Orders. The fallback offset is 7 days from the order placement date.,هذا هو الإزاحة الافتراضية (أيام) لتاريخ التسليم في أوامر البيع. الإزاحة الاحتياطية هي 7 أيام من تاريخ وضع الطلب.,
"This is the default UOM used for items and Sales orders. The fallback UOM is ""Nos"".","هذا هو وحدة القياس الافتراضي المستخدم للعناصر وأوامر البيع. احتياطي وحدة القياس هو ""Nos"".",
Endpoints,النهاية,
Endpoint,نقطة النهاية,
Antibiotic Name,اسم المضاد الحيوي,
Healthcare Administrator,مدير الرعاية الصحية,
Laboratory User,مختبر المستخدم,
Is Inpatient,هو المرضى الداخليين,
Default Duration (In Minutes),المدة الافتراضية (بالدقائق),
Body Part,جزء من الجسم,
Body Part Link,رابط جزء من الجسم,
HLC-CPR-.YYYY.-,HLC-CPR-.YYYY.-,
Procedure Template,قالب الإجرائية,
Procedure Prescription,وصفة الإجراء,
Service Unit,وحدة الخدمة,
Consumables,المواد الاستهلاكية,
Consume Stock,أستهلاك المخزون,
Invoice Consumables Separately,مستهلكات الفاتورة بشكل منفصل,
Consumption Invoiced,الاستهلاك المفوتر,
Consumable Total Amount,المبلغ الإجمالي المستهلك,
Consumption Details,تفاصيل الاستهلاك,
Nursing User,التمريض المستخدم,
Clinical Procedure Item,عنصر العملية السريرية,
Invoice Separately as Consumables,فاتورة منفصلة كما مستهلكات,
Transfer Qty,نقل الكمية,
Actual Qty (at source/target),الكمية الفعلية (في المصدر / الهدف),
Is Billable,هو قابل للفوترة,
Allow Stock Consumption,السماح باستهلاك المخزون,
Sample UOM,عينة وحدة القياس,
Collection Details,تفاصيل المجموعة,
Change In Item,التغيير في الصنف,
Codification Table,جدول القيد,
Complaints,شكاوي,
Dosage Strength,قوة الجرعة,
Strength,قوة,
Drug Prescription,وصفة الدواء,
Drug Name / Description,اسم الدواء / الوصف,
Dosage,جرعة,
Dosage by Time Interval,الجرعة بواسطة الفاصل الزمني,
Interval,فترة,
Interval UOM,الفاصل الزمني أوم,
Hour,الساعة,
Update Schedule,تحديث الجدول الزمني,
Exercise,ممارسه الرياضه,
Difficulty Level,مستوى الصعوبة,
Counts Target,هدف التهم,
Counts Completed,تم الانتهاء من العد,
Assistance Level,مستوى المساعدة,
Active Assist,مساعدة نشطة,
Exercise Name,اسم التمرين,
Body Parts,أجزاء الجسم,
Exercise Instructions,تعليمات التمرين,
Exercise Video,تمرين الفيديو,
Exercise Steps,خطوات التمرين,
Steps Table,جدول الخطوات,
Exercise Type Step,نوع التمرين الخطوة,
Max number of visit,الحد الأقصى لعدد الزيارات,
Visited yet,تمت الزيارة,
Reference Appointments,التعيينات المرجعية,
Valid till,صالح لغاية,
Fee Validity Reference,مرجع صلاحية الرسوم,
Basic Details,تفاصيل أساسية,
HLC-PRAC-.YYYY.-,HLC-PRAC-.YYYY.-,
Mobile,التليفون المحمول,
Phone (R),الهاتف (R),
Phone (Office),الهاتف (المكتب),
Employee and User Details,تفاصيل الموظف والمستخدم,
Hospital,مستشفى,
Appointments,تعيينات,
Practitioner Schedules,جداول الممارس,
Charges,رسوم,
Out Patient Consulting Charge,رسوم استشارات المرضى الخارجيين,
Default Currency,العملة الافتراضية,
Healthcare Schedule Time Slot,فتحة وقت جدول الرعاية الصحية,
Parent Service Unit,وحدة خدمة الوالدين,
Service Unit Type,نوع وحدة الخدمة,
Allow Appointments,السماح بالمواعيد,
Allow Overlap,السماح بالتداخل,
Inpatient Occupancy,إشغال المرضى الداخليين,
Occupancy Status,حالة الإشغال,
Vacant,شاغر,
Occupied,احتل,
Item Details,بيانات الصنف,
UOM Conversion in Hours,تحويل وحدة القياس في ساعات,
Rate / UOM,معدل / وحدة القياس,
Change in Item,تغيير في الصنف,
Out Patient Settings,خارج إعدادات المريض,
Patient Name By,اسم المريض بي,
Patient Name,اسم المريض,
Link Customer to Patient,ربط العميل بالمريض,
"If checked, a customer will be created, mapped to Patient.\nPatient Invoices will be created against this Customer. You can also select existing Customer while creating Patient.",إذا تم تحديده، سيتم إنشاء عميل، يتم تعيينه إلى المريض. سيتم إنشاء فواتير المرضى ضد هذا العميل. يمكنك أيضا تحديد العميل الحالي أثناء إنشاء المريض.,
Default Medical Code Standard,المعايير الطبية الافتراضية,
Collect Fee for Patient Registration,تحصيل رسوم تسجيل المريض,
Checking this will create new Patients with a Disabled status by default and will only be enabled after invoicing the Registration Fee.,"سيؤدي التحقق من ذلك إلى إنشاء مرضى جدد بحالة ""معطل"" بشكل افتراضي ولن يتم تمكينهم إلا بعد فوترة رسوم التسجيل.",
Registration Fee,رسوم التسجيل,
Automate Appointment Invoicing,أتمتة فواتير المواعيد,
Manage Appointment Invoice submit and cancel automatically for Patient Encounter,قم بإدارة إرسال فاتورة المواعيد وإلغاؤها تلقائيًا لـ Patient Encounter,
Enable Free Follow-ups,تمكين المتابعات المجانية,
Number of Patient Encounters in Valid Days,عدد لقاءات المريض في الأيام الصالحة,
The number of free follow ups (Patient Encounters in valid days) allowed,عدد المتابعات المجانية (لقاءات المريض في الأيام الصالحة) المسموح بها,
Valid Number of Days,عدد الأيام الصالحة,
Time period (Valid number of days) for free consultations,الفترة الزمنية (عدد الأيام الصالحة) للاستشارات المجانية,
Default Healthcare Service Items,عناصر خدمة الرعاية الصحية الافتراضية,
"You can configure default Items for billing consultation charges, procedure consumption items and inpatient visits",يمكنك تكوين الأصناف الافتراضية لرسوم استشارة الفواتير، وبنود استهلاك الإجراءات وزيارات المرضى الداخليين,
Clinical Procedure Consumable Item,الإجراء السريري مستهلك الصنف,
Default Accounts,الحسابات الافتراضية,
Default income accounts to be used if not set in Healthcare Practitioner to book Appointment charges.,يتم استخدام حسابات الدخل الافتراضية إذا لم يتم تعيينها في ممارس الرعاية الصحية لحجز رسوم موعد.,
Default receivable accounts to be used to book Appointment charges.,تستخدم حسابات الذمم المدينة الافتراضية في حجز رسوم المواعيد.,
Out Patient SMS Alerts,خارج التنبيهات سمز المريض,
Patient Registration,تسجيل المريض,
Registration Message,رسالة التسجيل,
Confirmation Message,رسالة تأكيد,
Avoid Confirmation,تجنب التأكيد,
Do not confirm if appointment is created for the same day,لا تؤكد إذا تم إنشاء التعيين لنفس اليوم,
Appointment Reminder,تذكير بالموعد,
Reminder Message,رسالة تذكير,
Laboratory Settings,إعدادات المختبر,
Create Lab Test(s) on Sales Invoice Submission,إنشاء اختبار (اختبارات) معمل على تقديم فاتورة المبيعات,
Checking this will create Lab Test(s) specified in the Sales Invoice on submission.,سيؤدي التحقق من ذلك إلى إنشاء اختبار (اختبارات) معمل محدد في فاتورة المبيعات عند التقديم.,
Create Sample Collection document for Lab Test,إنشاء مستند جمع العينات للاختبار المعملي,
Checking this will create a Sample Collection document  every time you create a Lab Test,سيؤدي التحقق من ذلك إلى إنشاء مستند جمع العينات في كل مرة تقوم فيها بإنشاء اختبار معمل,
Employee name and designation in print,اسم الموظف وتعيينه في الطباعة,
Check this if you want the Name and Designation of the Employee associated with the User who submits the document to be printed in the Lab Test Report.,حدد هذا الخيار إذا كنت تريد طباعة اسم وتعيين الموظف المرتبط بالمستخدم الذي يرسل المستند في تقرير الاختبار المعملي.,
Do not print or email Lab Tests without Approval,لا تطبع الاختبارات المعملية أو ترسلها بالبريد الإلكتروني بدون موافقة,
Checking this will restrict printing and emailing of Lab Test documents unless they have the status as Approved.,سيؤدي التحقق من ذلك إلى تقييد طباعة مستندات الاختبار المعملي وإرسالها بالبريد الإلكتروني ما لم تكن في حالة الموافقة.,
Custom Signature in Print,التوقيع المخصص في الطباعة,
Laboratory SMS Alerts,مختبرات الرسائل القصيرة سمز,
Result Printed Message,نتيجة طباعة رسالة,
Result Emailed Message,نتيجة رسالة بالبريد الإلكتروني,
Check In,تحقق في,
Check Out,الدفع,
HLC-INP-.YYYY.-,HLC-INP-.YYYY.-,
A Positive,A+,
A Negative,سلبي,
AB Positive,AB إيجابي,
AB Negative,AB سلبي,
B Positive,B موجب,
B Negative,B سالب,
O Positive,O إيجابي,
O Negative,O سلبي,
Date of birth,تاريخ الميلاد,
Admission Scheduled,التقديم مخطط,
Discharge Scheduled,إبراء الذمة المجدولة,
Discharged,تفريغها,
Admission Schedule Date,تاريخ التقديم المخطط,
Admitted Datetime,تاريخ ووقت التقديم,
Expected Discharge,التصريف المتوقع,
Discharge Date,تاريخ التفريغ,
Lab Prescription,وصفة المختبر,
Lab Test Name,اسم الاختبار المعملي,
Test Created,تم إنشاء الاختبار,
Submitted Date,تاريخ التقديم / التسجيل,
Approved Date,تاريخ الموافقة,
Sample ID,رقم تعريف العينة,
Lab Technician,فني مختبر,
Report Preference,تفضيل التقرير,
Test Name,اسم الاختبار,
Test Template,نموذج الاختبار,
Test Group,مجموعة الاختبار,
Custom Result,نتيجة مخصصة,
LabTest Approver,لابتيست أبروفر,
Add Test,إضافة اختبار,
Normal Range,المعدل الطبيعي,
Result Format,تنسيق النتيجة,
Single,أعزب,
Compound,مركب,
Descriptive,وصفي,
Grouped,مجمعة,
No Result,لا نتيجة,
This value is updated in the Default Sales Price List.,يتم تحديث هذه القيمة في قائمة أسعار المبيعات الافتراضية.,
Lab Routine,إجراء المختبر,
Result Value,قيمة النتيجة,
Require Result Value,تتطلب قيمة النتيجة,
Normal Test Template,قالب الاختبار العادي,
Patient Demographics,الخصائص الديمغرافية للمرضى,
HLC-PAT-.YYYY.-,HLC-PAT-.YYYY.-,
Middle Name (optional),الاسم الأوسط (اختياري),
Inpatient Status,حالة المرضى الداخليين,
"If ""Link Customer to Patient"" is checked in Healthcare Settings and an existing Customer is not selected then, a Customer will be created for this Patient for recording transactions in Accounts module.","إذا تم تحديد ""ربط العميل بالمريض"" في إعدادات الرعاية الصحية ولم يتم تحديد عميل حالي، فسيتم إنشاء عميل لهذا المريض لتسجيل المعاملات في وحدة الحسابات.",
Personal and Social History,التاريخ الشخصي والاجتماعي,
Marital Status,الحالة الإجتماعية,
Married,متزوج,
Divorced,مطلق,
Widow,أرملة,
Patient Relation,علاقة المريض,
"Allergies, Medical and Surgical History",الحساسية، التاريخ الطبي والجراحي,
Allergies,الحساسية,
Medication,الأدوية,
Medical History,التاريخ المرضي,
Surgical History,التاريخ الجراحي,
Risk Factors,عوامل الخطر,
Occupational Hazards and Environmental Factors,المخاطر المهنية والعوامل البيئية,
Other Risk Factors,عوامل الخطر الأخرى,
Patient Details,تفاصيل المريض,
Additional information regarding the patient,معلومات إضافية عن المريض,
HLC-APP-.YYYY.-,HLC-APP-.YYYY.-,
Patient Age,عمر المريض,
Get Prescribed Clinical Procedures,احصل على الإجراءات السريرية الموصوفة,
Therapy,علاج نفسي,
Get Prescribed Therapies,احصل على العلاجات الموصوفة,
Appointment Datetime,موعد وتاريخ,
Duration (In Minutes),المدة (بالدقائق),
Reference Sales Invoice,فاتورة المبيعات مرجعية,
More Info,المزيد من المعلومات,
Referring Practitioner,اشار ممارس,
HLC-PA-.YYYY.-,HLC-PA-.YYYY.-,
Assessment Template,نموذج التقييم,
Assessment Datetime,تاريخ التقييم,
Assessment Description,وصف التقييم,
Assessment Sheet,ورقة تقييم,
Total Score Obtained,مجموع النقاط التي تم الحصول عليها,
Scale Min,مقياس مين,
Scale Max,مقياس ماكس,
Patient Assessment Detail,تفاصيل تقييم المريض,
Assessment Parameter,معلمة التقييم,
Patient Assessment Parameter,معلمة تقييم المريض,
Patient Assessment Sheet,ورقة تقييم المريض,
Patient Assessment Template,نموذج تقييم المريض,
Assessment Parameters,معلمات التقييم,
Parameters,المعلمات,
Assessment Scale,مقياس التقييم,
Scale Minimum,مقياس الحد الأدنى,
Scale Maximum,مقياس الحد الأقصى,
HLC-ENC-.YYYY.-,HLC-ENC-.YYYY.-,
Encounter Date,تاريخ لقاء,
Encounter Time,وقت اللقاء,
Encounter Impression,لقاء الانطباع,
Symptoms,الأعراض,
In print,في الطباعة,
Medical Coding,الترميز الطبي,
Procedures,الإجراءات,
Therapies,العلاجات,
Review Details,تفاصيل المراجعة,
Patient Encounter Diagnosis,تشخيص لقاء المريض,
Patient Encounter Symptom,أعراض لقاء المريض,
HLC-PMR-.YYYY.-,HLC-PMR-.YYYY.-,
Attach Medical Record,ارفاق السجل الطبي,
Spouse,الزوج,
Family,العائلة,
Schedule Details,تفاصيل الجدول,
Schedule Name,اسم الجدول الزمني,
Time Slots,فتحات الوقت,
Practitioner Service Unit Schedule,جدول وحدة خدمة الممارس,
Procedure Name,اسم الإجراء,
Appointment Booked,تم حجز الموعد,
Procedure Created,الإجراء الذي تم إنشاؤه,
HLC-SC-.YYYY.-,HLC-SC-.YYYY.-,
Collected By,جمع بواسطة,
Particulars,تفاصيل,
Result Component,مكون النتيجة,
HLC-THP-.YYYY.-,HLC-THP-.YYYY.-,
Therapy Plan Details,تفاصيل خطة العلاج,
Total Sessions,إجمالي الجلسات,
Total Sessions Completed,إجمالي الجلسات المكتملة,
Therapy Plan Detail,تفاصيل خطة العلاج,
No of Sessions,عدد الجلسات,
Sessions Completed,تم الانتهاء من الجلسات,
Tele,عن بعد,
Exercises,تمارين,
Therapy For,العلاج ل,
Add Exercises,أضف تمارين,
Body Temperature,درجة حرارة الجسم,
Presence of a fever (temp &gt; 38.5 °C/101.3 °F or sustained temp &gt; 38 °C/100.4 °F),وجود حمى (درجة الحرارة&gt; 38.5 درجة مئوية / 101.3 درجة فهرنهايت أو درجة حرارة ثابتة&gt; 38 درجة مئوية / 100.4 درجة فهرنهايت),
Heart Rate / Pulse,معدل ضربات القلب / نبض,
Adults' pulse rate is anywhere between 50 and 80 beats per minute.,معدل نبض البالغين في أي مكان بين 50 و 80 نبضة في الدقيقة الواحدة.,
Respiratory rate,معدل التنفس,
Normal reference range for an adult is 16–20 breaths/minute (RCP 2012),النطاق المرجعي الطبيعي للكبار هو 16-20 نفسا / دقيقة (رسيب 2012),
Tongue,لسان,
Coated,مطلي,
Very Coated,المغلفة جدا,
Normal,عادي,
Furry,فروي,
Cuts,تخفيضات,
Abdomen,بطن,
Bloated,منتفخ,
Fluid,مائع,
Constipated,ممسك,
Reflexes,ردود الفعل,
Hyper,فرط,
Very Hyper,فرط جدا,
One Sided,جانب واحد,
Blood Pressure (systolic),ضغط الدم (الانقباضي),
Blood Pressure (diastolic),ضغط الدم (الانبساطي),
Blood Pressure,ضغط الدم,
"Normal resting blood pressure in an adult is approximately 120 mmHg systolic, and 80 mmHg diastolic, abbreviated ""120/80 mmHg""","ضغط الدم الطبيعي يستريح في الكبار هو ما يقرب من 120 ملم زئبقي الانقباضي، و 80 ملم زئبق الانبساطي، مختصر ""120/80 ملم زئبق""",
Nutrition Values,قيم التغذية,
Height (In Meter),الارتفاع (بالمتر),
Weight (In Kilogram),الوزن (بالكيلوجرام),
BMI,مؤشر كتلة الجسم,
Hotel Room,غرفة الفندق,
Hotel Room Type,فندق نوع الغرفة,
Capacity,سعة,
Extra Bed Capacity,سرير إضافي,
Hotel Manager,مدير الفندق,
Hotel Room Amenity,غرفة فندق أمينيتي,
Billable,فوترة,
Hotel Room Package,غرفة الفندق,
Amenities,وسائل الراحة,
Hotel Room Pricing,فندق غرفة التسعير,
Hotel Room Pricing Item,فندق غرفة التسعير الصنف,
Hotel Room Pricing Package,غرفة فندق بريسينغ باكيج,
Hotel Room Reservation,حجز غرفة الفندق,
Guest Name,اسم الضيف,
Late Checkin,أواخر تشيكين,
Booked,حجز,
Hotel Reservation User,فندق حجز المستخدم,
Hotel Room Reservation Item,فندق غرفة الحجز الصنف,
Hotel Settings,إعدادات الفندق,
Default Taxes and Charges,الضرائب والرسوم الافتراضية,
Default Invoice Naming Series,سلسلة تسمية الفاتورة الافتراضية,
HR,الموارد البشرية,
Date on which this component is applied,تاريخ تطبيق هذا المكون,
Salary Slip,قسيمة الراتب,
HR User,مستخدم الموارد البشرية,
Job Applicant,طالب الوظيفة,
Body,الجسم,
Appraisal Template,قالب التقييم,
Parent Department,قسم الآباء,
Leave Block List,قائمة الايام المحضور الإجازة فيها,
Days for which Holidays are blocked for this department.,أيام العطلات التي تم حظرها لهذا القسم,
Leave Approver,المخول بالموافقة علي الاجازات,
Expense Approver,معتمد النفقات,
Required Skills,المهارات المطلوبة,
Skills,مهارات,
Driver,سائق,
HR-DRI-.YYYY.-,HR-DRI-.YYYY.-,
Suspended,معلق,
Transporter,الناقل,
Applicable for external driver,ينطبق على سائق خارجي,
Cellphone Number,رقم الهاتف المحمول,
License Details,تفاصيل الترخيص,
License Number,رقم الرخصة,
Issuing Date,تاريخ الإصدار,
Driving License Categories,فئات رخصة القيادة,
Driving License Category,رخصة قيادة الفئة,
Fleet Manager,مدير قافلة المركبات,
Driver licence class,فئة رخصة القيادة,
HR-EMP-,HR-EMP-,
Employment Type,نوع الوظيفة,
Emergency Contact,الاتصال في حالات الطوارئ,
Emergency Contact Name,الطوارئ اسم الاتصال,
Emergency Phone,هاتف حالات الطوارئ,
ERPNext User,ITQAN ERP المستخدم,
"System User (login) ID. If set, it will become default for all HR forms.",هوية مستخدم النظام (تسجيل الدخول). إذا وضع، وسوف تصبح الافتراضية لكافة أشكال HR.,
Create User Permission,إنشاء صلاحية المستخدم,
This will restrict user access to other employee records,سيؤدي هذا إلى تقييد وصول المستخدم لسجلات الموظفين الأخرى,
Joining Details,تفاصيل الانضمام,
Offer Date,تاريخ العرض,
Confirmation Date,تاريخ التأكيد,
Contract End Date,تاريخ نهاية العقد,
Notice (days),إشعار (أيام),
Date Of Retirement,تاريخ التقاعد,
Department and Grade,قسم والصف,
Reports to,إرسال التقارير إلى,
Attendance and Leave Details,تفاصيل الحضور والإجازة,
Attendance Device ID (Biometric/RF tag ID),معرف جهاز الحضور (معرف بطاقة الهوية / RF),
Applicable Holiday List,قائمة العطلات القابلة للتطبيق,
Default Shift,التحول الافتراضي,
Salary Mode,طريقة تحصيل الراتب,
Bank A/C No.,رقم الحساب المصرفي.,
Health Insurance,تأمين صحي,
Health Insurance Provider,مزود التأمين الصحي,
Health Insurance No,رقم التأمين الصحي,
Prefered Email,البريد الإلكتروني المفضل,
Personal Email,البريد الإلكتروني الشخصية,
Permanent Address Is,العنوان الدائم هو,
Rented,مؤجر,
Owned,مملوك,
Permanent Address,العنوان الدائم,
Prefered Contact Email,البريد الإلكتروني المفضل للتواصل,
Company Email,البريد الإلكتروني الخاص بالشركة,
Provide Email Address registered in company,تزويد بعنوان البريد الإلكتروني المسجل في شركة,
Current Address Is,العنوان الحالي هو,
Current Address,العنوان الحالي,
Personal Bio,السيرة الذاتية الشخصية,
Bio / Cover Letter,السيرة الذاتية / رسالة الغلاف,
Short biography for website and other publications.,نبذة على موقع الويب وغيره من المنشورات.,
Passport Number,رقم جواز السفر,
Date of Issue,تاريخ الإصدار,
Place of Issue,مكان الإصدار,
Widowed,ارمل,
Family Background,معلومات عن العائلة,
"Here you can maintain family details like name and occupation of parent, spouse and children",هنا يمكنك إدراج تفاصيل عائلية مثل اسم العائلة ومهنة الزوج، الوالدين والأطفال,
Health Details,تفاصيل الحالة الصحية,
"Here you can maintain height, weight, allergies, medical concerns etc",هنا يمكنك ادراج تفاصيل عن الحالة الصحية مثل الطول والوزن، الحساسية، المخاوف الطبية,
Educational Qualification,المؤهلات العلمية,
Previous Work Experience,خبرة العمل السابق,
External Work History,سجل العمل الخارجي,
History In Company,الحركة التاريخيه في الشركة,
Internal Work History,سجل العمل الداخلي,
Resignation Letter Date,تاريخ رسالة الإستقالة,
Relieving Date,تاريخ المغادرة,
Reason for Leaving,سبب ترك العمل,
Leave Encashed?,إجازات مصروفة نقداً؟,
Encashment Date,تاريخ التحصيل,
New Workplace,مكان العمل الجديد,
Returned Amount,المبلغ المرتجع,
Advance Account,حساب مقدم,
Benefits Applied,الفوائد المطبقة,
Benefit Type and Amount,نوع المنفعة والمبلغ,
Task Weight,وزن المهمة,
Employee Education,المستوى التعليمي للموظف,
School/University,مدرسة / جامعة,
Graduate,التخرج,
Post Graduate,إجازة عاليه,
Under Graduate,غير متخرج,
Year of Passing,سنة التخرج,
Class / Percentage,الفئة / النسبة المئوية,
Major/Optional Subjects,المواد الرئيسية والاختيارية التي تم دراستها,
Employee External Work History,سجل عمل الموظف خارج الشركة,
Total Experience,مجموع الخبرة,
Default Leave Policy,سياسة الإجازة الافتراضية,
Employee Group Table,جدول مجموعة الموظفين,
ERPNext User ID,معرف المستخدم ITQAN ERP,
Employee Internal Work History,سجل عمل الموظف داخل الشركة,
Activities,أنشطة,
Employee Onboarding Activity,نشاط Onboarding الموظف,
Employee Promotion Detail,ترقية الموظف التفاصيل,
Employee Transfer Property,خاصية نقل الموظفين,
Unclaimed amount,كمية المبالغ الغير مطالب بها,
Holiday List Name,اسم قائمة العطلات,
Total Holidays,مجموع العطلات,
Add Weekly Holidays,أضف عطلات أسبوعية,
Weekly Off,العطلة الأسبوعية,
Add to Holidays,أضف إلى الإجازات,
Holidays,العطلات,
Clear Table,مسح الجدول,
Retirement Age,سن التقاعد,
Enter retirement age in years,أدخل سن التقاعد بالسنوات,
Stop Birthday Reminders,ايقاف التذكير بأعياد الميلاد,
Leave Settings,اترك الإعدادات,
Accepted,مقبول,
Printing Details,تفاصيل الطباعة,
Job Title,المسمى الوظيفي,
Allocation,توزيع,
Select Employees,حدد الموظفين,
Allocate,تخصيص,
Max Leaves Allowed,ماكس يترك مسموح به,
Maximum Continuous Days Applicable,أقصى يوم متواصل,
Select Payroll Period,تحديد فترة دفع الرواتب,
Abbr,اسم مختصر,
Condition and Formula,الشرط و الصيغة,
Total Working Hours,مجموع ساعات العمل,
Hour Rate,سعرالساعة,
Bank Account No.,رقم الحساب في البك,
Earning & Deduction,الكسب و الخصم,
Loan repayment,سداد القروض,
Employee Loan,قرض الموظف,
Total Principal Amount,مجموع المبلغ الرئيسي,
Total Interest Amount,إجمالي مبلغ الفائدة,
Total Loan Repayment,إجمالي سداد القروض,
net pay info,معلومات صافي الأجر,
Gross Pay - Total Deduction - Loan Repayment,اجمالي الأجر - إجمالي الخصم - سداد القروض,
Net Pay (in words) will be visible once you save the Salary Slip.,صافي الأجر (بالحروف) تكون مرئية بمجرد حفظ كشف راتب.,
Staffing Plan Details,تفاصيل خطة التوظيف,
Optional,اختياري,
Costing,تكلف,
Vehicle,مركبة,
License Plate,لوحة الترخيص,
Odometer Value (Last),قراءة عداد المسافات (الأخيرة),
Acquisition Date,تاريخ شراء المركبة,
Chassis No,رقم الشاسيه,
Vehicle Value,قيمة المركبة,
Insurance Details,تفاصيل التأمين,
Insurance Company,تفاصيل التأمين,
Policy No,رقم البوليصة,
Additional Details,تفاصيل اضافية,
Fuel Type,نوع الوقود,
Petrol,بنزين,
Diesel,ديزل,
Natural Gas,غاز طبيعي,
Electric,كهربائي,
Fuel UOM,وحدة قياس الوقود,
Last Carbon Check,آخر تحقق للكربون,
Wheels,عجلات,
Doors,الأبواب,
last Odometer Value ,قيمة عداد المسافات الأخيرة,
Service Detail,خدمة التفاصيل,
Hub Tracked Item,المحور تتبع الصنف,
Hub Node,المحور عقدة,
Image List,قائمة الصور,
Item Manager,مدير الصنف,
Hub User,محور المستخدم,
Hub Password,كلمة المرور,
Hub Users,مستخدمو المحور,
Marketplace Settings,إعدادات السوق,
Disable Marketplace,تعطيل السوق,
Marketplace URL (to hide and update label),عنوان الرابط Marketplace (لإخفاء التصنيف وتحديثه),
Registered,مسجل,
Sync in Progress,المزامنة قيد التقدم,
Hub Seller Name,اسم البائع المحور,
Custom Data,البيانات المخصصة,
Repay From Salary,سداد من الراتب,
Regular Payment,الدفع المنتظم,
Loan Closure,إغلاق القرض,
Rate of Interest (%) Yearly,معدل الفائدة (%) سنوي,
MAT-MSH-.YYYY.-,MAT-MSH-.YYYY.-,
Generate Schedule,إنشاء جدول,
Schedules,جداول,
Maintenance Schedule Detail,تفاصيل جدول الصيانة,
Scheduled Date,المقرر تاريخ,
Actual Date,التاريخ الفعلي,
Maintenance Schedule Item,جدول صيانة صنف,
Random,عشوائي,
No of Visits,لا الزيارات,
MAT-MVS-.YYYY.-,MAT-MVS-.YYYY.-,
Maintenance Date,تاريخ الصيانة,
Maintenance Time,وقت الصيانة,
Completion Status,استكمال الحالة,
Partially Completed,أنجزت جزئيا,
Fully Completed,يكتمل,
Unscheduled,غير المجدولة,
Breakdown,انهيار,
Purposes,أغراض,
Customer Feedback,ملاحظات العميل,
Maintenance Visit Purpose,صيانة زيارة الغرض,
Work Done,العمل المنجز,
Against Document No,مقابل المستند رقم,
Against Document Detail No,مقابل المستند التفصيلى رقم,
MFG-BLR-.YYYY.-,مبدعين-BLR-.YYYY.-,
Order Type,نوع الطلب,
Blanket Order Item,صنف أمر بطانية,
Ordered Quantity,الكمية التي تم طلبها,
Item to be manufactured or repacked,الصنف الذي سيتم تصنيعه أو إعادة تعبئته,
Quantity of item obtained after manufacturing / repacking from given quantities of raw materials,الكمية من الأصناف التي تم الحصول عليها بعد التصنيع / إعادة التعبئة من الكميات المعطاء من المواد الخام,
Set rate of sub-assembly item based on BOM,تعيين معدل عنصر التجميع الفرعي استنادا إلى بوم,
Allow Alternative Item,السماح لصنف بديل,
Item UOM,وحدة قياس الصنف,
Conversion Rate,معدل التحويل,
Rate Of Materials Based On,سعرالمواد استنادا على,
With Operations,مع عمليات,
Manage cost of operations,إدارة تكلفة العمليات,
Transfer Material Against,نقل المواد ضد,
Routing,التوجيه,
Materials,المواد,
Quality Inspection Required,فحص الجودة المطلوبة,
Quality Inspection Template,قالب فحص الجودة,
Scrap,خردة,
Scrap Items,الخردة الأصناف,
Operating Cost,تكاليف التشغيل,
Raw Material Cost,تكلفة المواد الخام,
Scrap Material Cost,التكلفة الخردة المواد,
Operating Cost (Company Currency),تكاليف التشغيل (عملة الشركة),
Raw Material Cost (Company Currency),تكلفة المواد الخام (عملة الشركة),
Scrap Material Cost(Company Currency),الخردة المواد التكلفة (شركة العملات),
Total Cost,التكلفة الكلية لل,
Total Cost (Company Currency),التكلفة الإجمالية (عملة الشركة),
Materials Required (Exploded),المواد المطلوبة (مفصصة),
Exploded Items,الأصناف المتفجرة,
Show in Website,عرض في الموقع,
Item Image (if not slideshow),صورة الصنف (إن لم يكن عرض شرائح),
Thumbnail,المصغرات,
Website Specifications,موقع المواصفات,
Show Items,إظهار الأصناف,
Show Operations,مشاهدة العمليات,
Website Description,وصف الموقع,
BOM Explosion Item,قائمة المواد للصنف المفصص,
Qty Consumed Per Unit,الكمية المستهلكة لكل وحدة,
Include Item In Manufacturing,تشمل الصنف في التصنيع,
BOM Item,صنف قائمة المواد,
Item operation,عملية الصنف,
Rate & Amount,معدل وكمية,
Basic Rate (Company Currency),سعر أساسي (عملة الشركة),
Scrap %,الغاء%,
Original Item,الصنف الأصلي,
BOM Operation,عملية قائمة المواد,
Operation Time ,وقت العملية,
In minutes,في دقائق,
Batch Size,حجم الدفعة,
Base Hour Rate(Company Currency),سعر الساعة الأساسي (عملة الشركة),
Operating Cost(Company Currency),تكاليف التشغيل (عملة الشركة),
BOM Scrap Item,الصنف الخردة بقائمة المواد,
Basic Amount (Company Currency),المبلغ الأساسي (عملة الشركة ),
BOM Update Tool,أداة تحديث بوم,
"Replace a particular BOM in all other BOMs where it is used. It will replace the old BOM link, update cost and regenerate ""BOM Explosion Item"" table as per new BOM.\nIt also updates latest price in all the BOMs.","استبدال قائمة مواد معينة في جميع قوائم المواد الأخرى حيث يتم استخدامها. وسوف تحل محل قائمة المواد القديمة، تحديث التكلفة وتجديد ""قائمة المواد التي تحتوي بنود مفصصه"" الجدول وفقا لقائمة المواد جديد",
Replace BOM,استبدال بوم,
Current BOM,قائمة المواد الحالية,
The BOM which will be replaced,و BOM التي سيتم استبدالها,
The new BOM after replacement,و BOM الجديدة بعد استبدال,
Replace,استبدل,
Update latest price in all BOMs,تحديث آخر الأسعار في جميع بومس,
BOM Website Item,صنف الموقع الإلكتروني بقائمة المواد,
BOM Website Operation,عملية الموقع الإلكتروني بقائمة المواد,
Operation Time,وقت العملية,
PO-JOB.#####,PO-JOB. #####,
Timing Detail,توقيت التفاصيل,
Time Logs,سجلات الوقت,
Total Time in Mins,إجمالي الوقت بالدقائق,
Operation ID,معرف العملية,
Transferred Qty,نقل الكمية,
Job Started,بدأ العمل,
Started Time,وقت البدء,
Current Time,الوقت الحالي,
Job Card Item,صنف بطاقة العمل,
Job Card Time Log,سجل وقت بطاقة العمل,
Time In Mins,الوقت في دقيقة,
Completed Qty,الكمية المكتملة,
Manufacturing Settings,إعدادات التصنيع,
Raw Materials Consumption,استهلاك المواد الخام,
Allow Multiple Material Consumption,السماح باستهلاك المواد المتعددة,
Backflush Raw Materials Based On,Backflush المواد الخام مبني على,
Material Transferred for Manufacture,المواد المنقولة لغرض صناعة,
Capacity Planning,القدرة على التخطيط,
Disable Capacity Planning,تعطيل تخطيط القدرات,
Allow Overtime,تسمح العمل الإضافي,
Allow Production on Holidays,السماح الإنتاج على عطلات,
Capacity Planning For (Days),القدرة على التخطيط لل(أيام),
Default Warehouses for Production,المستودعات الافتراضية للإنتاج,
Default Work In Progress Warehouse,افتراضي العمل في مستودع التقدم,
Default Finished Goods Warehouse,المستودع الافتراضي للبضائع التامة الصنع,
Default Scrap Warehouse,مستودع الخردة الافتراضي,
Overproduction Percentage For Sales Order,نسبة الإنتاج الزائد لأمر البيع,
Overproduction Percentage For Work Order,نسبة الإنتاج الزائد لأمر التشغيل,
Other Settings,اعدادات اخرى,
Update BOM Cost Automatically,تحديث بوم التكلفة تلقائيا,
Material Request Plan Item,الصنف طلب خطة الصنف,
Material Request Type,نوع طلب المواد,
Material Issue,صرف مواد,
Customer Provided,العملاء المقدمة,
Minimum Order Quantity,أقل كمية ممكن طلبها,
Default Workstation,محطة العمل الافتراضية,
Production Plan,خطة الإنتاج,
MFG-PP-.YYYY.-,مبدعين-PP-.YYYY.-,
Get Items From,جلب الأصناف من,
Get Sales Orders,الحصول على أوامر البيع,
Material Request Detail,المواد طلب التفاصيل,
Get Material Request,الحصول على المواد طلب,
Material Requests,طلبات المواد,
Get Items For Work Order,الحصول على الأصناف لأمر التشغيل,
Material Request Planning,تخطيط طلب المواد,
Include Non Stock Items,تشمل الاصناف الغير مخزنية,
Include Subcontracted Items,تضمين الأصناف من الباطن,
Ignore Existing Projected Quantity,تجاهل الكمية الموجودة المتوقعة,
"To know more about projected quantity, <a href=""https://erpnext.com/docs/user/manual/en/stock/projected-quantity"" style=""text-decoration: underline;"" target=""_blank"">click here</a>.","لمعرفة المزيد عن الكمية المتوقعة، <a href=""https://erpnext.com/docs/user/manual/en/stock/projected-quantity"" style=""text-decoration: underline;"" target=""_blank"">انقر هنا</a>.",
Download Required Materials,تحميل المواد المطلوبة,
Get Raw Materials For Production,الحصول على المواد الخام للإنتاج,
Total Planned Qty,مجموع الكمية المخطط لها,
Total Produced Qty,إجمالي الكمية المنتجة,
Material Requested,المواد المطلوبة,
Production Plan Item,خطة إنتاج الصنف,
Make Work Order for Sub Assembly Items,إصدار أمر التشغيل لعناصر الجمعية الفرعية,
"If enabled, system will create the work order for the exploded items against which BOM is available.",في حالة التمكين، سيقوم النظام بإنشاء ترتيب العمل للعناصر المنفجرة التي يتوفر عليها BOM.,
Planned Start Date,المخطط لها تاريخ بدء,
Quantity and Description,الكمية والوصف,
material_request_item,material_request_item,
Product Bundle Item,المنتج حزمة الصنف,
Production Plan Material Request,خطة إنتاج طلب المواد,
Production Plan Sales Order,خطة الإنتاج لأمر البيع,
Sales Order Date,تاريخ أمر البيع,
Routing Name,اسم التوجيه,
MFG-WO-.YYYY.-,مبدعين-WO-.YYYY.-,
Item To Manufacture,الصنف لتصنيع,
Material Transferred for Manufacturing,المواد المنقولة لغرض التصنيع,
Manufactured Qty,الكمية المصنعة,
Use Multi-Level BOM,استخدام متعدد المستويات BOM,
Plan material for sub-assemblies,المواد خطة للجمعيات الفرعي,
Skip Material Transfer to WIP Warehouse,تخطي نقل المواد إلى مستودع WIP,
Check if material transfer entry is not required,تحقق مما إذا كان إدخال نقل المواد غير مطلوب,
Backflush Raw Materials From Work-in-Progress Warehouse,المواد الخام Backflush من مستودع في التقدم في العمل,
Update Consumed Material Cost In Project,تحديث تكلفة المواد المستهلكة في المشروع,
Warehouses,المخازن,
This is a location where raw materials are available.,هذا هو المكان الذي تتوفر فيه المواد الخام.,
Work-in-Progress Warehouse,مستودع العمل قيد التنفيذ,
This is a location where operations are executed.,هذا هو المكان الذي يتم فيه تنفيذ العمليات.,
This is a location where final product stored.,هذا هو المكان الذي يتم فيه تخزين المنتج النهائي.,
Scrap Warehouse,الخردة مستودع,
This is a location where scraped materials are stored.,هذا هو الموقع حيث يتم تخزين المواد كشط.,
Required Items,الأصناف المطلوبة,
Actual Start Date,تاريخ البدء الفعلي,
Planned End Date,تاريخ الانتهاء المخطط لها,
Actual End Date,تاريخ الإنتهاء الفعلي,
Operation Cost,التكلفة العملية,
Planned Operating Cost,المخطط تكاليف التشغيل,
Actual Operating Cost,الفعلية تكاليف التشغيل,
Additional Operating Cost,تكاليف تشغيل اضافية,
Total Operating Cost,إجمالي تكاليف التشغيل,
Manufacture against Material Request,تصنيع ضد طلب مواد,
Work Order Item,بند أمر التشغيل,
Available Qty at Source Warehouse,الكمية المتاحة في مستودع المصدر,
Available Qty at WIP Warehouse,الكمية المتوفرة في مستودع ويب,
Work Order Operation,عملية ترتيب العمل,
Operation Description,وصف العملية,
Operation completed for how many finished goods?,اكتمال عملية لكيفية العديد من السلع تامة الصنع؟,
Work in Progress,التقدم في العمل,
Estimated Time and Cost,الوقت المقدر والتكلفة,
Planned Start Time,المخططة بداية,
Planned End Time,وقت الانتهاء المخطط له,
in Minutes,في دقائق,
Actual Time and Cost,الوقت الفعلي والتكلفة,
Actual Start Time,الفعلي وقت البدء,
Actual End Time,الفعلي وقت الانتهاء,
Updated via 'Time Log',"تحديث عبر 'وقت دخول """,
Actual Operation Time,الفعلي وقت التشغيل,
in Minutes\nUpdated via 'Time Log',"في دقائق \n تحديث عبر 'وقت دخول """,
(Hour Rate / 60) * Actual Operation Time,(سعر الساعة / 60) * وقت العمل الفعلي,
Workstation Name,اسم محطة العمل,
Production Capacity,السعة الإنتاجية,
Operating Costs,تكاليف التشغيل,
Electricity Cost,تكلفة الكهرباء,
per hour,كل ساعة,
Consumable Cost,تكلفة المواد المستهلكة,
Rent Cost,تكلفة الإيجار,
Wages,أجور,
Wages per hour,الأجور في الساعة,
Net Hour Rate,صافي سعر الساعة,
Workstation Working Hour,محطة العمل ساعة العمل,
Certification Application,تطبيق التصديق,
Name of Applicant,اسم صاحب الطلب,
Certification Status,حالة الشهادة,
Yet to appear,بعد أن تظهر,
Certified,معتمد,
Not Certified,غير معتمد,
USD,دولار أمريكي,
INR,INR,
Certified Consultant,مستشار معتمد,
Name of Consultant,اسم المستشار,
Certification Validity,صلاحية التصديق,
Discuss ID,معرف المناقشة,
GitHub ID,معرف GitHub,
Non Profit Manager,مدير غير الربح,
Chapter Head,رئيس الفصل,
Meetup Embed HTML,ميتوب تضمين هتمل,
chapters/chapter_name\nleave blank automatically set after saving chapter.,فصول / Chapter_name ترك فارغة تعيين تلقائيا بعد حفظ الفصل.,
Chapter Members,أعضاء الفصل,
Members,الأعضاء,
Chapter Member,عضو الفصل,
Website URL,رابط الموقع,
Leave Reason,ترك السبب,
Donor Name,اسم المانح,
Donor Type,نوع المانح,
Withdrawn,مسحوب,
Grant Application Details ,تفاصيل طلب المنح,
Grant Description,وصف المنحة,
Requested Amount,الكمية المطلوبة,
Has any past Grant Record,لديه أي سجل المنحة الماضية,
Show on Website,عرض على الموقع,
Assessment  Mark (Out of 10),علامة التقييم (من أصل 10),
Assessment  Manager,مدير التقييم,
Email Notification Sent,تم إرسال إشعار البريد الإلكتروني,
NPO-MEM-.YYYY.-,NPO-MEM-.YYYY.-,
Membership Expiry Date,تاريخ انتهاء العضوية,
Razorpay Details,تفاصيل Razorpay,
Subscription ID,معرف الإشتراك,
Customer ID,هوية الزبون,
Subscription Activated,تفعيل الاشتراك,
Subscription Start ,بدء الاشتراك,
Subscription End,انتهاء الاشتراك,
Non Profit Member,عضو غير ربحي,
Membership Status,حالة العضوية,
Member Since,عضو منذ,
Payment ID,معرف الدفع,
Membership Settings,إعدادات العضوية,
Enable RazorPay For Memberships,تفعيل RazorPay للعضويات,
RazorPay Settings,إعدادات RazorPay,
Billing Cycle,دورة الفواتير,
Billing Frequency,تكرار الفواتير,
"The number of billing cycles for which the customer should be charged. For example, if a customer is buying a 1-year membership that should be billed on a monthly basis, this value should be 12.",عدد دورات الفوترة التي يجب أن يتحمل العميل تكاليفها. على سبيل المثال، إذا كان العميل يشتري عضوية لمدة عام واحد والتي يجب أن يتم إصدار فواتير بها على أساس شهري، فيجب أن تكون هذه القيمة 12.,
Razorpay Plan ID,معرف خطة Razorpay,
Volunteer Name,اسم المتطوعين,
Volunteer Type,نوع التطوع,
Availability and Skills,توافر والمهارات,
Availability,توفر,
Weekends,عطلة نهاية الأسبوع,
Availability Timeslot,توافر الفسحات زمنية,
Morning,الصباح,
Afternoon,بعد الظهر,
Evening,مساء,
Anytime,في أي وقت,
Volunteer Skills,المهارات التطوعية,
Volunteer Skill,المتطوعين المهارة,
Homepage,الصفحة الرئيسية,
Hero Section Based On,قسم البطل على أساس,
Homepage Section,قسم الصفحة الرئيسية,
Hero Section,قسم البطل,
Tag Line,شعار,
Company Tagline for website homepage,توجية الشركة للصفحة الرئيسيه بالموقع الإلكتروني,
Company Description for website homepage,وصف الشركة للصفة الرئيسيه بالموقع الإلكتروني,
Homepage Slideshow,الصفحة الرئيسية عرض الشرائح,
"URL for ""All Products""","الرابط لـ ""جميع المنتجات""",
Products to be shown on website homepage,المنتجات التي سيتم عرضها على الصفحة الرئيسية للموقع الإلكتروني,
Homepage Featured Product,الصفحة الرئيسية المنتج المميز,
route,طريق,
Section Based On,قسم بناءً على,
Section Cards,بطاقات القسم,
Number of Columns,عدد الأعمدة,
Number of columns for this section. 3 cards will be shown per row if you select 3 columns.,عدد الأعمدة لهذا القسم. سيتم عرض 3 بطاقات في كل صف إذا حددت 3 أعمدة.,
Section HTML,قسم HTML,
Use this field to render any custom HTML in the section.,استخدم هذا الحقل لتقديم أي HTML مخصص في القسم.,
Section Order,ترتيب القسم,
"Order in which sections should appear. 0 is first, 1 is second and so on.",الترتيب الذي يجب أن تظهر الأقسام. 0 هي الأولى، 1 الثانية وما إلى ذلك.,
Homepage Section Card,بطاقة قسم الصفحة الرئيسية,
Products Settings,إعدادات المنتجات,
Home Page is Products,الصفحة الرئيسية المنتجات غير,
"If checked, the Home page will be the default Item Group for the website",إذا تحققت، الصفحة الرئيسية ستكون المجموعة الافتراضية الصنف للموقع,
Show Availability Status,إظهار حالة التوفر,
Product Page,صفحة المنتج,
Products per Page,المنتجات لكل صفحة,
Enable Field Filters,تمكين عوامل التصفية الميدانية,
Item Fields,حقول الصنف,
Enable Attribute Filters,تمكين عوامل تصفية السمات,
Attributes,سمات,
Hide Variants,إخفاء المتغيرات,
Website Attribute,سمة الموقع,
Attribute,سمة,
Website Filter Field,حقل تصفية الموقع,
Activity Cost,تكلفة النشاط,
Billing Rate,سعر الفوترة,
Costing Rate,سعر التكلفة,
title,عنوان,
Projects User,عضو المشاريع,
Default Costing Rate,سعر التكلفة الافتراضي,
Default Billing Rate,سعر الفوترة الافتراضي,
Dependent Task,مهمة تابعة,
Project Type,نوع المشروع,
% Complete Method,الطريقة الكاملة%,
Task Completion,إنجاز المهمة,
Task Progress,تقدم المهمة,
% Completed,% مكتمل,
From Template,من القالب,
Project will be accessible on the website to these users,والمشروع أن تكون متاحة على الموقع الإلكتروني لهؤلاء المستخدمين,
Copied From,تم نسخها من,
Start and End Dates,تواريخ البدء والانتهاء,
Actual Time in Hours (via Timesheet),الوقت الفعلي (بالساعات),
Costing and Billing,التكلفة و الفواتير,
Total Costing Amount (via Timesheet),إجمالي مبلغ التكلفة (عبر الجداول الزمنية),
Total Expense Claim (via Expense Claim),مجموع المطالبة المصاريف (عبر مطالبات مصاريف),
Total Purchase Cost (via Purchase Invoice),مجموع تكلفة الشراء (عن طريق فاتورة المشتريات),
Total Sales Amount (via Sales Order),إجمالي مبلغ المبيعات (عبر أمر البيع),
Total Billable Amount (via Timesheet),إجمالي المبلغ القابل للفوترة (عبر الجداول الزمنية),
Total Billed Amount (via Sales Invoice),إجمالي مبلغ الفاتورة (عبر فواتير المبيعات),
Total Consumed Material Cost (via Stock Entry),إجمالي تكلفة المواد المستهلكة (عبر قيد مخزون),
Gross Margin,هامش الربح الإجمالي,
Gross Margin %,هامش إجمالي%,
Monitor Progress,التقدم المرئى,
Collect Progress,اجمع التقدم,
Frequency To Collect Progress,تردد لتجميع التقدم,
Twice Daily,مرتين يوميا,
First Email,البريد الإلكتروني الأول,
Second Email,البريد الإلكتروني الثاني,
Time to send,الوقت لارسال,
Day to Send,يوم لإرسال,
Message will be sent to the users to get their status on the Project,سيتم إرسال رسالة إلى المستخدمين للحصول على حالتهم في المشروع,
Projects Manager,مدير المشاريع,
Project Template,قالب المشروع,
Project Template Task,مهمة قالب المشروع,
Begin On (Days),ابدأ (بالأيام),
Duration (Days),المدة (أيام),
Project Update,تحديث المشروع,
Project User,عضو المشروع,
View attachments,عرض المرفقات,
Projects Settings,إعدادات المشاريع,
Ignore Workstation Time Overlap,تجاهل تداخل وقت محطة العمل,
Ignore User Time Overlap,تجاهل تداخل وقت المستخدم,
Ignore Employee Time Overlap,تجاهل تداخل وقت الموظف,
Weight,وزن,
Parent Task,المهمة الرئيسية,
Timeline,الجدول الزمني,
Expected Time (in hours),الوقت المتوقع (بالساعات),
% Progress,% التقدم,
Is Milestone,هو معلم,
Task Description,وصف المهمة,
Dependencies,تبعيات,
Dependent Tasks,المهام التابعة,
Depends on Tasks,تعتمد على المهام,
Actual Start Date (via Timesheet),تاريخ البدء الفعلي (عبر ورقة الوقت),
Actual End Date (via Timesheet),تاريخ الإنتهاء الفعلي (عبر ورقة الوقت),
Review Date,مراجعة تاريخ,
Closing Date,تاريخ الاغلاق,
Task Depends On,المهمة تعتمد على,
Task Type,نوع المهمة,
TS-.YYYY.-,TS-.YYYY.-,
Employee Detail,تفاصيل الموظف,
Billing Details,تفاصيل الفاتورة,
Total Billable Hours,مجموع الساعات فوترة,
Total Billed Hours,مجموع الساعات وصفت,
Total Costing Amount,المبلغ الكلي التكاليف,
Total Billable Amount,المبلغ الكلي القابل للمحاسبة,
Total Billed Amount,المبلغ الكلي وصفت,
% Amount Billed,المبلغ% صفت,
Hrs,ساعات,
Costing Amount,أجمالي الكلفة,
Corrective/Preventive,التصحيحية / الوقائية,
Corrective,تصحيحي,
Preventive,وقائي,
Resolution,قرار,
Resolutions,قرارات,
Quality Action Resolution,قرار جودة العمل,
Quality Feedback Parameter,نوعية ردود الفعل المعلمة,
Quality Feedback Template Parameter,نوعية ردود الفعل قالب المعلمة,
Quality Goal,هدف الجودة,
Monitoring Frequency,مراقبة التردد,
Weekday,يوم من أيام الأسبوع,
Objectives,الأهداف,
Quality Goal Objective,هدف جودة الهدف,
Objective,موضوعي,
Agenda,جدول أعمال,
Minutes,الدقائق,
Quality Meeting Agenda,جدول أعمال اجتماع الجودة,
Quality Meeting Minutes,محضر اجتماع الجودة,
Minute,دقيقة,
Parent Procedure,الإجراء الرئيسي,
Processes,العمليات,
Quality Procedure Process,عملية إجراءات الجودة,
Process Description,وصف العملية,
Link existing Quality Procedure.,ربط إجراءات الجودة الحالية.,
Additional Information,معلومة اضافية,
Quality Review Objective,هدف مراجعة الجودة,
DATEV Settings,إعدادات DATEV,
Regional,إقليمي,
Consultant ID,معرف المستشار,
GST HSN Code,غست هسن كود,
HSN Code,رمز هسن,
GST Settings,إعدادات غست,
GST Summary,ملخص غست,
GSTIN Email Sent On,غستن تم إرسال البريد الإلكتروني,
GST Accounts,حسابات ضيف,
B2C Limit,الحد B2C,
Set Invoice Value for B2C. B2CL and B2CS calculated based on this invoice value.,تعيين قيمة الفاتورة ل B2C. B2CL و B2CS محسوبة بناءً على قيمة الفاتورة هذه.,
GSTR 3B Report,تقرير GSTR 3B,
January,كانون الثاني,
February,شهر فبراير,
March,مارس,
April,أبريل,
August,أغسطس,
September,سبتمبر,
October,شهر اكتوبر,
November,شهر نوفمبر,
December,ديسمبر,
JSON Output,JSON الإخراج,
Invoices with no Place Of Supply,فواتير مع عدم وجود مكان التموين,
Import Supplier Invoice,استيراد فاتورة المورد,
Invoice Series,سلسلة الفاتورة,
Upload XML Invoices,رفع فواتير XML,
Zip File,ملف مضغوط,
Import Invoices,استيراد الفواتير,
Click on Import Invoices button once the zip file has been attached to the document. Any errors related to processing will be shown in the Error Log.,انقر على زر استيراد الفواتير بمجرد إرفاق الملف المضغوط بالوثيقة. سيتم عرض أي أخطاء متعلقة بالمعالجة في سجل الأخطاء.,
Lower Deduction Certificate,شهادة الاستقطاع الأدنى,
Certificate Details,تفاصيل الشهادة,
194A,194 أ,
194C,194 ج,
194D,194 د,
194H,194 هـ,
194I,194 أنا,
194J,194J,
194LA,194LA,
194LBB,194 رطل,
194LBC,194 إل بي سي,
Certificate No,شهادة رقم,
Deductee Details,تفاصيل الخصم,
PAN No,PAN لا,
Validity Details,تفاصيل الصلاحية,
Rate Of TDS As Per Certificate,معدل إجمالي المواد الصلبة الذائبة حسب الشهادة,
Certificate Limit,حد الشهادة,
Invoice Series Prefix,بادئة سلسلة الفاتورة,
Active Menu,القائمة النشطة,
Restaurant Menu,قائمة المطاعم,
Price List (Auto created),قائمة الأسعار (تم إنشاؤها تلقائيا),
Restaurant Manager,مدير المطعم,
Restaurant Menu Item,مطعم القائمة الصنف,
Restaurant Order Entry,مطعم دخول الطلب,
Restaurant Table,طاولة المطعم,
Click Enter To Add,انقر على إنتر للإضافة,
Last Sales Invoice,آخر فاتورة المبيعات,
Current Order,النظام الحالي,
Restaurant Order Entry Item,مطعم دخول الصنف الصنف,
Served,خدم,
Restaurant Reservation,حجز المطعم,
Waitlisted,على قائمة الانتظار,
No Show,لا إظهار,
No of People,أي من الناس,
Reservation Time,وقت الحجز,
Reservation End Time,وقت انتهاء الحجز,
No of Seats,عدد المقاعد,
Minimum Seating,الحد الأدنى للجلوس,
"Keep Track of Sales Campaigns. Keep track of Leads, Quotations, Sales Order etc from Campaigns to gauge Return on Investment. ",تتبع حملات المبيعات. تتبع الزبون المحتمل، العروض، أوامر البيع... الخ من الحملات لقياس العائد على الاستثمار.,
SAL-CAM-.YYYY.-,SAL-CAM-.YYYY.-,
Campaign Schedules,جداول الحملة,
Buyer of Goods and Services.,مشتري السلع والخدمات.,
CUST-.YYYY.-,CUST-.YYYY.-,
Default Company Bank Account,الحساب البنكي الافتراضي للشركة,
From Lead,من عميل محتمل,
Account Manager,مدير الحساب,
Allow Sales Invoice Creation Without Sales Order,السماح بإنشاء فاتورة المبيعات بدون طلب مبيعات,
Allow Sales Invoice Creation Without Delivery Note,السماح بإنشاء فاتورة المبيعات بدون إذن التسليم,
Default Price List,قائمة الأسعار الافتراضية,
Primary Address and Contact Detail,العنوان الرئيسي وتفاصيل الاتصال,
"Select, to make the customer searchable with these fields",حدد، لجعل العميل قابلا للبحث باستخدام هذه الحقول,
Customer Primary Contact,جهة الاتصال الرئيسية للعميل,
"Reselect, if the chosen contact is edited after save",إعادة تحديد، إذا تم تحرير جهة الاتصال التي تم اختيارها بعد حفظ,
Customer Primary Address,عنوان العميل الرئيسي,
"Reselect, if the chosen address is edited after save",إعادة تحديد، إذا تم تحرير عنوان المختار بعد حفظ,
Primary Address,عنوان أساسي,
Mention if non-standard receivable account,أذكر إذا غير القياسية حساب المستحق,
Credit Limit and Payment Terms,حد الائتمان وشروط الدفع,
Additional information regarding the customer.,معلومات إضافية عن الزبون.,
Sales Partner and Commission,مبيعات الشريك واللجنة,
Commission Rate,نسبة العمولة,
Sales Team Details,تفاصيل فريق المبيعات,
Customer POS id,معرف نقطة البيع للعميل,
Customer Credit Limit,حد ائتمان العميل,
Bypass Credit Limit Check at Sales Order,تجاوز الحد الائتماني في أمر البيع,
Industry Type,نوع صناعة,
MAT-INS-.YYYY.-,MAT-INS-.YYYY.-,
Installation Date,تثبيت تاريخ,
Installation Time,تثبيت الزمن,
Installation Note Item,ملاحظة تثبيت الإغلاق,
Installed Qty,الكميات الثابتة,
Lead Source,مصدر الزبون المحتمل,
Period Start Date,تاريخ بداية الفترة,
Period End Date,تاريخ انتهاء الفترة,
Cashier,أمين الصندوق,
Difference,الفرق,
Modes of Payment,طرق الدفع,
Linked Invoices,الفواتير المرتبطة,
POS Closing Voucher Details,تفاصيل قيد إغلاق نقطة البيع,
Collected Amount,المبلغ المجمع,
Expected Amount,المبلغ المتوقع,
POS Closing Voucher Invoices,فواتير قيد إغلاق نقطة البيع,
Quantity of Items,كمية من الأصناف,
"Aggregate group of **Items** into another **Item**. This is useful if you are bundling a certain **Items** into a package and you maintain stock of the packed **Items** and not the aggregate **Item**. \n\nThe package **Item** will have ""Is Stock Item"" as ""No"" and ""Is Sales Item"" as ""Yes"".\n\nFor Example: If you are selling Laptops and Backpacks separately and have a special price if the customer buys both, then the Laptop + Backpack will be a new Product Bundle Item.\n\nNote: BOM = Bill of Materials","تجميع مجموعة من **مواد ** لتشكيل مادة أخرى**. يفيد إذا كنت تجمع بعض المواد الى صنف جديد كما يمكنك من متابعة مخزون الصنف المركب** المواد** وليس مجموع ** الصنف**.\n\n الصنف المركبة ** الصنف** سيحتوي على ""صنف مخزني "" بقيمة ""لا"" و ""كصنف مبيعات "" بقيمة ""نعم "" على سبيل المثال: إذا كنت تبيع أجهزة الكمبيوتر المحمولة وحقائب الظهر بشكل منفصل لها سعر خاص اذا كان الزبون يشتري كلاهما، اذاً اللاب توب + حقيبة الظهر ستكون صنف مركب واحد جديد. ملاحظة: قائمة المواد = المواد المركبة",
Parent Item,الصنف الاصلي,
List items that form the package.,قائمة اصناف التي تتشكل حزمة.,
SAL-QTN-.YYYY.-,SAL-QTN-.YYYY.-,
Quotation To,مناقصة لـ,
Rate at which customer's currency is converted to company's base currency,المعدل الذي يتم تحويل العملة إلى عملة العميل قاعدة الشركة,
Rate at which Price list currency is converted to company's base currency,المعدل الذي يتم تحويل سعر العملة العملة الأساسية القائمة لشركة,
Additional Discount and Coupon Code,خصم إضافي ورمز القسيمة,
Referral Sales Partner,شريك مبيعات الإحالة,
In Words will be visible once you save the Quotation.,سيظهر المبلغ كتابةً بمجرد حفظ اقتباس.,
Term Details,تفاصيل الشروط,
Quotation Item,بند المناقصة,
Against Doctype,نوع المستند ضد,
Against Docname,مقابل اسم المستند,
Additional Notes,ملاحظات إضافية,
SAL-ORD-.YYYY.-,SAL-ORD-.YYYY.-,
Skip Delivery Note,تخطي إذن التسليم,
In Words will be visible once you save the Sales Order.,سيظهر المبلغ كتابةً بعد حفظ أمر البيع.,
Track this Sales Order against any Project,تتبع أمر البيع هذا مقابل أي مشروع,
Billing and Delivery Status,حالة الفوترة والتسليم,
Not Delivered,لم يتم التسليم,
Fully Delivered,تم التسليم بالكامل,
Partly Delivered,تم التسليم جزئيًا,
Not Applicable,لا ينطبق,
%  Delivered,% تم تسليمه,
% of materials delivered against this Sales Order,نسبة المواد المسلّمة مقابل أمر البيع هذا,
% of materials billed against this Sales Order,نسبة المواد المفوترة مقابل أمر البيع هذا,
Not Billed,غير مفوتر,
Fully Billed,مفوتر بالكامل,
Partly Billed,مفوتر جزئيًا,
Ensure Delivery Based on Produced Serial No,ضمان التسليم على أساس الرقم التسلسلي المنتجة,
Supplier delivers to Customer,المورد يسلم للعميل,
Delivery Warehouse,مستودع تسليم,
Planned Quantity,الكمية المخططة,
For Production,للإنتاج,
Work Order Qty,كمية أمر التشغيل,
Produced Quantity,الكمية المنتجة,
Used for Production Plan,يُستخدم في خطة الإنتاج,
Sales Partner Type,نوع شريك المبيعات,
Contact No.,الاتصال رقم,
Contribution (%),مساهمة (%),
Contribution to Net Total,المساهمة في صافي إجمالي,
Selling Settings,إعدادات البيع,
Settings for Selling Module,إعدادات لبيع وحدة,
Customer Naming By,تسمية العملاء بواسطة,
Campaign Naming By,حملة التسمية بواسطة,
Default Customer Group,المجموعة الافتراضية العملاء,
Default Territory,الإقليم الافتراضي,
Close Opportunity After Days,فرصة قريبة بعد يوم,
Default Quotation Validity Days,عدد أيام صلاحية عرض الأسعار الافتراضي,
Sales Update Frequency,تردد تحديث المبيعات,
Each Transaction,كل عملية,
SMS Center,مركز رسائل SMS,
Send To,أرسل إلى,
All Contact,جميع جهات الاتصال,
All Customer Contact,كافة جهات اتصال العميل,
All Supplier Contact,بيانات اتصال جميع الموردين,
All Sales Partner Contact,بيانات الإتصال لكل شركاء البيع,
All Lead (Open),(جميع الزبائن المحتملين (مفتوح,
All Employee (Active),جميع الموظفين (نشط),
All Sales Person,كل مندوبي المبيعات,
Create Receiver List,إنشاء قائمة استقبال,
Receiver List,قائمة الاستقبال,
Messages greater than 160 characters will be split into multiple messages,سيتم تقسيم الرسائل التي تزيد عن 160 حرفا إلى رسائل متعددة,
Total Characters,مجموع أحرف,
Total Message(s),مجموع الرسائل ( ق ),
Authorization Control,التحكم في الترخيص,
Authorization Rule,قاعدة الترخيص,
Average Discount,متوسط الخصم,
Customerwise Discount,التخفيض من ناحية الزبائن,
Itemwise Discount,التخفيض وفقاً للصنف,
Customer or Item,عميل أو بند,
Customer / Item Name,العميل / أسم الصنف,
Authorized Value,القيمة المرخص بها,
Applicable To (Role),قابلة للتطبيق على (الدور الوظيفي),
Applicable To (Employee),قابلة للتطبيق على (الموظف),
Applicable To (User),قابلة للتطبيق على (المستخدم),
Applicable To (Designation),قابلة للتطبيق على (المسمى الوظيفي),
Approving Role (above authorized value),الدور الوظيفي الذي لديه صلاحية الموافقة على قيمة اعلى من القيمة المرخص بها,
Approving User  (above authorized value),المستخدم الذي لديه صلاحية الموافقة على قيمة أعلى من القيمة المرخص بها,
Brand Defaults,افتراضيات العلامة التجارية,
Legal Entity / Subsidiary with a separate Chart of Accounts belonging to the Organization.,الكيان القانوني و الشركات التابعة التى لها لدليل حسابات منفصل تنتمي إلى المنظمة.,
Change Abbreviation,تغيير الاختصار,
Parent Company,الشركة الام,
Default Values,قيم افتراضية,
Default Holiday List,قائمة العطل الافتراضية,
Default Selling Terms,شروط البيع الافتراضية,
Default Buying Terms,شروط الشراء الافتراضية,
Create Chart Of Accounts Based On,إنشاء دليل الحسابات استنادا إلى,
Standard Template,قالب قياسي,
Existing Company,الشركة القائمة,
Chart Of Accounts Template,نمودج دليل الحسابات,
Existing Company ,الشركة الحالية,
Date of Establishment,تاريخ التأسيس,
Sales Settings,إعدادات المبيعات,
Monthly Sales Target,هدف المبيعات الشهرية,
Sales Monthly History,التاريخ الشهري للمبيعات,
Transactions Annual History,المعاملات السنوية التاريخ,
Total Monthly Sales,إجمالي المبيعات الشهرية,
Default Cash Account,حساب النقد الافتراضي,
Default Receivable Account,حساب المدينون الافتراضي,
Round Off Cost Center,مركز التكلفة الخاص بالتقريب,
Discount Allowed Account,حساب الخصم المسموح به,
Discount Received Account,حساب مستلم الخصم,
Exchange Gain / Loss Account,حساب الربح / الخسارة الناتتج عن الصرف,
Unrealized Exchange Gain/Loss Account,غير مجرب تبادل الربح / الخسارة حساب,
Allow Account Creation Against Child Company,السماح بإنشاء حساب ضد شركة تابعة,
Default Payable Account,حساب الدائنون الافتراضي,
Default Employee Advance Account,الحساب الافتراضي لدفعات الموظف المقدمة,
Default Cost of Goods Sold Account,الحساب الافتراضي لتكلفة البضائع المباعة,
Default Income Account,حساب الدخل الافتراضي,
Default Deferred Revenue Account,حساب الإيرادات المؤجلة الافتراضي,
Default Deferred Expense Account,حساب النفقات المؤجلة الافتراضي,
Default Payroll Payable Account,الحساب الافتراضي لدفع الرواتب,
Default Expense Claim Payable Account,حساب المصروفات المستحقة افتراضي,
Stock Settings,إعدادات المخزون,
Enable Perpetual Inventory,تمكين المخزون الدائم,
Default Inventory Account,حساب المخزون الافتراضي,
Stock Adjustment Account,حساب تسوية الأوراق المالية,
Fixed Asset Depreciation Settings,إعدادات اهلاك الأصول الثابتة,
Series for Asset Depreciation Entry (Journal Entry),سلسلة دخول الأصول (دخول دفتر اليومية),
Gain/Loss Account on Asset Disposal,حساب الربح / الخسارة الخاص بالتخلص من الأصول,
Asset Depreciation Cost Center,مركز تكلفة إستهلاك الأصول,
Budget Detail,تفاصيل الميزانية,
Exception Budget Approver Role,دور الموافقة على الموازنة الاستثنائية,
Company Info,معلومات عن الشركة,
For reference only.,للإشارة او المرجعية فقط.,
Company Logo,شعار الشركة,
Date of Incorporation,تاريخ التأسيس,
Date of Commencement,تاريخ البدء,
Phone No,رقم الهاتف,
Company Description,وصف الشركة,
Registration Details,تفاصيل التسجيل,
Company registration numbers for your reference. Tax numbers etc.,ارقام تسجيل الشركة و ارقام ملفات الضرائب..... الخ,
Delete Company Transactions,حذف معاملات وحركات للشركة,
Currency Exchange,تصريف العملات,
Specify Exchange Rate to convert one currency into another,تحديد سعر الصرف لتحويل عملة إلى أخرى,
From Currency,من العملة,
To Currency,إلى العملات,
For Buying,للشراء,
For Selling,للبيع,
Customer Group Name,أسم فئة العميل,
Parent Customer Group,مجموعة عملاء أولياء الأمور,
Only leaf nodes are allowed in transaction,المصنف ليس مجموعة فقط مسموح به في المعاملات,
Mention if non-standard receivable account applicable,أذكر إذا كان حساب المدينين المطبق ليس حساب المدينين الافتراضي,
Credit Limits,حدود الائتمان,
Email Digest,ملخص مرسل عن طريق البريد الإلكتروني,
Send regular summary reports via Email.,إرسال تقارير موجزة منتظمة عبر البريد الإلكتروني.,
Email Digest Settings,إعدادات الملخصات المرسله عبر البريد الإلكتروني,
How frequently?,عدد المرات؟,
Next email will be sent on:,سيتم إرسال البريد الإلكترونية التالي في :,
Note: Email will not be sent to disabled users,ملاحظة: لن يتم إرسال البريد الإلكتروني إلى المستخدم الغير نشط,
Profit & Loss,الخسارة و الأرباح,
New Income,دخل جديد,
New Expenses,مصاريف او نفقات جديدة,
Annual Income,الدخل السنوي,
Annual Expenses,المصروفات السنوية,
Bank Balance,الرصيد المصرفي,
Bank Credit Balance,رصيد رصيد البنك,
Receivables,المستحقات للغير (مدينة),
Payables,الواجب دفعها (دائنة),
Sales Orders to Bill,أوامر البيع إلى الفاتورة,
Purchase Orders to Bill,أوامر الشراء إلى الفاتورة,
New Sales Orders,طلب مبيعات جديد,
New Purchase Orders,أوامر شراء جديدة,
Sales Orders to Deliver,أوامر البيع لتقديم,
Purchase Orders to Receive,أوامر الشراء لتلقي,
New Purchase Invoice,فاتورة شراء جديدة,
New Quotations,عرض مسعر جديد,
Open Quotations,فتح الاقتباسات,
Open Issues,القضايا المفتوحة,
Open Projects,فتح المشاريع,
Purchase Orders Items Overdue,أوامر الشراء الأصناف المتأخرة,
Upcoming Calendar Events,أحداث التقويم القادمة,
Open To Do,افتح To Do,
Add Quote,إضافة عرض سعر,
Default Company,الشركة الافتراضية,
Current Fiscal Year,السنة المالية الحالية,
Default Distance Unit,وحدة قياس المسافة الافتراضية,
Hide Currency Symbol,إخفاء رمز العملة,
Do not show any symbol like $ etc next to currencies.,لا تظهر أي رمز مثل $ بجانب العملات.,
"If disable, 'Rounded Total' field will not be visible in any transaction","إذا تم تعطيله، فلن يكون الحقل ""أجمالي تقريب"" مرئيا في أي معاملة",
Disable In Words,تعطيل خاصية التفقيط,
"If disable, 'In Words' field will not be visible in any transaction",إذا تم تعطيله، فلن يكون الحقل 'بالحروف' مرئيا في أي معاملة,
Item Classification,تصنيف الصنف,
General Settings,الإعدادات عامة,
Item Group Name,اسم مجموعة الصنف,
Parent Item Group,الأم الإغلاق المجموعة,
Item Group Defaults,افتراضيات مجموعة الأصناف,
Item Tax,ضريبة الصنف,
Check this if you want to show in website,التحقق من ذلك إذا كنت تريد أن تظهر في الموقع,
Show this slideshow at the top of the page,تظهر هذه الشرائح في أعلى الصفحة,
HTML / Banner that will show on the top of product list.,HTML / بانر التي سوف تظهر في الجزء العلوي من قائمة المنتجات.,
Set prefix for numbering series on your transactions,تحديد بادئة للترقيم المتسلسل على المعاملات الخاصة بك,
Setup Series,إعداد الترقيم المتسلسل,
Update Series,تحديث الرقم المتسلسل,
Change the starting / current sequence number of an existing series.,تغيير رقم تسلسل بدء / الحالي من سلسلة الموجودة.,
Quotation Lost Reason,سبب خسارة المناقصة,
A third party distributor / dealer / commission agent / affiliate / reseller who sells the companies products for a commission.,موزع طرف ثالث / وكيل / دلّال / شريك / بائع التجزئة الذي يبيع منتجات الشركات مقابل عمولة.,
Sales Partner Name,اسم المندوب,
Partner Type,نوع الشريك,
Address & Contacts,معلومات الاتصال والعنوان,
Address Desc,معالجة التفاصيل,
Contact Desc,الاتصال التفاصيل,
Sales Partner Target,المبلغ المطلوب للمندوب,
Targets,أهداف,
Show In Website,تظهر في الموقع,
Referral Code,كود الإحالة,
To Track inbound purchase,لتتبع الشراء الوارد,
Logo,شعار,
Partner website,موقع الشريك,
All Sales Transactions can be tagged against multiple **Sales Persons** so that you can set and monitor targets.,جميع معاملات البيع يمكن ان تكون مشارة لعدة ** موظفين مبيعات** بحيث يمكنك تعيين و مراقبة اهداف البيع المحددة,
Name and Employee ID,الاسم والرقم الوظيفي,
Sales Person Name,اسم رجل المبيعات,
Parent Sales Person,رجل المبيعات الرئيسي,
Select company name first.,حدد اسم الشركة الأول.,
Sales Person Targets,اهداف رجل المبيعات,
Set targets Item Group-wise for this Sales Person.,تحديد أهداف المجموعة الصنف الحكيم لهذا الشخص المبيعات.,
Supplier Group Name,اسم مجموعة الموردين,
Parent Supplier Group,مجموعة موردي الآباء,
Target Detail,تفاصل الهدف,
Target Qty,الهدف الكمية,
Target  Amount,المبلغ المستهدف,
Target Distribution,هدف التوزيع,
"Standard Terms and Conditions that can be added to Sales and Purchases.\n\nExamples:\n\n1. Validity of the offer.\n1. Payment Terms (In Advance, On Credit, part advance etc).\n1. What is extra (or payable by the Customer).\n1. Safety / usage warning.\n1. Warranty if any.\n1. Returns Policy.\n1. Terms of shipping, if applicable.\n1. Ways of addressing disputes, indemnity, liability, etc.\n1. Address and Contact of your Company.",الشروط والأحكام التي يمكن أن تضاف إلى المبيعات والمشتريات القياسية.\n\n أمثلة: \n\n 1. صلاحية العرض.\n 1. شروط الدفع (مقدما، وعلى الائتمان، وجزء مسبقا الخ).\n 1. ما هو إضافي (أو تدفع من قبل العميل).\n 1. السلامة / تحذير الاستخدام.\n 1. الضمان إن وجدت.\n 1. عودة السياسة.\n 1. شروط الشحن، إذا كان ذلك ممكنا.\n 1. سبل معالجة النزاعات، التعويض، والمسؤولية، الخ \n 1. معالجة والاتصال من الشركة الخاصة بك.,
Applicable Modules,وحدات قابلة للتطبيق,
Terms and Conditions Help,مساعدة الشروط والأحكام,
Classification of Customers by region,تصنيف العملاء حسب المنطقة,
Territory Name,اسم الاقليم,
Parent Territory,الأم الأرض,
Territory Manager,مدير إقليمي,
For reference,للرجوع إليها,
Territory Targets,الاقاليم المستهدفة,
Set Item Group-wise budgets on this Territory. You can also include seasonality by setting the Distribution.,تعيين مجموعة من الحكمة الإغلاق الميزانيات على هذا الإقليم. يمكنك أيضا تضمين الموسمية عن طريق تعيين التوزيع.,
UOM Name,اسم وحدة القايس,
Check this to disallow fractions. (for Nos),حدد هذا الخيار لعدم السماح بالكسور مع الارقام (for Nos),
Website Item Group,مجموعة الأصناف للموقع,
Cross Listing of Item in multiple groups,Cross Listing of Item in multiple groups,
Default settings for Shopping Cart,الإعدادات الافتراضية لسلة التسوق,
Enable Shopping Cart,تمكين سلة التسوق,
Display Settings,عرض الإعدادات,
Show Public Attachments,عرض المرفقات عامة,
Show Price,عرض السعر,
Show Stock Availability,عرض توافر المخزون,
Show Contact Us Button,عرض الاتصال بنا زر,
Show Stock Quantity,عرض كمية المخزون,
Show Apply Coupon Code,إظهار تطبيق رمز القسيمة,
Allow items not in stock to be added to cart,السماح بإضافة الأصناف غير الموجودة في المخزن إلى السلة,
Prices will not be shown if Price List is not set,لن تظهر الأسعار إذا لم يتم تعيين قائمة الأسعار,
Quotation Series,سلسلة تسعيرات,
Checkout Settings,إعدادات الدفع,
Enable Checkout,تمكين الخروج,
Payment Success Url,رابط نجاح الدفع,
After payment completion redirect user to selected page.,اعاده توجيه المستخدم الى الصفحات المحدده بعد اكتمال عمليه الدفع,
Batch Details,تفاصيل الدفعة,
Batch ID,هوية الباتش,
image,صورة,
Parent Batch,دفعة الأم,
Manufacturing Date,تاريخ التصنيع,
Batch Quantity,كمية الدفعة,
Batch UOM,دفعة وحدة القياس,
Source Document Type,نوع المستند المصدر,
Source Document Name,اسم المستند المصدر,
Batch Description,وصف الباتش,
Bin,صندوق,
Reserved Quantity,الكمية المحجوزة,
Actual Quantity,الكمية الفعلية,
Requested Quantity,الكمية المطلوبة,
Reserved Qty for sub contract,الكمية المحجوزة للعقد من الباطن,
Moving Average Rate,معدل المتوسط المتحرك,
FCFS Rate,FCFS Rate,
Customs Tariff Number,رقم التعريفة الجمركية,
Tariff Number,عدد التعرفة,
Delivery To,التسليم إلى,
MAT-DN-.YYYY.-,MAT-DN-.YYYY.-,
Is Return,مرتجع,
Issue Credit Note,إصدار إشعار الائتمان,
Return Against Delivery Note,البضاعة المعادة مقابل اشعار تسليم,
Customer's Purchase Order No,رقم أمر الشراء الصادر من الزبون,
Billing Address Name,اسم عنوان تقديم الفواتير,
Required only for sample item.,مطلوب فقط لبند عينة.,
"If you have created a standard template in Sales Taxes and Charges Template, select one and click on the button below.",إذا قمت بإنشاء نمودج قياسي ل (نموذج ضرائب المبيعات والرسوم)، اختر واحدا وانقر على الزر أدناه.,
In Words will be visible once you save the Delivery Note.,بالحروف سوف تكون مرئية بمجرد حفظ اشعارالتسليم.,
In Words (Export) will be visible once you save the Delivery Note.,بالحروف (تصدير) سوف تكون مرئية بمجرد حفظ إذن التسليم.,
Transporter Info,نقل معلومات,
Driver Name,اسم السائق,
Track this Delivery Note against any Project,تتبع هذه ملاحظة التوصيل ضد أي مشروع,
Inter Company Reference,بين شركة مرجع,
Print Without Amount,طباعة بدون قيمة,
% Installed,% تم تركيب,
% of materials delivered against this Delivery Note,% من المواد التي تم تسليمها مقابل إذن التسليم هذا,
Installation Status,حالة التركيب,
Excise Page Number,رقم صفحة الضريبة,
Instructions,تعليمات,
From Warehouse,من المستودع,
Against Sales Order,مقابل طلب مبيعات,
Against Sales Order Item,مقابل بند طلب مبيعات,
Against Sales Invoice,مقابل فاتورة المبيعات,
Against Sales Invoice Item,مقابل بند فاتورة المبيعات,
Available Batch Qty at From Warehouse,متوفر (كمية باتش) عند (من المستودع),
Available Qty at From Warehouse,متوفر (كمية) في المستودع,
Delivery Settings,إعدادات التسليم,
Dispatch Settings,إعدادات الإرسال,
Dispatch Notification Template,قالب إعلام الإرسال,
Dispatch Notification Attachment,مرفق إعلام الإرسال,
Leave blank to use the standard Delivery Note format,"اتركه فارغًا لاستخدام تنسيق ""إذن التسليم"" القياسي",
Send with Attachment,إرسال مع المرفقات,
Delay between Delivery Stops,التأخير بين توقفات التسليم,
Delivery Stop,توقف التسليم,
Lock,قفل,
Visited,زار,
Order Information,معلومات الطلب,
Contact Information,معلومات الاتصال,
Email sent to,تم ارسال البريد الإلكتروني الي,
Dispatch Information,معلومات الإرسال,
Estimated Arrival,الوصول المتوقع,
MAT-DT-.YYYY.-,MAT-DT-.YYYY.-,
Initial Email Notification Sent,تم إرسال إشعار البريد الإلكتروني المبدئي,
Delivery Details,تفاصيل التسليم,
Driver Email,سائق البريد الإلكتروني,
Driver Address,عنوان السائق,
Total Estimated Distance,مجموع المسافة المقدرة,
Distance UOM,المسافة وحدة القياس,
Departure Time,وقت المغادرة,
Delivery Stops,توقف التسليم,
Calculate Estimated Arrival Times,حساب أوقات الوصول المقدرة,
Use Google Maps Direction API to calculate estimated arrival times,استخدم واجهة برمجة تطبيقات Google Maps Direction لحساب أوقات الوصول المقدرة,
Optimize Route,تحسين الطريق,
Use Google Maps Direction API to optimize route,استخدم Google Maps Direction API لتحسين المسار,
In Transit,في مرحلة انتقالية,
Fulfillment User,وفاء المستخدم,
"A Product or a Service that is bought, sold or kept in stock.",منتج أو خدمة تم شراؤها أو بيعها أو حفظها في المخزون.,
STO-ITEM-.YYYY.-,STO-ITEM-.YYYY.-,
Variant Of,البديل من,
"If item is a variant of another item then description, image, pricing, taxes etc will be set from the template unless explicitly specified",إذا كان الصنف هو البديل من بند آخر ثم وصف، صورة، والتسعير، والضرائب سيتم تعيين غيرها من القالب، ما لم يذكر صراحة,
Is Item from Hub,هو الصنف من المحور,
Default Unit of Measure,وحدة القياس الافتراضية,
Maintain Stock,متابعة المخزون,
Standard Selling Rate,سعر البيع القياسي,
Auto Create Assets on Purchase,إنشاء الأصول تلقائيًا عند الشراء,
Asset Naming Series,سلسلة تسمية الأصول,
Over Delivery/Receipt Allowance (%),زيادة التسليم / بدل الاستلام (%),
Barcodes,الباركود,
Shelf Life In Days,مدة الصلاحية (أيام),
End of Life,نهاية الحياة,
Default Material Request Type,النوع الافتراضي لـ مستند 'طلب مواد',
Valuation Method,طريقة التقييم,
FIFO,FIFO,
Moving Average,المتوسط المتحرك,
Warranty Period (in days),فترة الضمان (بالأيام),
Auto re-order,إعادة ترتيب تلقائي,
Reorder level based on Warehouse,مستوى إعادة الطلب بناءً على مستودع,
Will also apply for variants unless overrridden,سوف تطبق أيضا على المتغيرات الا اذا تم التغير فوقها,
Units of Measure,وحدات القياس,
Will also apply for variants,سوف تطبق أيضا على المتغيرات,
Serial Nos and Batches,الرقم التسلسلي ودفعات,
Has Batch No,له رقم دفعة,
Automatically Create New Batch,إنشاء دفعة جديدة تلقائيا,
Batch Number Series,سلسلة رقم الدفعة,
"Example: ABCD.#####. If series is set and Batch No is not mentioned in transactions, then automatic batch number will be created based on this series. If you always want to explicitly mention Batch No for this item, leave this blank. Note: this setting will take priority over the Naming Series Prefix in Stock Settings.",مثال: ABCD. #####. إذا تم ضبط الرقم التسلسلي ولم يتم ذكر رقم الدفعة في المعاملات، فسيتم إنشاء رقم الدفعة تلقائيًا استنادًا إلى هذه السلسلة. إذا كنت تريد دائمًا الإشارة صراحة إلى Batch No لهذا الصنف، فاترك هذا فارغًا. ملاحظة: سيأخذ هذا الإعداد الأولوية على بادئة Naming Series في إعدادات المخزون.,
Has Expiry Date,تاريخ انتهاء الصلاحية,
Retain Sample,الاحتفاظ عينة,
Max Sample Quantity,الحد الأقصى لعدد العينات,
Maximum sample quantity that can be retained,الحد الأقصى لعدد العينات التي يمكن الاحتفاظ بها,
Has Serial No,له رقم تسلسلي,
Serial Number Series,الرقم التسلسلي عدد سلسلة,
"Example: ABCD.#####\nIf series is set and Serial No is not mentioned in transactions, then automatic serial number will be created based on this series. If you always want to explicitly mention Serial Nos for this item. leave this blank.",مثال: ABCD ##### \n إذا تم تعيين سلسلة وليس المذكورة لا الرقم التسلسلي في المعاملات، سيتم إنشاء الرقم التسلسلي ثم تلقائي على أساس هذه السلسلة. إذا كنت تريد دائما أن يذكر صراحة الرقم التسلسلي رقم لهذا الصنف. ترك هذا فارغا.,
Variants,المتغيرات,
Has Variants,يحتوي على متغيرات,
"If this item has variants, then it cannot be selected in sales orders etc.",إذا كان هذا الصنف لديها بدائل، فإنه لا يمكن اختيارها في أوامر البيع الخ,
Variant Based On,البديل القائم على,
Item Attribute,موصفات الصنف,
"Sales, Purchase, Accounting Defaults",المبيعات، الشراء، افتراضيات المحاسبة,
Item Defaults,الصنف الافتراضي,
"Purchase, Replenishment Details",شراء، تفاصيل التجديد,
Is Purchase Item,هل صنف قابل للشراء,
Default Purchase Unit of Measure,وحدة الشراء الافتراضية للقياس,
Minimum Order Qty,الحد الأدنى للطلب,
Minimum quantity should be as per Stock UOM,يجب أن تكون الكمية الأدنى حسب مخزون وحدة القياس,
Average time taken by the supplier to deliver,متوسط الوقت المستغرق من قبل المورد للتسليم,
Is Customer Provided Item,هل العميل يقدم الصنف,
Delivered by Supplier (Drop Ship),سلمت من قبل مورد (إسقاط عملية الشحن),
Supplier Items,المورد الأصناف,
Foreign Trade Details,تفاصيل التجارة الخارجية,
Country of Origin,بلد المنشأ,
Sales Details,تفاصيل المبيعات,
Default Sales Unit of Measure,وحدة قياس المبيعات الافتراضية,
Is Sales Item,صنف المبيعات,
Max Discount (%),الحد الأقصى للخصم (%),
No of Months,عدد الشهور,
Customer Items,منتجات العميل,
Inspection Criteria,معايير التفتيش,
Inspection Required before Purchase,التفتيش المطلوبة قبل الشراء,
Inspection Required before Delivery,التفتيش المطلوبة قبل تسليم,
Default BOM,الافتراضي BOM,
Supply Raw Materials for Purchase,توريد مواد خام للشراء,
If subcontracted to a vendor,إذا الباطن للبائع,
Customer Code,رمز العميل,
Default Item Manufacturer,الشركة المصنعة الافتراضية للصنف,
Default Manufacturer Part No,رقم الجزء الافتراضي للشركة المصنعة,
Show in Website (Variant),مشاهدة في موقع (البديل),
Items with higher weightage will be shown higher,الاصناف ذات الاهمية العالية سوف تظهر بالاعلى,
Show a slideshow at the top of the page,تظهر الشرائح في أعلى الصفحة,
Website Image,صورة الموقع,
Website Warehouse,مستودع الموقع,
"Show ""In Stock"" or ""Not in Stock"" based on stock available in this warehouse.","تظهر ""في المستودع"" أو ""ليس في المستودع"" على أساس التواجد في هذا المستودع.",
Website Item Groups,مجموعات الأصناف للموقع,
List this Item in multiple groups on the website.,قائمة هذا الصنف في مجموعات متعددة على شبكة الانترنت.,
Copy From Item Group,نسخة من المجموعة الصنف,
Website Content,محتوى الموقع,
You can use any valid Bootstrap 4 markup in this field. It will be shown on your Item Page.,يمكنك استخدام أي ترميز Bootstrap 4 صالح في هذا الحقل. سيتم عرضه على صفحة الصنف الخاص بك.,
Total Projected Qty,توقعات مجموع الكمية,
Hub Publishing Details,هاب تفاصيل النشر,
Publish in Hub,نشر في المحور,
Publish Item to hub.erpnext.com,نشر الصنف إلى hub.erpnext.com,
Hub Category to Publish,فئة المحور للنشر,
Hub Warehouse,مركز مستودع,
"Publish ""In Stock"" or ""Not in Stock"" on Hub based on stock available in this warehouse.","نشر ""في الأوراق المالية"" أو ""غير متوفر"" على المحور استنادا إلى الأسهم المتوفرة في هذا المستودع.",
Synced With Hub,مزامن مع المحور,
Item Alternative,الصنف البديل,
Alternative Item Code,رمز الصنف البديل,
Two-way,في اتجاهين,
Alternative Item Name,اسم الصنف البديل,
Attribute Name,السمة اسم,
Numeric Values,قيم رقمية,
From Range,من المدى,
Increment,الزيادة,
To Range,تتراوح,
Item Attribute Values,قيم سمة الصنف,
Item Attribute Value,قيمة مواصفة الصنف,
Attribute Value,السمة القيمة,
Abbreviation,اسم مختصر,
"This will be appended to the Item Code of the variant. For example, if your abbreviation is ""SM"", and the item code is ""T-SHIRT"", the item code of the variant will be ""T-SHIRT-SM""","سيتم إلحاق هذا إلى بند رمز للمتغير. على سبيل المثال، إذا اختصار الخاص بك هو ""SM""، ورمز الصنف هو ""T-SHIRT""، رمز الصنف المتغير سيكون ""T-SHIRT-SM""",
Item Barcode,باركود الصنف,
Barcode Type,نوع الباركود,
EAN,EAN,
UPC-A,UPC-A,
Item Customer Detail,تفاصيل العميل لهذا الصنف,
"For the convenience of customers, these codes can be used in print formats like Invoices and Delivery Notes",لراحة العملاء، ويمكن استخدام هذه الرموز في أشكال الطباعة مثل الفواتير والسندات التسليم,
Ref Code,الرمز المرجعي,
Item Default,الصنف الافتراضي,
Purchase Defaults,المشتريات الافتراضية,
Default Buying Cost Center,مركز التكلفة المشتري الافتراضي,
Default Supplier,مزود الافتراضي,
Default Expense Account,حساب النفقات الافتراضي,
Sales Defaults,القيم الافتراضية للمبيعات,
Default Selling Cost Center,مركز تكلفة المبيعات الافتراضي,
Item Manufacturer,مادة المصنع,
Item Price,سعر الصنف,
Packing Unit,وحدة التعبئة,
Quantity  that must be bought or sold per UOM,الكمية التي يجب شراؤها أو بيعها لكل وحدة القياس,
Item Quality Inspection Parameter,معلمة تفتيش جودة الصنف,
Acceptance Criteria,معايير القبول,
Item Reorder,الصنف إعادة ترتيب,
Check in (group),تحقق في (مجموعة),
Request for,طلب ل,
Re-order Level,إعادة ترتيب مستوى,
Re-order Qty,إعادة ترتيب الكميه,
Item Supplier,مورد الصنف,
Item Variant,متغير الصنف,
Item Variant Attribute,وصف متغير الصنف,
Do not update variants on save,لا تقم بتحديث المتغيرات عند الحفظ,
Fields will be copied over only at time of creation.,سيتم نسخ الحقول فقط في وقت الإنشاء.,
Allow Rename Attribute Value,السماح بميزة إعادة التسمية,
Rename Attribute Value in Item Attribute.,إعادة تسمية سمة السمة في سمة الصنف.,
Copy Fields to Variant,نسخ الحقول إلى متغير,
Item Website Specification,مواصفات الموقع الإلكتروني للصنف,
Table for Item that will be shown in Web Site,جدول الصنف الذي سيظهر في الموقع,
Landed Cost Item,هبوط تكلفة صنف,
Receipt Document Type,استلام نوع الوثيقة,
Receipt Document,وثيقة استلام,
Applicable Charges,الرسوم المطبقة,
Purchase Receipt Item,اصناف استلام الشراء,
Landed Cost Purchase Receipt,تكاليف أذون الاستلام,
Landed Cost Taxes and Charges,الضرائب التكلفة هبطت والرسوم,
Landed Cost Voucher,هبطت التكلفة قسيمة,
MAT-LCV-.YYYY.-,MAT-LCV-.YYYY.-,
Purchase Receipts,إيصالات شراء,
Purchase Receipt Items,شراء قطع الإيصال,
Get Items From Purchase Receipts,الحصول على أصناف من أذون الاستلام,
Distribute Charges Based On,توزيع الرسوم بناءً على,
Landed Cost Help,هبطت التكلفة مساعدة,
Manufacturers used in Items,الشركات المصنعة المستخدمة في الاصناف,
Limited to 12 characters,تقتصر على 12 حرفا,
MAT-MR-.YYYY.-,MAT-MR-.YYYY.-,
Partially Ordered,طلبت جزئيًا,
Transferred,نقل,
% Ordered,% تم طلبها,
Terms and Conditions Content,محتويات الشروط والأحكام,
Quantity and Warehouse,الكمية والنماذج,
Lead Time Date,تاريخ و وقت المهلة,
Min Order Qty,أقل كمية للطلب,
Packed Item,عنصر معبأ,
To Warehouse (Optional),إلى مستودع (اختياري),
Actual Batch Quantity,كمية الدفعة الفعلية,
Prevdoc DocType,Prevdoc نوع المستند,
Parent Detail docname,الأم تفاصيل docname,
"Generate packing slips for packages to be delivered. Used to notify package number, package contents and its weight.",إنشاء قائمة بحتويات الشحنة للشحنة المراد تسليمها. يجب عليك الإبلاغ عن رقم الشحنة، محتوياتها ووزنها.,
Indicates that the package is a part of this delivery (Only Draft),يشير إلى أن الحزمة هو جزء من هذا التسليم (مشروع فقط),
MAT-PAC-.YYYY.-,MAT-PAC-.YYYY.-,
From Package No.,من رقم الحزمة,
Identification of the package for the delivery (for print),تحديد حزمة لتسليم (للطباعة),
To Package No.,لحزم رقم,
If more than one package of the same type (for print),إذا كان أكثر من حزمة واحدة من نفس النوع (للطباعة),
Package Weight Details,تفاصيل وزن الحزمة,
The net weight of this package. (calculated automatically as sum of net weight of items),وزن صافي من هذه الحزمة. (تحسب تلقائيا مجموع الوزن الصافي للصنف),
Net Weight UOM,الوزن الصافي لوحدة القياس,
Gross Weight,الوزن الإجمالي,
The gross weight of the package. Usually net weight + packaging material weight. (for print),الوزن الكلي للحزمة. الوزن الصافي عادة + تغليف المواد الوزن. (للطباعة),
Gross Weight UOM,الوزن الإجمالي وحدة القياس,
Packing Slip Item,مادة كشف التعبئة,
DN Detail,DN التفاصيل,
STO-PICK-.YYYY.-,STO-PICK-.YYYY.-,
Material Transfer for Manufacture,نقل المواد لتصنيع,
Qty of raw materials will be decided based on the qty of the Finished Goods Item,سيتم تحديد كمية المواد الخام بناءً على الكمية الخاصة ببند البضائع النهائية,
Parent Warehouse,المستودع الأصل,
Items under this warehouse will be suggested,وسيتم اقتراح الأصناف الموجودة تحت هذا المستودع,
Get Item Locations,الحصول على مواقع الصنف,
Item Locations,مواقع الصنف,
Pick List Item,اختيار عنصر القائمة,
Picked Qty,الكمية المختارة,
Price List Master,قائمة الأسعار ماستر,
Price List Name,قائمة الأسعار اسم,
Price Not UOM Dependent,السعر لا يعتمد على وحدة القياس,
Applicable for Countries,ينطبق على البلدان,
Price List Country,قائمة الأسعار البلد,
MAT-PRE-.YYYY.-,MAT-PRE-.YYYY.-,
Supplier Delivery Note,المورد تسليم مذكرة,
Time at which materials were received,الوقت الذي وردت المواد,
Return Against Purchase Receipt,العودة ضد شراء إيصال,
Rate at which supplier's currency is converted to company's base currency,المعدل الذي يتم تحويل العملة إلى عملة المورد قاعدة الشركة,
Sets 'Accepted Warehouse' in each row of the items table.,"يعيّن ""المستودع المقبول"" في كل صف من جدول الأصناف.",
Sets 'Rejected Warehouse' in each row of the items table.,"يعيّن ""المستودع المرفوض"" في كل صف من جدول الأصناف.",
Raw Materials Consumed,المواد الخام المستهلكة,
Get Current Stock,الحصول على المخزون الحالي,
Consumed Items,الأصناف المستهلكة,
Add / Edit Taxes and Charges,إضافة / تعديل الضرائب والرسوم,
Auto Repeat Detail,تكرار تلقائي للتفاصيل,
Transporter Details,تفاصيل نقل,
Vehicle Number,عدد المركبات,
Vehicle Date,تاريخ تسجيل المركبة,
Received and Accepted,تلقت ومقبول,
Accepted Quantity,كمية مقبولة,
Rejected Quantity,الكمية المرفوضة,
Accepted Qty as per Stock UOM,الكمية المقبولة حسب وحدة قياس المخزون,
Sample Quantity,كمية العينة,
Rate and Amount,معدل والمبلغ,
MAT-QA-.YYYY.-,MAT-QA-.YYYY.-,
Report Date,تقرير تاريخ,
Inspection Type,نوع التفتيش,
Item Serial No,الرقم التسلسلي للصنف,
Sample Size,حجم العينة,
Inspected By,تفتيش من قبل,
Readings,قراءات,
Quality Inspection Reading,جودة التفتيش القراءة,
Reading 1,قراءة 1,
Reading 2,القراءة 2,
Reading 3,قراءة 3,
Reading 4,قراءة 4,
Reading 5,قراءة 5,
Reading 6,قراءة 6,
Reading 7,قراءة 7,
Reading 8,قراءة 8,
Reading 9,قراءة 9,
Reading 10,قراءة 10,
Quality Inspection Template Name,قالب فحص الجودة اسم,
Quick Stock Balance,رصيد سريع الأسهم,
Available Quantity,الكمية المتوفرة,
Distinct unit of an Item,وحدة متميزة من عنصر,
Warehouse can only be changed via Stock Entry / Delivery Note / Purchase Receipt,لا يمكن إلا أن تتغير مستودع عبر الحركات المستودعية/ التوصيل ملاحظة / شراء الإيصال,
Purchase / Manufacture Details,تفاصيل شراء / تصنيع,
Creation Document Type,إنشاء نوع الوثيقة,
Creation Document No,إنشاء وثيقة رقم,
Creation Date,تاريخ الإنشاء,
Creation Time,تاريخ الإنشاء,
Asset Details,تفاصيل الأصول,
Asset Status,حالة الأصول,
Delivery Document Type,نوع وثيقة التسليم,
Delivery Document No,رقم وثيقة التسليم,
Delivery Time,وقت التسليم,
Invoice Details,تفاصيل الفاتورة,
Warranty / AMC Details,الضمان / AMC تفاصيل,
Warranty Expiry Date,ضمان تاريخ الانتهاء,
AMC Expiry Date,AMC تاريخ انتهاء الاشتراك,
Under Warranty,تحت الضمان,
Out of Warranty,لا تغطيه الضمان,
Under AMC,تحت AMC,
Out of AMC,من AMC,
Warranty Period (Days),فترة الضمان (أيام),
Serial No Details,تفاصيل الرقم التسلسلي,
MAT-STE-.YYYY.-,MAT-STE-.YYYY.-,
Stock Entry Type,نوع قيد مخزون,
Stock Entry (Outward GIT),إدخال الأسهم (GIT للخارج),
Material Consumption for Manufacture,اهلاك المواد للتصنيع,
Repack,أعد حزم,
Send to Subcontractor,إرسال إلى المقاول من الباطن,
Delivery Note No,رقم إذن التسليم,
Sales Invoice No,رقم فاتورة المبيعات,
Purchase Receipt No,لا شراء استلام,
Inspection Required,التفتيش مطلوب,
From BOM,من BOM,
For Quantity,للكمية,
As per Stock UOM,وفقا للأوراق وحدة القياس,
Including items for sub assemblies,بما في ذلك الأصناف للمجموعات الفرعية,
Default Source Warehouse,المستودع المصدر الافتراضي,
Source Warehouse Address,عنوان مستودع المصدر,
Default Target Warehouse,المستودع الوجهة الافتراضي,
Target Warehouse Address,عنوان المستودع المستهدف,
Update Rate and Availability,معدل التحديث والتوفر,
Total Incoming Value,إجمالي القيمة الواردة,
Total Outgoing Value,إجمالي القيمة الصادرة,
Total Value Difference (Out - In),إجمالي قيمة الفرق (خارج - في),
Additional Costs,تكاليف إضافية,
Total Additional Costs,مجموع التكاليف الإضافية,
Customer or Supplier Details,عميل او تفاصيل المورد,
Per Transferred,لكل نقل,
Stock Entry Detail,تفاصيل ادخال المخزون,
Basic Rate (as per Stock UOM),التسعير الأساسي استنادأ لوحدة القياس,
Basic Amount,المبلغ الأساسي,
Additional Cost,تكلفة إضافية,
Serial No / Batch,رقم الرقم التسلسلي / الدفعة,
BOM No. for a Finished Good Item,رقم قائمة المواد لغرض جيد,
Material Request used to make this Stock Entry,طلب المواد المستخدمة لانشاء الحركة المخزنية,
Subcontracted Item,الصنف من الباطن,
Against Stock Entry,ضد دخول الأسهم,
Stock Entry Child,الأسهم دخول الطفل,
PO Supplied Item,PO الموردة الصنف,
Reference Purchase Receipt,مرجع شراء إيصال,
Stock Ledger Entry,قيد دفتر أستاذ المخزون,
Outgoing Rate,أسعار المنتهية ولايته,
Actual Qty After Transaction,الكمية الفعلية بعد العملية,
Stock Value Difference,فرق قيمة المخزون,
Stock Queue (FIFO),الأسهم قائمة انتظار (FIFO),
Is Cancelled,هل ملغي,
Stock Reconciliation,تسوية المخزون,
This tool helps you to update or fix the quantity and valuation of stock in the system. It is typically used to synchronise the system values and what actually exists in your warehouses.,تساعدك هذه الأداة لتحديث أو تحديد الكمية وتقييم الأوراق المالية في النظام. وعادة ما يتم استخدامه لمزامنة قيم النظام وما هو موجود فعلا في المستودعات الخاصة بك.,
MAT-RECO-.YYYY.-,MAT-ريكو-.YYYY.-,
Reconciliation JSON,المصالحة JSON,
Stock Reconciliation Item,جرد عناصر المخزون,
Before reconciliation,قبل المصالحة,
Current Serial No,الرقم التسلسلي الحالي,
Current Valuation Rate,معدل التقييم الحالي,
Current Amount,المبلغ الحالي,
Quantity Difference,الكمية الفرق,
Amount Difference,مقدار الفرق,
Item Naming By,تسمية الصنف بواسطة,
Default Item Group,المجموعة الافتراضية للمواد,
Default Stock UOM,افتراضي وحدة القياس,
Sample Retention Warehouse,مستودع الاحتفاظ بالعينات,
Default Valuation Method,أسلوب التقييم الافتراضي,
Show Barcode Field,مشاهدة الباركود الميدان,
Convert Item Description to Clean HTML,تحويل وصف الصنف لتنظيف هتمل,
Allow Negative Stock,السماح بالمخزون السالب,
Automatically Set Serial Nos based on FIFO,حدد الرقم التسلسلي بناءً على FIFO,
Auto Material Request,طلب مواد تلقائي,
Inter Warehouse Transfer Settings,إعدادات نقل المستودعات الداخلية,
Freeze Stock Entries,تجميد مقالات المالية,
Stock Frozen Upto,المخزون المجمدة لغاية,
Batch Identification,تحديد الدفعة,
Use Naming Series,استخدام سلسلة التسمية,
Naming Series Prefix,بادئة سلسلة التسمية,
UOM Category,تصنيف وحدة القياس,
UOM Conversion Detail,تفاصيل تحويل وحدة القياس,
Variant Field,الحقل البديل,
A logical Warehouse against which stock entries are made.,مستودع منطقي لقاء ما تم إدخاله من مخزون.,
Warehouse Detail,تفاصيل المستودع,
Warehouse Name,اسم المستودع,
Warehouse Contact Info,معلومات الأتصال بالمستودع,
PIN,دبوس,
ISS-.YYYY.-,ISS-.YYYY.-,
Raised By (Email),التي أثارها (بريد إلكتروني),
Issue Type,نوع القضية,
Issue Split From,قضية الانقسام من,
Service Level,مستوى الخدمة,
Response By,الرد بواسطة,
Response By Variance,الرد بواسطة التباين,
Ongoing,جاري التنفيذ,
Resolution By,القرار بواسطة,
Resolution By Variance,القرار عن طريق التباين,
Service Level Agreement Creation,إنشاء اتفاقية مستوى الخدمة,
First Responded On,أجاب أولا على,
Resolution Details,قرار تفاصيل,
Opening Date,تاريخ الفتح,
Opening Time,يفتح من الساعة,
Resolution Date,تاريخ القرار,
Via Customer Portal,عبر بوابة العملاء,
Support Team,فريق الدعم,
Issue Priority,أولوية الإصدار,
Service Day,يوم الخدمة,
Workday,يوم عمل,
Default Priority,الأولوية الافتراضية,
Priorities,أولويات,
Support Hours,ساعات الدعم,
Support and Resolution,الدعم والقرار,
Default Service Level Agreement,اتفاقية مستوى الخدمة الافتراضية,
Entity,كيان,
Agreement Details,تفاصيل الاتفاقية,
Response and Resolution Time,زمن الاستجابة والقرار,
Service Level Priority,أولوية مستوى الخدمة,
Resolution Time,وفر الوقت,
Support Search Source,دعم مصدر البحث,
Source Type,نوع المصدر,
Query Route String,سلسلة مسار الاستعلام,
Search Term Param Name,Search Param Name,
Response Options,خيارات الاستجابة,
Response Result Key Path,الاستجابة نتيجة المسار الرئيسي,
Post Route String,Post Post String,
Post Route Key List,Post Route Key List,
Post Title Key,عنوان العنوان الرئيسي,
Post Description Key,وظيفة الوصف,
Link Options,خيارات الارتباط,
Source DocType,المصدر نوع المستند,
Result Title Field,النتيجة عنوان الحقل,
Result Preview Field,حقل معاينة النتيجة,
Result Route Field,النتيجة مجال التوجيه,
Service Level Agreements,اتفاقيات مستوى الخدمة,
Track Service Level Agreement,تتبع اتفاقية مستوى الخدمة,
Allow Resetting Service Level Agreement,السماح بإعادة ضبط اتفاقية مستوى الخدمة,
Close Issue After Days,اغلاق المشكلة بعد ايام,
Auto close Issue after 7 days,أغلاق تلقائي للمشكلة بعد 7 أيام.,
Support Portal,بوابة الدعم,
Get Started Sections,تبدأ الأقسام,
Show Latest Forum Posts,إظهار أحدث مشاركات المنتدى,
Forum Posts,مشاركات المنتدى,
Forum URL,رابط المنتدى,
Get Latest Query,احصل على آخر استفسار,
Response Key List,قائمة مفتاح الاستجابة,
Post Route Key,وظيفة الطريق الرئيسي,
Search APIs,بحث واجهات برمجة التطبيقات,
SER-WRN-.YYYY.-,SER-WRN-.YYYY.-,
Issue Date,تاريخ القضية,
Item and Warranty Details,الصنف والضمان تفاصيل,
Warranty / AMC Status,الضمان / AMC الحالة,
Resolved By,حلها عن طريق,
Service Address,عنوان الخدمة,
If different than customer address,إذا كان مختلفا عن عنوان العميل,
Raised By,التي أثارها,
From Company,من شركة,
Rename Tool,إعادة تسمية أداة,
Utilities,خدمات,
Type of document to rename.,نوع الوثيقة إلى إعادة تسمية.,
File to Rename,إعادة تسمية الملف,
"Attach .csv file with two columns, one for the old name and one for the new name",إرفاق ملف csv مع عمودين، واحدة للاسم القديم واحدة للاسم الجديد,
Rename Log,إعادة تسمية الدخول,
SMS Log,SMS سجل رسائل,
Sender Name,اسم المرسل,
Sent On,ارسلت في,
No of Requested SMS,رقم رسائل SMS التي طلبت,
Requested Numbers,الأرقام المطلوبة,
No of Sent SMS,رقم رسائل SMS التي أرسلت,
Sent To,يرسل الى,
Absent Student Report,تقرير طالب متغيب,
Assessment Plan Status,حالة خطة التقييم,
Asset Depreciation Ledger,دفتر حسابات استهلاك الأصول,
Asset Depreciations and Balances,إستهلاك الأصول والأرصدة,
Available Stock for Packing Items,المخزون المتاج للأصناف المعبأة,
Bank Clearance Summary,ملخص التخليص البنكى,
Batch Item Expiry Status,حالة انتهاء صلاحية الدفعة الصنف,
Batch-Wise Balance History,دفعة الحكيم التاريخ الرصيد,
BOM Explorer,BOM Explorer,
BOM Search,BOM البحث,
BOM Stock Calculated,BOM Stock محتسب,
BOM Variance Report,تقرير الفرق BOM,
Campaign Efficiency,كفاءة الحملة,
Cash Flow,التدفق النقدي,
Completed Work Orders,أوامر العمل المكتملة,
To Produce,لإنتاج,
Produced,أنتجت,
Consolidated Financial Statement,القوائم المالية الموحدة,
Course wise Assessment Report,تقرير التقييم الحكيم للدورة,
Customer Acquisition and Loyalty,اكتساب العملاء و الولاء,
Customer Credit Balance,رصيد العميل,
Customer Ledger Summary,ملخص دفتر الأستاذ,
Customer-wise Item Price,سعر الصنف العملاء الحكيم,
Customers Without Any Sales Transactions,زبائن بدون أي معاملات مبيعات,
Daily Timesheet Summary,ملخص سجل الدوام اليومي,
DATEV,DATEV,
Delayed Item Report,تأخر تقرير الصنف,
Delayed Order Report,تأخر تقرير الطلب,
Delivered Items To Be Billed,مواد سلمت و لم يتم اصدار فواتيرها,
Delivery Note Trends,توجهات أذون التسليم,
Electronic Invoice Register,تسجيل الفاتورة الإلكترونية,
Employee Billing Summary,ملخص فواتير الموظفين,
Employee Birthday,عيد ميلاد موظف,
Employee Information,معلومات الموظف,
Employee Leave Balance,رصيد اجازات الموظف,
Employee Leave Balance Summary,الموظف إجازة ملخص الرصيد,
Eway Bill,Eway بيل,
Expiring Memberships,عضوية منتهية الصلاحية,
Fichier des Ecritures Comptables [FEC],فيشير ديس إكوريتورس كومبتابليز [فيك],
Final Assessment Grades,درجات التقييم النهائية,
Fixed Asset Register,سجل الأصول الثابتة,
Gross and Net Profit Report,تقرير الربح الإجمالي والصافي,
GST Itemised Purchase Register,غست موزعة شراء سجل,
GST Itemised Sales Register,غست موزعة المبيعات التسجيل,
GST Purchase Register,غست شراء سجل,
GST Sales Register,غست مبيعات التسجيل,
GSTR-1,GSTR-1,
GSTR-2,GSTR-2,
Hotel Room Occupancy,فندق غرفة إشغال,
HSN-wise-summary of outward supplies,HSN-wise-summary of outward supplies,
Inactive Customers,العملاء الغير النشطين,
Inactive Sales Items,عناصر المبيعات غير النشطة,
IRS 1099,مصلحة الضرائب 1099,
Issued Items Against Work Order,الأصناف الصادرة ضد أمر التشغيل,
Projected Quantity as Source,المتوقع الكمية كمصدر,
Item Balance (Simple),الصنف الرصيد (بسيط),
Item Price Stock,سعر صنف المخزون,
Item Prices,أسعار الصنف,
Item Shortage Report,تقرير نقص الصنف,
Item Variant Details,الصنف تفاصيل متغير,
Item-wise Price List Rate,معدل قائمة الأسعار وفقاً للصنف,
Item-wise Purchase History,الحركة التاريخية للمشتريات وفقاً للصنف,
Item-wise Purchase Register,سجل حركة المشتريات وفقاً للصنف,
Item-wise Sales History,الحركة التاريخية للمبيعات وفقاً للصنف,
Item-wise Sales Register,سجل حركة مبيعات وفقاً للصنف,
Items To Be Requested,اصناف يمكن طلبه,
Reserved,محجوز,
Itemwise Recommended Reorder Level,مستوى إعادة ترتيب يوصى به وفقاً للصنف,
Lead Details,تفاصيل الزبون المحتمل,
Lead Owner Efficiency,يؤدي كفاءة المالك,
Lost Opportunity,فرصة ضائعة,
Maintenance Schedules,جداول الصيانة,
Material Requests for which Supplier Quotations are not created,طلبات المواد التي لم ينشأ لها عروض أسعار من الموردين,
Open Work Orders,فتح أوامر العمل,
Qty to Deliver,الكمية للتسليم,
Patient Appointment Analytics,تحليلات موعد المريض,
Payment Period Based On Invoice Date,طريقة الدفع بناءً على تاريخ الفاتورة,
Pending SO Items For Purchase Request,اصناف كتيرة معلقة لطلب الشراء,
Procurement Tracker,المقتفي المشتريات,
Product Bundle Balance,حزمة المنتج الرصيد,
Production Analytics,تحليلات إنتاج,
Profit and Loss Statement,قائمة الدخل,
Profitability Analysis,تحليل الربحية,
Project Billing Summary,ملخص فواتير المشروع,
Project wise Stock Tracking,تتبع المشروع الحكيم,
Project wise Stock Tracking ,مشروع تتبع حركة الأسهم الحكمة,
Prospects Engaged But Not Converted,آفاق تشارك ولكن لم تتحول,
Purchase Analytics,تحليلات المشتريات,
Purchase Invoice Trends,اتجهات فاتورة المشتريات,
Qty to Receive,الكمية للاستلام,
Received Qty Amount,الكمية المستلمة,
Billed Qty,الفواتير الكمية,
Purchase Order Trends,اتجهات امر الشراء,
Purchase Receipt Trends,شراء اتجاهات الإيصال,
Purchase Register,سجل شراء,
Quotation Trends,مؤشرات المناقصة,
Received Items To Be Billed,الأصناف الواردة إلى أن توصف,
Qty to Order,الكمية للطلب,
Requested Items To Be Transferred,الأصناف المطلوبة على أن يتم تحويلها,
Qty to Transfer,الكمية للنقل,
Sales Analytics,تحليل المبيعات,
Sales Invoice Trends,اتجاهات فاتورة المبيعات,
Sales Order Trends,مجرى طلبات البيع,
Sales Partner Commission Summary,ملخص عمولة شريك المبيعات,
Sales Partner Target Variance based on Item Group,الفرق المستهدف لشركاء المبيعات استنادًا إلى مجموعة الأصناف,
Sales Partner Transaction Summary,ملخص معاملات شريك المبيعات,
Sales Partners Commission,عمولة المناديب,
Invoiced Amount (Exclusive Tax),مبلغ الفاتورة (غير شامل الضريبة),
Average Commission Rate,متوسط العمولة,
Sales Payment Summary,ملخص دفع المبيعات,
Sales Person Commission Summary,ملخص مندوب مبيعات الشخص,
Sales Person Target Variance Based On Item Group,شخص المبيعات التباين المستهدف بناءً على مجموعة الصنف,
Sales Person-wise Transaction Summary,ملخص المبيعات بناءً على رجل المبيعات,
Sales Register,سجل مبيعات,
Serial No Service Contract Expiry,مسلسل العقد لا انتهاء الاشتراك خدمة,
Serial No Status,حالة رقم الرقم التسلسلي,
Serial No Warranty Expiry,الرقم التسلسلي لا عودة انتهاء الاشتراك,
Stock Ageing,التبويب التاريخي للمخزن,
Stock and Account Value Comparison,الأسهم وقيمة الحساب مقارنة,
Stock Projected Qty,كمية المخزون المتوقعة,
Student and Guardian Contact Details,طالب والجارديان تفاصيل الاتصال,
Student Batch-Wise Attendance,طالب دفعة حكيم الحضور,
Student Fee Collection,طالب رسوم مجموعة,
Student Monthly Attendance Sheet,طالب ورقة الحضور الشهري,
Subcontracted Item To Be Received,الصنف المتعاقد عليه من الباطن,
Subcontracted Raw Materials To Be Transferred,المواد الخام المتعاقد عليها من الباطن,
Supplier Ledger Summary,ملخص دفتر الأستاذ,
Supplier-Wise Sales Analytics,المورد حكيم المبيعات تحليلات,
Support Hour Distribution,دعم توزيع ساعة,
TDS Computation Summary,ملخص حساب TDS,
TDS Payable Monthly,TDS مستحق الدفع شهريًا,
Territory Target Variance Based On Item Group,التباين المستهدف للمنطقة بناءً على مجموعة الأصناف,
Territory-wise Sales,المبيعات الحكيمة,
Total Stock Summary,ملخص إجمالي المخزون,
Trial Balance,ميزان المراجعة,
Trial Balance (Simple),ميزان المراجعة (بسيط),
Trial Balance for Party,ميزان المراجعة للحزب,
Warehouse wise Item Balance Age and Value,مستودع الحكيم الصنف الرصيد العمر والقيمة,
Work Order Stock Report,تقرير مخزون أمر التشغيل,
Work Orders in Progress,أوامر العمل في التقدم,
Automatically Process Deferred Accounting Entry,معالجة الإدخال المؤجل للمحاسبة تلقائيًا,
Bank Clearance,تخليص البنك,
Bank Clearance Detail,تفاصيل التخليص المصرفي,
Update Cost Center Name / Number,تحديث اسم / رقم مركز التكلفة,
Journal Entry Template,قالب قيد يومية,
Template Title,عنوان النموذج,
Journal Entry Type,نوع قيد يومية,
Journal Entry Template Account,حساب قالب قيد يومية,
Process Deferred Accounting,عملية المحاسبة المؤجلة,
Manual entry cannot be created! Disable automatic entry for deferred accounting in accounts settings and try again,لا يمكن إنشاء الإدخال اليدوي! قم بتعطيل الإدخال التلقائي للمحاسبة المؤجلة في إعدادات الحسابات وحاول مرة أخرى,
End date cannot be before start date,لا يمكن أن يكون تاريخ الانتهاء قبل تاريخ البدء,
Total Counts Targeted,إجمالي الأعداد المستهدفة,
Total Counts Completed,إجمالي الأعداد المنجزة,
Counts Targeted: {0},الأعداد المستهدفة: {0},
Material Request Warehouse,مستودع طلب المواد,
Select warehouse for material requests,حدد المستودع لطلبات المواد,
Transfer Materials For Warehouse {0},نقل المواد للمستودع {0},
Production Plan Material Request Warehouse,مستودع طلب مواد خطة الإنتاج,
Sets 'Source Warehouse' in each row of the items table.,"يعيّن ""مستودع المصدر"" في كل صف من جدول الأصناف.",
Sets 'Target Warehouse' in each row of the items table.,"يعيّن ""المستودع المستهدف"" في كل صف من جدول الأصناف.",
Show Cancelled Entries,إظهار القيود الملغاة,
Backdated Stock Entry,إدخال مخزون مؤرخ,
Row #{}: Currency of {} - {} doesn't matches company currency.,الصف # {}: عملة {} - {} لا تطابق عملة الشركة.,
{} Assets created for {},{} الأصول المنشأة لـ {},
{0} Number {1} is already used in {2} {3},{0} الرقم {1} مستخدم بالفعل في {2} {3},
Update Bank Clearance Dates,تحديث تواريخ التخليص المصرفي,
Healthcare Practitioner: ,طبيب الرعاية الصحية:,
Lab Test Conducted: ,تم إجراء الاختبار المعملي:,
Lab Test Event: ,حدث الاختبار المعملي:,
Lab Test Result: ,نتيجة الاختبار المعملي:,
Clinical Procedure conducted: ,الإجراء السريري الذي تم إجراؤه:,
Therapy Session Charges: {0},رسوم جلسة العلاج: {0},
Therapy: ,علاج نفسي:,
Therapy Plan: ,خطة العلاج:,
Total Counts Targeted: ,إجمالي الأعداد المستهدفة:,
Total Counts Completed: ,إجمالي الأعداد المكتملة:,
Service Received But Not Billed,تم استلام الخدمة ولكن لم يتم دفع الفاتورة,
Deferred Accounting Settings,إعدادات المحاسبة المؤجلة,
Book Deferred Entries Based On,حجز قيود مؤجلة على أساس,
Days,أيام,
Months,الشهور,
Book Deferred Entries Via Journal Entry,كتاب مؤجل قيود عن طريق قيد يومية,
Submit Journal Entries,إرسال قيود دفتر اليومية,
If this is unchecked Journal Entries will be saved in a Draft state and will have to be submitted manually,إذا كان هذا غير محدد، فسيتم حفظ قيود دفتر اليومية في حالة المسودة وسيتعين إرسالها يدويًا,
Enable Distributed Cost Center,تمكين مركز التكلفة الموزعة,
Distributed Cost Center,مركز التكلفة الموزعة,
Dunning,إنذار بالدفع,
DUNN-.MM.-.YY.-,DUNN-.MM.-. YY.-,
Overdue Days,الأيام المتأخرة,
Dunning Type,نوع الطلب,
Dunning Fee,رسوم المطالبة,
Dunning Amount,مبلغ المطالبة,
Resolved,تم الحل,
Unresolved,لم تحل,
Printing Setting,إعداد الطباعة,
Body Text,نص أساسي,
Closing Text,نص ختامي,
Resolve,حل,
Dunning Letter Text,طلب نص الرسالة,
Is Default Language,هي اللغة الافتراضية,
Letter or Email Body Text,نص الرسالة أو نص البريد الإلكتروني,
Letter or Email Closing Text,نص إغلاق الرسالة أو البريد الإلكتروني,
Body and Closing Text Help,النص الأساسي والنص الختامي تعليمات,
Overdue Interval,الفاصل الزمني المتأخر,
Dunning Letter,رسالة تذكير,
"This section allows the user to set the Body and Closing text of the Dunning Letter for the Dunning Type based on language, which can be used in Print.",يسمح هذا القسم للمستخدم بتعيين النص الأساسي ونص الإغلاق لحرف المطالبة لنوع المطالبة بناءً على اللغة، والتي يمكن استخدامها في الطباعة.,
Reference Detail No,تفاصيل المرجع رقم,
Custom Remarks,ملاحظات مخصصة,
Please select a Company first.,الرجاء تحديد شركة أولاً.,
"Row #{0}: Reference Document Type must be one of Sales Order, Sales Invoice, Journal Entry or Dunning",الصف # {0}: يجب أن يكون نوع المستند المرجعي أحد أوامر البيع أو فاتورة المبيعات أو قيد يومية أو المطالبة,
POS Closing Entry,دخول إغلاق نقاط البيع,
POS Opening Entry,دخول فتح نقاط البيع,
POS Transactions,معاملات نقاط البيع,
POS Closing Entry Detail,تفاصيل دخول إغلاق نقطة البيع,
Opening Amount,مبلغ الافتتاح,
Closing Amount,مبلغ الإغلاق,
POS Closing Entry Taxes,ضرائب الدخول الختامية لنقاط البيع,
POS Invoice,فاتورة نقاط البيع,
ACC-PSINV-.YYYY.-,ACC-PSINV-.YYYY.-,
Consolidated Sales Invoice,فاتورة المبيعات الموحدة,
Return Against POS Invoice,العودة مقابل فاتورة نقاط البيع,
Consolidated,موحّد,
POS Invoice Item,بند فاتورة نقاط البيع,
POS Invoice Merge Log,سجل دمج فاتورة نقاط البيع,
POS Invoices,فواتير نقاط البيع,
Consolidated Credit Note,مذكرة ائتمان موحدة,
POS Invoice Reference,مرجع فاتورة نقاط البيع,
Set Posting Date,تحديد تاريخ الترحيل,
Opening Balance Details,تفاصيل الرصيد الافتتاحي,
POS Opening Entry Detail,تفاصيل دخول فتح نقاط البيع,
POS Payment Method,طريقة الدفع في نقاط البيع,
Payment Methods,طرق الدفع,
Process Statement Of Accounts,بيان العملية للحسابات,
General Ledger Filters,مرشحات دفتر الأستاذ عام,
Customers,العملاء,
Select Customers By,حدد العملاء حسب,
Fetch Customers,جلب العملاء,
Send To Primary Contact,أرسل إلى جهة الاتصال الأساسية,
Print Preferences,تفضيلات الطباعة,
Include Ageing Summary,قم بتضمين ملخص الشيخوخة,
Enable Auto Email,تفعيل البريد الإلكتروني التلقائي,
Filter Duration (Months),مدة الفلتر (شهور),
CC To,CC إلى,
Help Text,نص المساعدة,
Emails Queued,رسائل البريد الإلكتروني في قائمة الانتظار,
Process Statement Of Accounts Customer,بيان العملية لحسابات العملاء,
Billing Email,البريد الإلكتروني لقوائم الدفع,
Primary Contact Email,البريد الإلكتروني لجهة الاتصال الأساسية,
PSOA Cost Center,مركز تكلفة PSOA,
PSOA Project,مشروع PSOA,
ACC-PINV-RET-.YYYY.-,ACC-PINV-RET-.YYYY.-,
Supplier GSTIN,المورد GSTIN,
Place of Supply,مكان التوريد,
Select Billing Address,اختر عنوان الفواتير,
GST Details,تفاصيل ضريبة السلع والخدمات,
GST Category,فئة ضريبة السلع والخدمات,
Registered Regular,منتظم مسجل,
Registered Composition,التكوين المسجل,
Unregistered,غير مسجل,
SEZ,المناطق الاقتصادية الخاصة,
Overseas,ما وراء البحار,
UIN Holders,حوامل UIN,
With Payment of Tax,مع دفع الضريبة,
Without Payment of Tax,بدون دفع الضرائب,
Invoice Copy,نسخة الفاتورة,
Original for Recipient,الأصل للمستلم,
Duplicate for Transporter,مكرر للناقل,
Duplicate for Supplier,تكرار للمورد,
Triplicate for Supplier,ثلاث نسخ للمورد,
Reverse Charge,تهمة العكسي,
Y,ص,
N,ن,
E-commerce GSTIN,GSTIN للتجارة الإلكترونية,
Reason For Issuing document,سبب اصدار الوثيقة,
01-Sales Return,01-إرجاع المبيعات,
02-Post Sale Discount,02-خصم ما بعد البيع,
03-Deficiency in services,03- قصور في الخدمات,
04-Correction in Invoice,04- تصحيح الفاتورة,
05-Change in POS,05-التغيير في نقاط البيع,
06-Finalization of Provisional assessment,06- الانتهاء من الربط المؤقت,
07-Others,07-أخرى,
Eligibility For ITC,الأهلية لمركز التجارة الدولية,
Input Service Distributor,موزع خدمة الإدخال,
Import Of Service,استيراد الخدمة,
Import Of Capital Goods,استيراد السلع الرأسمالية,
Ineligible,غير مؤهل,
All Other ITC,جميع مراكز التجارة الدولية الأخرى,
Availed ITC Integrated Tax,الاستفادة من ضريبة ITC المتكاملة,
Availed ITC Central Tax,الاستفادة من ضريبة مركز التجارة الدولية,
Availed ITC State/UT Tax,تم الاستفادة من ضريبة الدولة / ضريبة UT الخاصة بمركز التجارة الدولية,
Availed ITC Cess,ضرائب ITC المتاحة,
Is Nil Rated or Exempted,لا يوجد تصنيف أو معفي,
Is Non GST,غير ضريبة السلع والخدمات,
ACC-SINV-RET-.YYYY.-,ACC-SINV-RET-.YYYY.-,
E-Way Bill No.,إي-واي بيل No.,
Is Consolidated,موحّدة,
Billing Address GSTIN,عنوان إرسال الفواتير GSTIN,
Customer GSTIN,رقم GSTIN للعميل,
GST Transporter ID,معرف ناقل ضريبة السلع والخدمات,
Distance (in km),المسافة (بالكيلومتر),
Road,طريق,
Air,هواء,
Rail,سكة حديدية,
Ship,سفينة,
GST Vehicle Type,نوع المركبة GST,
Over Dimensional Cargo (ODC),الحمولة الزائدة عن الأبعاد (ODC),
Consumer,مستهلك,
Deemed Export,يعتبر التصدير,
Port Code,كود المنفذ,
 Shipping Bill Number,رقم فاتورة الشحن,
Shipping Bill Date,تاريخ فاتورة الشحن,
Subscription End Date,تاريخ انتهاء الاشتراك,
Follow Calendar Months,اتبع التقويم الأشهر,
If this is checked subsequent new invoices will be created on calendar  month and quarter start dates irrespective of current invoice start date,إذا تم التحقق من ذلك، فسيتم إنشاء فواتير جديدة لاحقة في شهر التقويم وتواريخ بدء ربع السنة بغض النظر عن تاريخ بدء الفاتورة الحالي,
Generate New Invoices Past Due Date,إنشاء فواتير جديدة تجاوز تاريخ الاستحقاق,
New invoices will be generated as per schedule even if current invoices are unpaid or past due date,سيتم إنشاء فواتير جديدة وفقًا للجدول الزمني حتى إذا كانت الفواتير الحالية غير مدفوعة أو تجاوز تاريخ الاستحقاق,
Document Type ,نوع الوثيقة,
Subscription Price Based On,يعتمد سعر الاشتراك على,
Fixed Rate,سعر الصرف الثابت,
Based On Price List,على أساس قائمة الأسعار,
Monthly Rate,المعدل الشهري,
Cancel Subscription After Grace Period,إلغاء الاشتراك بعد فترة السماح,
Source State,دولة المصدر,
Is Inter State,هو Inter State,
Purchase Details,تفاصيل شراء,
Depreciation Posting Date,تاريخ ترحيل الإهلاك,
"By default, the Supplier Name is set as per the Supplier Name entered. If you want Suppliers to be named by a  ",بشكل افتراضي، يتم تعيين اسم المورد وفقًا لاسم المورد الذي تم إدخاله. إذا كنت تريد تسمية الموردين بواسطة أ,
 choose the 'Naming Series' option.,"اختر خيار ""سلسلة التسمية"".",
Configure the default Price List when creating a new Purchase transaction. Item prices will be fetched from this Price List.,تكوين قائمة الأسعار الافتراضية عند إنشاء معاملة شراء جديدة. سيتم جلب أسعار الأصناف من قائمة الأسعار هذه.,
"If this option is configured 'Yes', ERPNext will prevent you from creating a Purchase Invoice or Receipt without creating a Purchase Order first. This configuration can be overridden for a particular supplier by enabling the 'Allow Purchase Invoice Creation Without Purchase Order' checkbox in the Supplier master.","إذا تم تكوين هذا الخيار ""نعم""، سيمنعك ITQAN ERP من إنشاء فاتورة شراء أو إيصال دون إنشاء أمر الشراء أولاً. يمكن تجاوز هذا التكوين لمورد معين عن طريق تمكين مربع الاختيار ""السماح بإنشاء فاتورة المشتريات بدون أمر الشراء"" في مدير المورد.",
"If this option is configured 'Yes', ERPNext will prevent you from creating a Purchase Invoice without creating a Purchase Receipt first. This configuration can be overridden for a particular supplier by enabling the 'Allow Purchase Invoice Creation Without Purchase Receipt' checkbox in the Supplier master.","إذا تم تكوين هذا الخيار ""نعم""، سيمنعك ITQAN ERP من إنشاء فاتورة شراء دون إنشاء إيصال شراء أولاً. يمكن تجاوز هذا التكوين لمورد معين عن طريق تمكين مربع الاختيار ""السماح بإنشاء فاتورة المشتريات بدون إيصال شراء"" في مدير المورد.",
Quantity & Stock,الكمية والمخزون,
Call Details,تفاصيل المكالمة,
Authorised By,مرخص بها من,
Signee (Company),التوقيع (شركة),
Signed By (Company),موقع من قبل (الشركة),
First Response Time,وقت الاستجابة الأول,
Request For Quotation,طلب عرض أسعار,
Opportunity Lost Reason Detail,فرصة سبب ضياع التفاصيل,
Access Token Secret,الوصول إلى الرمز السري,
Add to Topics,أضف إلى المواضيع,
...Adding Article to Topics,... إضافة مادة إلى المواضيع,
Add Article to Topics,أضف المادة إلى المواضيع,
This article is already added to the existing topics,تمت إضافة هذه المقالة بالفعل إلى الموضوعات الموجودة,
Add to Programs,أضف إلى البرامج,
Programs,البرامج,
...Adding Course to Programs,... إضافة دورة إلى البرامج,
Add Course to Programs,إضافة دورة إلى البرامج,
This course is already added to the existing programs,تمت إضافة هذه الدورة بالفعل إلى البرامج الحالية,
Learning Management System Settings,إعدادات نظام إدارة التعلم,
Enable Learning Management System,تمكين نظام إدارة التعلم,
Learning Management System Title,عنوان نظام إدارة التعلم,
...Adding Quiz to Topics,... إضافة مسابقة إلى المواضيع,
Add Quiz to Topics,أضف مسابقة إلى المواضيع,
This quiz is already added to the existing topics,تمت إضافة هذا الاختبار بالفعل إلى الموضوعات الموجودة,
Enable Admission Application,تفعيل تطبيق القبول,
EDU-ATT-.YYYY.-,EDU-ATT-.YYYY.-,
Marking attendance,بمناسبة الحضور,
Add Guardians to Email Group,أضف الأوصياء إلى مجموعة البريد الإلكتروني,
Attendance Based On,الحضور على أساس,
Check this to mark the student as present in case the student is not attending the institute to participate or represent the institute in any event.\n\n,حدد هذا لتمييز الطالب على أنه موجود في حالة عدم حضور الطالب للمعهد للمشاركة أو تمثيل المعهد في أي حال.,
Add to Courses,أضف إلى الدورات,
...Adding Topic to Courses,... إضافة موضوع إلى الدورات,
Add Topic to Courses,إضافة موضوع إلى الدورات,
This topic is already added to the existing courses,تمت إضافة هذا الموضوع بالفعل إلى الدورات التدريبية الموجودة,
"If Shopify does not have a customer in the order, then while syncing the orders, the system will consider the default customer for the order",إذا لم يكن لدى Shopify عميل في الطلب، فعندئذٍ أثناء مزامنة الطلبات، سيأخذ النظام في الاعتبار العميل الافتراضي للأمر,
The accounts are set by the system automatically but do confirm these defaults,يتم تعيين الحسابات بواسطة النظام تلقائيًا ولكنها تؤكد هذه الإعدادات الافتراضية,
Default Round Off Account,حساب التقريب الافتراضي,
Failed Import Log,فشل سجل الاستيراد,
Fixed Error Log,سجل خطأ ثابت,
Company {0} already exists. Continuing will overwrite the Company and Chart of Accounts,الشركة {0} موجودة بالفعل. سيؤدي الاستمرار إلى الكتابة فوق الشركة ومخطط الحسابات,
Meta Data,البيانات الوصفية,
Unresolve,لم يحسم,
Create Document,إنشاء وثيقة,
Mark as unresolved,وضع علامة لم يتم حلها,
TaxJar Settings,إعدادات TaxJar,
Sandbox Mode,وضع الحماية,
Enable Tax Calculation,تمكين حساب الضريبة,
Create TaxJar Transaction,إنشاء معاملة TaxJar,
Credentials,شهاداته,
Live API Key,مفتاح API المباشر,
Sandbox API Key,مفتاح API Sandbox,
Configuration,ترتيب,
Tax Account Head,رئيس حساب الضرائب,
Shipping Account Head,رئيس حساب الشحن,
Practitioner Name,اسم الممارس,
Enter a name for the Clinical Procedure Template,أدخل اسمًا لنموذج الإجراءات السريرية,
Set the Item Code which will be used for billing the Clinical Procedure.,قم بتعيين رمز الصنف الذي سيتم استخدامه لفوترة الإجراء السريري.,
Select an Item Group for the Clinical Procedure Item.,حدد مجموعة عناصر لعنصر الإجراء السريري.,
Clinical Procedure Rate,معدل الإجراءات السريرية,
Check this if the Clinical Procedure is billable and also set the rate.,تحقق من هذا إذا كان الإجراء السريري قابل للفوترة وقم أيضًا بتعيين السعر.,
Check this if the Clinical Procedure utilises consumables. Click ,تحقق من هذا إذا كان الإجراء السريري يستخدم المواد الاستهلاكية. انقر,
 to know more,لمعرفة المزيد,
"You can also set the Medical Department for the template. After saving the document, an Item will automatically be created for billing this Clinical Procedure. You can then use this template while creating Clinical Procedures for Patients. Templates save you from filling up redundant data every single time. You can also create templates for other operations like Lab Tests, Therapy Sessions, etc.",يمكنك أيضًا تعيين القسم الطبي للقالب. بعد حفظ المستند، سيتم إنشاء عنصر تلقائيًا لفواتير هذا الإجراء السريري. يمكنك بعد ذلك استخدام هذا النموذج أثناء إنشاء الإجراءات السريرية للمرضى. توفر لك القوالب من ملء البيانات الزائدة في كل مرة. يمكنك أيضًا إنشاء قوالب لعمليات أخرى مثل الاختبارات المعملية وجلسات العلاج وما إلى ذلك.,
Descriptive Test Result,نتيجة الاختبار الوصفي,
Allow Blank,السماح بالفراغ,
Descriptive Test Template,نموذج اختبار وصفي,
"If you want to track Payroll and other HRMS operations for a Practitoner, create an Employee and link it here.",إذا كنت ترغب في تتبع كشوف المرتبات وعمليات HRMS الأخرى لممارس، فأنشئ موظفًا واربطه هنا.,
Set the Practitioner Schedule you just created. This will be used while booking appointments.,قم بتعيين جدول الممارس الذي أنشأته للتو. سيتم استخدام هذا أثناء حجز المواعيد.,
Create a service item for Out Patient Consulting.,قم بإنشاء عنصر خدمة لاستشارات المرضى الخارجيين.,
"If this Healthcare Practitioner works for the In-Patient Department, create a service item for Inpatient Visits.",إذا كان ممارس الرعاية الصحية هذا يعمل في قسم المرضى الداخليين، فقم بإنشاء عنصر خدمة لزيارات المرضى الداخليين.,
Set the Out Patient Consulting Charge for this Practitioner.,حدد رسوم استشارة المريض الخارجي لهذا الممارس.,
"If this Healthcare Practitioner also works for the In-Patient Department, set the inpatient visit charge for this Practitioner.",إذا كان ممارس الرعاية الصحية هذا يعمل أيضًا في قسم المرضى الداخليين، فقم بتعيين رسوم زيارة المرضى الداخليين لهذا الممارس.,
"If checked, a customer will be created for every Patient. Patient Invoices will be created against this Customer. You can also select existing Customer while creating a Patient. This field is checked by default.",إذا تم تحديده، فسيتم إنشاء عميل لكل مريض. سيتم إنشاء فواتير المريض مقابل هذا العميل. يمكنك أيضًا تحديد العميل الحالي أثناء إنشاء مريض. يتم فحص هذا الحقل افتراضيًا.,
Collect Registration Fee,تحصيل رسوم التسجيل,
"If your Healthcare facility bills registrations of Patients, you can check this and set the Registration Fee in the field below. Checking this will create new Patients with a Disabled status by default and will only be enabled after invoicing the Registration Fee.","إذا كانت منشأة الرعاية الصحية الخاصة بك تقوم بفواتير تسجيلات المرضى، فيمكنك التحقق من ذلك وتعيين رسوم التسجيل في الحقل أدناه. سيؤدي التحقق من ذلك إلى إنشاء مرضى جدد بحالة ""معطل"" بشكل افتراضي ولن يتم تمكينهم إلا بعد فوترة رسوم التسجيل.",
Checking this will automatically create a Sales Invoice whenever an appointment is booked for a Patient.,سيؤدي التحقق من هذا إلى إنشاء فاتورة المبيعات تلقائيًا كلما تم حجز موعد لمريض.,
Healthcare Service Items,عناصر خدمة الرعاية الصحية,
"You can create a service item for Inpatient Visit Charge and set it here. Similarly, you can set up other Healthcare Service Items for billing in this section. Click ",يمكنك إنشاء عنصر خدمة لرسم زيارة المرضى الداخليين وتعيينه هنا. وبالمثل، يمكنك إعداد عناصر خدمة رعاية صحية أخرى للفوترة في هذا القسم. انقر,
Set up default Accounts for the Healthcare Facility,قم بإعداد حسابات افتراضية لمنشأة الرعاية الصحية,
"If you wish to override default accounts settings and configure the Income and Receivable accounts for Healthcare, you can do so here.",إذا كنت ترغب في تجاوز إعدادات الحسابات الافتراضية وتكوين حسابات الدخل والمدينين للرعاية الصحية، يمكنك القيام بذلك هنا.,
Out Patient SMS alerts,تنبيهات الرسائل القصيرة للمرضى الخارجيين,
"If you want to send SMS alert on Patient Registration, you can enable this option. Similary, you can set up Out Patient SMS alerts for other functionalities in this section. Click ",إذا كنت تريد إرسال تنبيه عبر الرسائل القصيرة على تسجيل المريض، فيمكنك تمكين هذا الخيار. وبالمثل، يمكنك إعداد تنبيهات الرسائل القصيرة للمرضى الخارجيين للوظائف الأخرى في هذا القسم. انقر,
Admission Order Details,تفاصيل أمر القبول,
Admission Ordered For,أمر القبول ل,
Expected Length of Stay,المدة المتوقعة للإقامة,
Admission Service Unit Type,نوع وحدة خدمة القبول,
Healthcare Practitioner (Primary),ممارس رعاية صحية (ابتدائي),
Healthcare Practitioner (Secondary),ممارس رعاية صحية (ثانوي),
Admission Instruction,تعليمات القبول,
Chief Complaint,الشكوى الرئيسية,
Medications,الأدوية,
Investigations,التحقيقات,
Discharge Detials,ديتيالس التفريغ,
Discharge Ordered Date,تاريخ أمر التفريغ,
Discharge Instructions,تعليمات التفريغ,
Follow Up Date,متابعة التاريخ,
Discharge Notes,ملاحظات التفريغ,
Processing Inpatient Discharge,معالجة خروج المرضى الداخليين,
Processing Patient Admission,معالجة قبول المريض,
Check-in time cannot be greater than the current time,لا يمكن أن يكون وقت تسجيل الوصول أكبر من الوقت الحالي,
Process Transfer,نقل العملية,
HLC-LAB-.YYYY.-,HLC-LAB-.YYYY.-,
Expected Result Date,تاريخ النتيجة المتوقع,
Expected Result Time,وقت النتيجة المتوقع,
Printed on,طبع على,
Requesting Practitioner,طالب ممارس,
Requesting Department,طلب القسم,
Employee (Lab Technician),موظف (فني مختبر),
Lab Technician Name,اسم فني المعمل,
Lab Technician Designation,تعيين فني مختبر,
Compound Test Result,نتيجة الاختبار المركب,
Organism Test Result,نتيجة اختبار الكائن الحي,
Sensitivity Test Result,نتيجة اختبار الحساسية,
Worksheet Print,طباعة ورقة العمل,
Worksheet Instructions,تعليمات ورقة العمل,
Result Legend Print,نتيجة طباعة وسيلة الإيضاح,
Print Position,موقف الطباعة,
Both,على حد سواء,
Result Legend,أسطورة النتيجة,
Lab Tests,فحوصات مخبرية,
No Lab Tests found for the Patient {0},لم يتم العثور على اختبارات معملية للمريض {0},
"Did not send SMS, missing patient mobile number or message content.",لم ترسل رسالة نصية أو رقم جوال المريض مفقودًا أو محتوى الرسالة.,
No Lab Tests created,لم يتم إنشاء اختبارات معملية,
Creating Lab Tests...,إنشاء الاختبارات المعملية...,
Lab Test Group Template,نموذج مجموعة الاختبار المعملي,
Add New Line,أضف سطر جديد,
Secondary UOM,وحدة القياس الثانوية,
"<b>Single</b>: Results which require only a single input.\n<br>\n<b>Compound</b>: Results which require multiple event inputs.\n<br>\n<b>Descriptive</b>: Tests which have multiple result components with manual result entry.\n<br>\n<b>Grouped</b>: Test templates which are a group of other test templates.\n<br>\n<b>No Result</b>: Tests with no results, can be ordered and billed but no Lab Test will be created. e.g.. Sub Tests for Grouped results",<b>مفرد</b> : النتائج التي تتطلب مدخلاً واحدًا فقط.<br><b>المركب</b> : النتائج التي تتطلب مدخلات متعددة للحدث.<br><b>وصفية</b> : الاختبارات التي تحتوي على مكونات نتائج متعددة مع إدخال يدوي للنتائج.<br><b>مجمعة</b> : قوالب الاختبار وهي مجموعة من قوالب الاختبار الأخرى.<br><b>لا توجد نتيجة</b> : الاختبارات التي ليس لها نتائج، يمكن طلبها وفواتيرها ولكن لن يتم إنشاء اختبار معمل. على سبيل المثال الاختبارات الفرعية لنتائج مجمعة,
"If unchecked, the item will not be available in Sales Invoices for billing but can be used in group test creation. ",إذا لم يتم تحديده، فلن يكون الصنف متاحًا في فواتير المبيعات للفوترة ولكن يمكن استخدامه في إنشاء اختبار المجموعة.,
Description ,وصف,
Descriptive Test,اختبار وصفي,
Group Tests,اختبارات المجموعة,
Instructions to be printed on the worksheet,التعليمات المطلوب طباعتها على ورقة العمل,
"Information to help easily interpret the test report, will be printed as part of the Lab Test result.",ستتم طباعة المعلومات التي تساعد في تفسير تقرير الاختبار بسهولة كجزء من نتيجة الاختبار المعملي.,
Normal Test Result,نتيجة الاختبار العادية,
Secondary UOM Result,نتيجة وحدة القياس الثانوية,
Italic,مائل,
Underline,تسطير,
Organism,الكائن الحي,
Organism Test Item,عنصر اختبار الكائن الحي,
Colony Population,سكان المستعمرة,
Colony UOM,مستعمرة وحدة القياس,
Tobacco Consumption (Past),استهلاك التبغ (الماضي),
Tobacco Consumption (Present),استهلاك التبغ (في الوقت الحاضر),
Alcohol Consumption (Past),استهلاك الكحول (الماضي),
Alcohol Consumption (Present),استهلاك الكحول (الحاضر),
Billing Item,عنصر الفواتير,
Medical Codes,الرموز الطبية,
Clinical Procedures,الإجراءات السريرية,
Order Admission,طلب القبول,
Scheduling Patient Admission,جدولة قبول المريض,
Order Discharge,طلب التفريغ,
Sample Details,تفاصيل العينة,
Collected On,جمعت في,
No. of prints,عدد المطبوعات,
Number of prints required for labelling the samples,عدد المطبوعات المطلوبة لتسمية العينات,
HLC-VTS-.YYYY.-,HLC-VTS-.YYYY.-,
Payroll Cost Center,مركز تكلفة الرواتب,
Approvers,الموافقون,
The first Approver in the list will be set as the default Approver.,سيتم تعيين الموافق الأول في القائمة باعتباره الموافق الافتراضي.,
Shift Request Approver,الموافق على طلب التحول,
Provident Fund Account,حساب صندوق الادخار,
MICR Code,كود MICR,
Repay unclaimed amount from salary,سداد المبلغ غير المطالب به من الراتب,
Deduction from salary,خصم من الراتب,
If this is not checked the loan by default will be considered as a Demand Loan,إذا لم يتم التحقق من ذلك، فسيتم اعتبار القرض بشكل افتراضي كقرض تحت الطلب,
This account is used for booking loan repayments from the borrower and also disbursing loans to the borrower,يستخدم هذا الحساب لحجز أقساط سداد القرض من المقترض وأيضًا صرف القروض للمقترض,
This account is capital account which is used to allocate capital for loan disbursal account ,هذا الحساب هو حساب رأس المال الذي يستخدم لتخصيص رأس المال لحساب صرف القرض,
This account will be used for booking loan interest accruals,سيتم استخدام هذا الحساب لحجز استحقاقات الفائدة على القروض,
This account will be used for booking penalties levied due to delayed repayments,سيتم استخدام هذا الحساب في غرامات الحجز المفروضة بسبب تأخر السداد,
Variant BOM,المتغير BOM,
Template Item,عنصر القالب,
Select template item,حدد عنصر القالب,
Select variant item code for the template item {0},حدد رمز عنصر متغير لعنصر النموذج {0},
Downtime Entry,دخول وقت التوقف,
DT-,DT-,
Workstation / Machine,محطة العمل / الآلة,
Operator,المشغل أو عامل,
In Mins,في دقائق,
Downtime Reason,سبب التوقف,
Stop Reason,توقف السبب,
Excessive machine set up time,وقت إعداد الماكينة المفرط,
Unplanned machine maintenance,صيانة الآلة غير المخطط لها,
On-machine press checks,الشيكات الصحفية على الجهاز,
Machine operator errors,أخطاء مشغل الآلة,
Machine malfunction,عطل الآلة,
Electricity down,انقطاع الكهرباء,
Operation Row Number,رقم صف العملية,
Operation {0} added multiple times in the work order {1},تمت إضافة العملية {0} عدة مرات في أمر التشغيل {1},
"If ticked, multiple materials can be used for a single Work Order. This is useful if one or more time consuming products are being manufactured.",إذا تم تحديده، يمكن استخدام مواد متعددة لطلب عمل واحد. يكون هذا مفيدًا إذا تم تصنيع منتج أو أكثر من المنتجات التي تستغرق وقتًا طويلاً.,
Backflush Raw Materials,المواد الخام Backflush,
"The Stock Entry of type 'Manufacture' is known as backflush. Raw materials being consumed to manufacture finished goods is known as backflushing. <br><br> When creating Manufacture Entry, raw-material items are backflushed based on BOM of production item. If you want raw-material items to be backflushed based on Material Transfer entry made against that Work Order instead, then you can set it under this field.","يُعرف قيد مخزون من نوع ""التصنيع"" باسم التدفق الرجعي. تُعرف المواد الخام التي يتم استهلاكها لتصنيع الأصناف التامة الصنع بالتدفق العكسي.<br><br>عند إنشاء إدخال التصنيع، يتم إجراء مسح تلقائي لعناصر المواد الخام استنادًا إلى قائمة مكونات الصنف الخاصة بصنف الإنتاج. إذا كنت تريد إعادة تسريح أصناف المواد الخام استنادًا إلى إدخال نقل المواد الذي تم إجراؤه مقابل أمر التشغيل هذا بدلاً من ذلك، فيمكنك تعيينه ضمن هذا الحقل.",
Work In Progress Warehouse,مستودع قيد الإنجاز,
This Warehouse will be auto-updated in the Work In Progress Warehouse field of Work Orders.,"سيتم تحديث هذا المستودع تلقائيًا في حقل ""مستودع العمل قيد التقدم"" الخاص بأوامر العمل.",
Finished Goods Warehouse,مستودع البضائع الجاهزة,
This Warehouse will be auto-updated in the Target Warehouse field of Work Order.,"سيتم تحديث هذا المستودع تلقائيًا في حقل ""المستودع الهدف"" الخاص بأمر التشغيل.",
"If ticked, the BOM cost will be automatically updated based on Valuation Rate / Price List Rate / last purchase rate of raw materials.",إذا تم تحديدها، فسيتم تحديث تكلفة قائمة مكونات الصنف تلقائيًا استنادًا إلى معدل التقييم / سعر قائمة الأسعار / معدل الشراء الأخير للمواد الخام.,
Source Warehouses (Optional),مستودعات المصدر (اختياري),
"System will pickup the materials from the selected warehouses. If not specified, system will create material request for purchase.",سيستلم النظام المواد من المستودعات المختارة. إذا لم يتم تحديده، فسيقوم النظام بإنشاء طلب مواد للشراء.,
Lead Time,المهلة,
PAN Details,تفاصيل PAN,
Create Customer,إنشاء العميل,
Invoicing,الفواتير,
Enable Auto Invoicing,قم بتمكين الفواتير التلقائية,
Send Membership Acknowledgement,إرسال إقرار العضوية,
Send Invoice with Email,إرسال الفاتورة بالبريد الإلكتروني,
Membership Print Format,تنسيق طباعة العضوية,
Invoice Print Format,تنسيق طباعة الفاتورة,
Revoke <Key></Key>,سحب او إبطال&lt;Key&gt;&lt;/Key&gt;,
You can learn more about memberships in the manual. ,يمكنك معرفة المزيد عن العضويات في الدليل.,
ERPNext Docs,مستندات ITQAN ERP,
Regenerate Webhook Secret,إعادة إنشاء Webhook Secret,
Generate Webhook Secret,إنشاء Webhook Secret,
Copy Webhook URL,نسخ عنوان الرابط للويب هوك,
Linked Item,عنصر مرتبط,
Feedback By,ردود الفعل من,
Manufacturing Section,قسم التصنيع,
"By default, the Customer Name is set as per the Full Name entered. If you want Customers to be named by a ",بشكل افتراضي، يتم تعيين اسم العميل وفقًا للاسم الكامل الذي تم إدخاله. إذا كنت تريد تسمية العملاء بواسطة أ,
Configure the default Price List when creating a new Sales transaction. Item prices will be fetched from this Price List.,تكوين قائمة الأسعار الافتراضية عند إنشاء معاملة مبيعات جديدة. سيتم جلب أسعار الأصناف من قائمة الأسعار هذه.,
"If this option is configured 'Yes', ERPNext will prevent you from creating a Sales Invoice or Delivery Note without creating a Sales Order first. This configuration can be overridden for a particular Customer by enabling the 'Allow Sales Invoice Creation Without Sales Order' checkbox in the Customer master.","إذا تم تكوين هذا الخيار ""نعم""، سيمنعك ITQAN ERP من إنشاء فاتورة المبيعات أو مذكرة تسليم دون إنشاء أمر مبيعات أولاً. يمكن تجاوز هذا التكوين لعميل معين عن طريق تمكين مربع الاختيار ""السماح بإنشاء فاتورة المبيعات بدون طلب مبيعات"" في مدير العميل.",
"If this option is configured 'Yes', ERPNext will prevent you from creating a Sales Invoice without creating a Delivery Note first. This configuration can be overridden for a particular Customer by enabling the 'Allow Sales Invoice Creation Without Delivery Note' checkbox in the Customer master.","إذا تم تكوين هذا الخيار ""نعم""، سيمنعك ITQAN ERP من إنشاء فاتورة المبيعات دون إنشاء مذكرة تسليم أولاً. يمكن تجاوز هذا التكوين لعميل معين عن طريق تمكين مربع الاختيار ""السماح بإنشاء فاتورة المبيعات بدون إذن التسليم"" في مدير العميل.",
Default Warehouse for Sales Return,المستودع الافتراضي لعائد المبيعات,
Default In Transit Warehouse,افتراضي في مستودع النقل,
Enable Perpetual Inventory For Non Stock Items,تمكين الجرد الدائم للبنود غير المخزنة,
HRA Settings,إعدادات HRA,
Basic Component,المكون الأساسي,
HRA Component,مكون HRA,
Arrear Component,مكون المتأخر,
Please enter the company name to confirm,الرجاء إدخال اسم الشركة للتأكيد,
Quotation Lost Reason Detail,اقتباس تفاصيل سبب فقد,
Enable Variants,تمكين المتغيرات,
Save Quotations as Draft,احفظ الاقتباسات كمسودة,
MAT-DN-RET-.YYYY.-,MAT-DN-RET-.YYYY.-,
Please Select a Customer,الرجاء تحديد عميل,
Against Delivery Note Item,ضد بند إذن التسليم,
Is Non GST ,غير ضريبة السلع والخدمات,
Image Description,وصف الصورة,
Transfer Status,حالة نقل,
MAT-PR-RET-.YYYY.-,MAT-PR-RET-.YYYY.-,
Track this Purchase Receipt against any Project,تتبع إذن الاستلام هذا مقابل أي مشروع,
Please Select a Supplier,الرجاء تحديد مورد,
Add to Transit,أضف إلى Transit,
Set Basic Rate Manually,قم بتعيين السعر الأساسي يدويًا,
"By default, the Item Name is set as per the Item Code entered. If you want Items to be named by a ",بشكل افتراضي، يتم تعيين اسم الصنف وفقًا لرمز الصنف الذي تم إدخاله. إذا كنت تريد تسمية الأصناف بواسطة أ,
Set a Default Warehouse for Inventory Transactions. This will be fetched into the Default Warehouse in the Item master.,تعيين مستودع افتراضي لمعاملات المخزون. سيتم جلب هذا إلى المستودع الافتراضي في مدير الصنف.,
"This will allow stock items to be displayed in negative values. Using this option depends on your use case. With this option unchecked, the system warns before obstructing a transaction that is causing negative stock.",سيسمح هذا بعرض عناصر المخزون بقيم سالبة. استخدام هذا الخيار يعتمد على حالة الاستخدام الخاصة بك. مع عدم تحديد هذا الخيار، يحذر النظام قبل إعاقة معاملة تتسبب في مخزون سالب.,
Choose between FIFO and Moving Average Valuation Methods. Click ,اختر بين أساليب التقييم أولاً يصرف أولاً (FIFO) وطريقة تقييم المتوسط المتحرك. انقر,
 to know more about them.,لمعرفة المزيد عنها.,
Show 'Scan Barcode' field above every child table to insert Items with ease.,"اعرض حقل ""مسح الرمز الشريطي"" فوق كل جدول فرعي لإدراج الأصناف بسهولة.",
"Serial numbers for stock will be set automatically based on the Items entered based on first in first out in transactions like Purchase/Sales Invoices, Delivery Notes, etc.",سيتم تعيين الأرقام التسلسلية للمخزون تلقائيًا بناءً على الأصناف التي تم إدخالها بناءً على ما يرد أولاً في المعاملات مثل فواتير الشراء / المبيعات، وأذون التسليم، وما إلى ذلك.,
"If blank, parent Warehouse Account or company default will be considered in transactions",إذا كان فارغًا، فسيتم اعتبار حساب المستودع الأصلي أو حساب الشركة الافتراضي في المعاملات,
Service Level Agreement Details,تفاصيل اتفاقية مستوى الخدمة,
Service Level Agreement Status,حالة اتفاقية مستوى الخدمة,
On Hold Since,معلق منذ,
Total Hold Time,إجمالي وقت الانتظار,
Response Details,تفاصيل الرد,
Average Response Time,متوسط وقت الاستجابة,
User Resolution Time,وقت قرار المستخدم,
SLA is on hold since {0},اتفاقية مستوى الخدمة معلقة منذ {0},
Pause SLA On Status,إيقاف مؤقت لحالة SLA,
Pause SLA On,إيقاف تشغيل SLA مؤقتًا,
Greetings Section,قسم التحيات,
Greeting Title,عنوان الترحيب,
Greeting Subtitle,الترجمة التحية,
Youtube ID,معرف يوتيوب,
Youtube Statistics,إحصاءات يوتيوب,
Views,الآراء,
Dislikes,يكره,
Video Settings,اعدادات الفيديو,
Enable YouTube Tracking,تمكين تتبع يوتيوب,
30 mins,30 دقيقة,
1 hr,1 ساعة,
6 hrs,6 ساعات,
Patient Progress,تقدم المريض,
Targetted,مستهدف,
Score Obtained,تم الحصول على النتيجة,
Sessions,الجلسات,
Average Score,متوسط درجة,
Select Assessment Template,حدد نموذج التقييم,
 out of ,بعيدا عن المكان,
Select Assessment Parameter,حدد معلمة التقييم,
Gender: ,جنس:,
Contact: ,اتصل:,
Total Therapy Sessions: ,إجمالي جلسات العلاج:,
Monthly Therapy Sessions: ,الجلسات العلاجية الشهرية:,
Patient Profile,الملف الشخصي للمريض,
Point Of Sale,نقطة البيع,
Email sent successfully.,تم إرسال البريد الإلكتروني بنجاح.,
Search by invoice id or customer name,البحث عن طريق معرف الفاتورة أو اسم العميل,
Invoice Status,حالة الفاتورة,
Filter by invoice status,تصفية حسب حالة الفاتورة,
Select item group,حدد مجموعة الأصناف,
No items found. Scan barcode again.,لم يتم العثور على الأصناف. امسح الباركود ضوئيًا مرة أخرى.,
"Search by customer name, phone, email.",البحث عن طريق اسم العميل، الهاتف، البريد الإلكتروني.,
Enter discount percentage.,أدخل نسبة الخصم.,
Discount cannot be greater than 100%,لا يمكن أن يكون الخصم أكبر من 100%,
Enter customer's email,أدخل البريد الإلكتروني الخاص بالعميل,
Enter customer's phone number,أدخل رقم هاتف العميل,
Customer contact updated successfully.,تم تحديث جهة اتصال العميل بنجاح.,
Item will be removed since no serial / batch no selected.,ستتم إزالة الصنف نظرًا لعدم تحديد أي مسلسل / دفعة.,
Discount (%),نسبة الخصم (%),
You cannot submit the order without payment.,لا يمكنك تقديم الطلب بدون دفع.,
You cannot submit empty order.,لا يمكنك تقديم طلب فارغ.,
To Be Paid,لكي تدفع,
Create POS Opening Entry,إنشاء مدخل فتح نقطة البيع,
Please add Mode of payments and opening balance details.,الرجاء إضافة طريقة الدفع وتفاصيل الرصيد الافتتاحي.,
Toggle Recent Orders,تبديل الطلبات الأخيرة,
Save as Draft,حفظ كمسودة,
You must add atleast one item to save it as draft.,يجب إضافة عنصر واحد على الأقل لحفظه كمسودة.,
There was an error saving the document.,حدث خطأ أثناء حفظ المستند.,
You must select a customer before adding an item.,يجب عليك تحديد عميل قبل إضافة عنصر.,
Please Select a Company,الرجاء تحديد شركة,
Active Leads,العروض النشطة,
Please Select a Company.,الرجاء تحديد شركة.,
BOM Operations Time,وقت عمليات BOM,
BOM ID,معرف BOM,
BOM Item Code,رمز عنصر BOM,
Time (In Mins),الوقت (بالدقائق),
Sub-assembly BOM Count,التجميع الفرعي BOM Count,
View Type,نوع العرض,
Total Delivered Amount,إجمالي المبلغ الذي تم تسليمه,
Downtime Analysis,تحليل وقت التعطل,
Machine,آلة,
Downtime (In Hours),التوقف (بالساعات),
Employee Analytics,تحليلات الموظف,
"""From date"" can not be greater than or equal to ""To date""","لا يمكن أن يكون ""من تاريخ"" أكبر من أو يساوي ""حتى الآن""",
Exponential Smoothing Forecasting,تنبؤ تجانس أسي,
First Response Time for Issues,وقت الاستجابة الأول للمشكلات,
First Response Time for Opportunity,وقت الاستجابة الأول للفرصة,
Depreciatied Amount,المبلغ الموقوف,
Period Based On,الفترة على أساس,
Date Based On,تاريخ بناءً على,
{0} and {1} are mandatory,{0} و {1} إلزاميان,
Consider Accounting Dimensions,ضع في اعتبارك أبعاد المحاسبة,
Reserved Quantity for Production,الكمية المحجوزة للإنتاج,
Projected Quantity,الكمية المتوقعة,
 Total Sales Amount,إجمالي مبلغ المبيعات,
Job Card Summary,ملخص بطاقة العمل,
Id,هوية شخصية,
Time Required (In Mins),الوقت المطلوب (بالدقائق),
From Posting Date,من تاريخ الترحيل,
To Posting Date,إلى تاريخ الترحيل,
No records found,لا توجد سجلات,
Customer/Lead Name,اسم العميل / العميل المتوقع,
Production Planning Report,تقرير تخطيط الإنتاج,
Order Qty,الكمية النظام,
Raw Material Code,كود المواد الخام,
Raw Material Name,اسم المادة الخام,
Allotted Qty,الكمية المخصصة,
Expected Arrival Date,وصول التاريخ المتوقع,
Arrival Quantity,كمية الوصول,
Raw Material Warehouse,مستودع المواد الخام,
Order By,ترتيب حسب,
Include Sub-assembly Raw Materials,قم بتضمين المواد الخام التجميعية الفرعية,
Program wise Fee Collection,تحصيل رسوم البرنامج,
Fees Collected,الرسوم المحصلة,
Project Summary,ملخص المشروع,
Total Tasks,إجمالي المهام,
Tasks Completed,اكتملت المهام,
Tasks Overdue,المهام المتأخرة,
Completion,إكمال,
Purchase Order Analysis,تحليل أوامر الشراء,
From and To Dates are required.,مطلوب من وإلى التواريخ.,
To Date cannot be before From Date.,"لا يمكن أن يكون ""إلى"" قبل ""من تاريخ"".",
Qty to Bill,الكمية للفاتورة,
Group by Purchase Order,تجميع حسب أمر الشراء,
 Purchase Value,قيمة الشراء,
Total Received Amount,إجمالي المبلغ المستلم,
Quality Inspection Summary,ملخص فحص الجودة,
 Quoted Amount,المبلغ المقتبس,
Lead Time (Days),ايام القيادة),
Include Expired,تشمل منتهية الصلاحية,
Requested Items to Order and Receive,الأصناف المطلوبة للطلب والاستلام,
Sales Order Analysis,تحليل أوامر البيع,
Amount Delivered,المبلغ الذي تم تسليمه,
Delay (in Days),التأخير (بالأيام),
Group by Sales Order,التجميع حسب أمر البيع,
 Sales Value,قيمة المبيعات,
Stock Qty vs Serial No Count,كمية المخزون مقابل الرقم التسلسلي,
Serial No Count,الرقم التسلسلي لا عد,
Work Order Summary,ملخص أمر التشغيل,
Produce Qty,إنتاج الكمية,
Lead Time (in mins),المهلة (بالدقائق),
Charts Based On,الرسوم البيانية على أساس,
YouTube Interactions,تفاعلات YouTube,
Published Date,تاريخ النشر,
Barnch,بارنش,
Select a Company,حدد شركة,
Opportunity {0} created,تم إنشاء الفرصة {0},
Kindly select the company first,يرجى اختيار الشركة أولا,
Please enter From Date and To Date to generate JSON,الرجاء إدخال من تاريخ وإلى تاريخ لإنشاء JSON,
Download DATEV File,تنزيل ملف DATEV,
Numero has not set in the XML file,لم يتم تعيين نوميرو في ملف XML,
Inward Supplies(liable to reverse charge),التوريدات الواردة (عرضة للرسوم العكسية),
This is based on the course schedules of this Instructor,يعتمد هذا على جداول الدورات التدريبية لهذا المدرب,
Course and Assessment,الدورة والتقييم,
Course {0} has been added to all the selected programs successfully.,تمت إضافة الدورة التدريبية {0} إلى جميع البرامج المحددة بنجاح.,
Programs updated,تم تحديث البرامج,
Program and Course,البرنامج والدورة,
{0} or {1} is mandatory,{0} أو {1} إلزامي,
Mandatory Fields,الحقول الإلزامية,
Student {0}: {1} does not belong to Student Group {2},الطالب {0}: {1} لا ينتمي إلى مجموعة الطلاب {2},
Student Attendance record {0} already exists against the Student {1},سجل حضور الطالب {0} موجود بالفعل ضد الطالب {1},
Course and Fee,الدورة والرسوم,
Not eligible for the admission in this program as per Date Of Birth,غير مؤهل للقبول في هذا البرنامج حسب تاريخ الميلاد,
Topic {0} has been added to all the selected courses successfully.,تمت إضافة الموضوع {0} إلى جميع الدورات المحددة بنجاح.,
Courses updated,تم تحديث الدورات,
{0} {1} has been added to all the selected topics successfully.,تمت إضافة {0} {1} إلى كافة الموضوعات المحددة بنجاح.,
Topics updated,تم تحديث المواضيع,
Academic Term and Program,الفصل الدراسي والبرنامج,
Please remove this item and try to submit again or update the posting time.,يرجى إزالة هذا الصنف ومحاولة الإرسال مرة أخرى أو تحديث وقت النشر.,
Failed to Authenticate the API key.,فشل مصادقة مفتاح API.,
URL can only be a string,يمكن أن يكون عنوان الرابط عبارة عن سلسلة فقط,
"Here is your webhook secret, this will be shown to you only once.",إليك سر الويب هوك الخاص بك، وسيظهر لك مرة واحدة فقط.,
The payment for this membership is not paid. To generate invoice fill the payment details,لم يتم دفع الدفع لهذه العضوية. لإنشاء فاتورة، قم بتعبئة تفاصيل الدفع,
An invoice is already linked to this document,الفاتورة مرتبطة بالفعل بهذا المستند,
No customer linked to member {},لا يوجد عميل مرتبط بالعضو {},
You need to set <b>Debit Account</b> in Membership Settings,تحتاج إلى تعيين <b>حساب الخصم</b> في إعدادات العضوية,
You need to set <b>Default Company</b> for invoicing in Membership Settings,تحتاج إلى تعيين <b>الشركة الافتراضية</b> للفواتير في إعدادات العضوية,
You need to enable <b>Send Acknowledge Email</b> in Membership Settings,تحتاج إلى تمكين <b>إرسال رسالة تأكيد بالبريد الإلكتروني</b> في إعدادات العضوية,
Error creating membership entry for {0},خطأ في إنشاء إدخال عضوية لـ {0},
A customer is already linked to this Member,عميل مرتبط بالفعل بهذا العضو,
End Date must not be lesser than Start Date,يجب ألا يكون تاريخ الانتهاء أقل من تاريخ البدء,
Employee {0} already has Active Shift {1}: {2},الموظف {0} لديه بالفعل وردية نشطة {1}: {2},
 from {0},من {0},
 to {0},إلى {0},
Please set {0} for the Employee or for Department: {1},الرجاء تعيين {0} للموظف أو للإدارة: {1},
Employee Onboarding: {0} is already for Job Applicant: {1},تأهيل الموظف: {0} هو مقدم الطلب بالفعل: {1},
Asset Value Analytics,تحليلات قيمة الأصول,
Category-wise Asset Value,قيمة الأصول حسب الفئة,
Total Assets,إجمالي الأصول,
New Assets (This Year),الأصول الجديدة (هذا عام),
Row #{}: Depreciation Posting Date should not be equal to Available for Use Date.,الصف رقم {}: يجب ألا يكون تاريخ ترحيل الإهلاك مساويًا لتاريخ المتاح للاستخدام.,
Incorrect Date,تاريخ غير صحيح,
Invalid Gross Purchase Amount,مبلغ الشراء الإجمالي غير صالح,
There are active maintenance or repairs against the asset. You must complete all of them before cancelling the asset.,هناك صيانة نشطة أو إصلاحات ضد الأصل. يجب عليك إكمالها جميعًا قبل إلغاء الأصل.,
% Complete,% اكتمال,
Back to Course,العودة إلى الدورة,
Finish Topic,إنهاء الموضوع,
Mins,دقيقة,
by,بواسطة,
Back to,ارجع الى,
Enrolling...,التسجيل...,
You have successfully enrolled for the program ,لقد قمت بالتسجيل بنجاح في البرنامج,
Enrolled,المقيدين,
Watch Intro,شاهد مقدمة,
We're here to help!,نحن هنا للمساعدة!,
Frequently Read Articles,اقرأ المقالات بشكل متكرر,
Please set a default company address,يرجى تعيين عنوان افتراضي للشركة,
{0} is not a valid state! Check for typos or enter the ISO code for your state.,{0} ليست حالة صالحة! تحقق من وجود أخطاء إملائية أو أدخل رمز ISO لولايتك.,
Error occured while parsing Chart of Accounts: Please make sure that no two accounts have the same name,حدث خطأ أثناء تحليل مخطط الحسابات: الرجاء التأكد من عدم وجود حسابين لهما نفس الاسم,
Plaid invalid request error,خطأ طلب غير صالح منقوشة,
Please check your Plaid client ID and secret values,يرجى التحقق من معرّف عميل Plaid والقيم السرية,
Bank transaction creation error,خطأ في إنشاء معاملة البنك,
Unit of Measurement,وحدة قياس,
Fiscal Year {0} Does Not Exist,السنة المالية {0} غير موجودة,
Row # {0}: Returned Item {1} does not exist in {2} {3},الصف رقم {0}: الصنف الذي تم إرجاعه {1} غير موجود في {2} {3},
Valuation type charges can not be marked as Inclusive,لا يمكن تحديد رسوم نوع التقييم على أنها شاملة,
You do not have permissions to {} items in a {}.,ليس لديك أذونات لـ {} من الأصناف في {}.,
Insufficient Permissions,أذونات غير كافية,
You are not allowed to update as per the conditions set in {} Workflow.,غير مسموح لك بالتحديث وفقًا للشروط المحددة في {} سير العمل.,
Expense Account Missing,حساب المصاريف مفقود,
{0} is not a valid Value for Attribute {1} of Item {2}.,{0} ليست قيمة صالحة للسمة {1} للصنف {2}.,
Invalid Value,قيمة غير صالحة,
The value {0} is already assigned to an existing Item {1}.,تم تعيين القيمة {0} بالفعل لعنصر موجود {1}.,
"To still proceed with editing this Attribute Value, enable {0} in Item Variant Settings.",للاستمرار في تعديل قيمة السمة هذه، قم بتمكين {0} في إعدادات متغير الصنف.,
Edit Not Allowed,تحرير غير مسموح به,
Row #{0}: Item {1} is already fully received in Purchase Order {2},الصف رقم {0}: تم استلام الصنف {1} بالكامل بالفعل في أمر الشراء {2},
You cannot create or cancel any accounting entries with in the closed Accounting Period {0},لا يمكنك إنشاء أو إلغاء أي قيود محاسبية في فترة المحاسبة المغلقة {0},
POS Invoice should have {} field checked.,يجب أن يتم فحص الحقل {} فاتورة نقاط البيع.,
Invalid Item,عنصر غير صالح,
Row #{}: You cannot add postive quantities in a return invoice. Please remove item {} to complete the return.,الصف # {}: لا يمكنك إضافة كميات ترحيل في فاتورة الإرجاع. الرجاء إزالة الصنف {} لإكمال الإرجاع.,
The selected change account {} doesn't belongs to Company {}.,حساب التغيير المحدد {} لا ينتمي إلى الشركة {}.,
Atleast one invoice has to be selected.,يجب تحديد فاتورة واحدة على الأقل.,
Payment methods are mandatory. Please add at least one payment method.,طرق الدفع إلزامية. الرجاء إضافة طريقة دفع واحدة على الأقل.,
Please select a default mode of payment,الرجاء تحديد طريقة الدفع الافتراضية,
You can only select one mode of payment as default,يمكنك تحديد طريقة دفع واحدة فقط كطريقة افتراضية,
Missing Account,حساب مفقود,
Customers not selected.,العملاء لم يتم اختيارهم.,
Statement of Accounts,كشف الحسابات,
Ageing Report Based On ,تقرير الشيخوخة على أساس,
Please enter distributed cost center,الرجاء إدخال مركز التكلفة الموزعة,
Total percentage allocation for distributed cost center should be equal to 100,يجب أن يكون إجمالي تخصيص النسبة المئوية لمركز التكلفة الموزع مساويًا لـ 100,
Cannot enable Distributed Cost Center for a Cost Center already allocated in another Distributed Cost Center,لا يمكن تمكين مركز التكلفة الموزعة لمركز التكلفة المخصص بالفعل في مركز تكلفة موزعة آخر,
Parent Cost Center cannot be added in Distributed Cost Center,لا يمكن إضافة مركز التكلفة الأصل في مركز التكلفة الموزعة,
A Distributed Cost Center cannot be added in the Distributed Cost Center allocation table.,لا يمكن إضافة مركز التكلفة الموزعة في جدول تخصيص مركز التكلفة الموزعة.,
Cost Center with enabled distributed cost center can not be converted to group,لا يمكن تحويل مركز التكلفة مع مركز التكلفة الموزع الممكّن إلى مجموعة,
Cost Center Already Allocated in a Distributed Cost Center cannot be converted to group,لا يمكن تحويل مركز التكلفة المخصص بالفعل في مركز التكلفة الموزعة إلى مجموعة,
Trial Period Start date cannot be after Subscription Start Date,لا يمكن أن يكون تاريخ بدء الفترة التجريبية بعد تاريخ بدء الاشتراك,
Subscription End Date must be after {0} as per the subscription plan,يجب أن يكون تاريخ انتهاء الاشتراك بعد {0} وفقًا لخطة الاشتراك,
Subscription End Date is mandatory to follow calendar months,تاريخ انتهاء الاشتراك إلزامي لمتابعة الأشهر التقويمية,
Row #{}: POS Invoice {} is not against customer {},الصف رقم {}: فاتورة نقاط البيع {} ليست ضد العميل {},
Row #{}: POS Invoice {} is not submitted yet,الصف رقم {}: فاتورة نقاط البيع {} لم يتم تقديمها بعد,
Row #{}: POS Invoice {} has been {},الصف رقم {}: فاتورة نقاط البيع {} كانت {},
No Supplier found for Inter Company Transactions which represents company {0},لم يتم العثور على مورد للمعاملات بين الشركات التي تمثل الشركة {0},
No Customer found for Inter Company Transactions which represents company {0},لم يتم العثور على زبون للمعاملات بين الشركات التي تمثل الشركة {0},
Invalid Period,فترة غير صالحة,
Selected POS Opening Entry should be open.,يجب أن يكون الإدخال الافتتاحي المحدد لنقاط البيع مفتوحًا.,
Invalid Opening Entry,إدخال فتح غير صالح,
Please set a Company,الرجاء تعيين شركة,
"Sorry, this coupon code's validity has not started",عذرًا، لم تبدأ صلاحية رمز القسيمة,
"Sorry, this coupon code's validity has expired",عذرا، لقد انتهت صلاحية رمز القسيمة,
"Sorry, this coupon code is no longer valid",عذرا، رمز القسيمة هذا لم يعد صالحًا,
For the 'Apply Rule On Other' condition the field {0} is mandatory,"بالنسبة لشرط ""تطبيق القاعدة على أخرى""، يكون الحقل {0} إلزاميًا",
{1} Not in Stock,{1} غير متوفر,
Only {0} in Stock for item {1},فقط {0} متوفر للصنف {1},
Please enter a coupon code,الرجاء إدخال رمز القسيمة,
Please enter a valid coupon code,الرجاء إدخال رمز قسيمة صالح,
Invalid Child Procedure,إجراء الطفل غير صالح,
Import Italian Supplier Invoice.,فاتورة استيراد المورد الإيطالي.,
"Valuation Rate for the Item {0}, is required to do accounting entries for {1} {2}.",معدل التقييم للصنف {0}، مطلوب لإجراء قيود محاسبية لـ {1} {2}.,
 Here are the options to proceed:,فيما يلي خيارات المتابعة:,
"If the item is transacting as a Zero Valuation Rate item in this entry, please enable 'Allow Zero Valuation Rate' in the {0} Item table.","إذا كان الصنف يتعامل كعنصر سعر تقييم صفري في هذا الإدخال، فالرجاء تمكين ""السماح بمعدل تقييم صفري"" في جدول الأصناف {0}.",
"If not, you can Cancel / Submit this entry ",إذا لم يكن كذلك، يمكنك إلغاء / إرسال هذا الإدخال,
 performing either one below:,يؤدي أحدهما أدناه:,
Create an incoming stock transaction for the Item.,قم بإنشاء حركة مخزون واردة للصنف.,
Mention Valuation Rate in the Item master.,اذكر معدل التقييم في مدير الصنف.,
Valuation Rate Missing,معدل التقييم مفقود,
Serial Nos Required,الرقم الرقم التسلسلي مطلوب,
Quantity Mismatch,عدم تطابق الكمية,
"Please Restock Items and Update the Pick List to continue. To discontinue, cancel the Pick List.",يرجى إعادة تخزين الأصناف وتحديث قائمة الاختيار للمتابعة. للتوقف، قم بإلغاء قائمة الاختيار.,
Out of Stock,إنتهى من المخزن,
{0} units of Item {1} is not available.,{0} من وحدات الصنف {1} غير متوفرة.,
Item for row {0} does not match Material Request,عنصر الصف {0} لا يتطابق مع طلب المواد,
Warehouse for row {0} does not match Material Request,المستودع للصف {0} لا يتطابق مع طلب المواد,
Accounting Entry for Service,القيد المحاسبي للخدمة,
All items have already been Invoiced/Returned,تم بالفعل تحرير / إرجاع جميع الأصناف,
All these items have already been Invoiced/Returned,تم بالفعل إصدار فاتورة / إرجاع جميع هذه الأصناف,
Stock Reconciliations,تسويات المخزون,
Merge not allowed,الدمج غير مسموح به,
The following deleted attributes exist in Variants but not in the Template. You can either delete the Variants or keep the attribute(s) in template.,توجد السمات المحذوفة التالية في المتغيرات ولكن ليس في القالب. يمكنك إما حذف المتغيرات أو الاحتفاظ بالسمة (السمات) في القالب.,
Variant Items,الأصناف المتغيرة,
Variant Attribute Error,خطأ في سمة المتغير,
The serial no {0} does not belong to item {1},الرقم التسلسلي {0} لا ينتمي إلى الصنف {1},
There is no batch found against the {0}: {1},لم يتم العثور على دفعة بالمقابلة مع {0}: {1},
Completed Operation,العملية المكتملة,
Work Order Analysis,تحليل أمر التشغيل,
Quality Inspection Analysis,تحليل فحص الجودة,
Pending Work Order,أمر عمل معلق,
Last Month Downtime Analysis,تحليل وقت التوقف في الشهر الماضي,
Work Order Qty Analysis,تحليل كمية أمر التشغيل,
Job Card Analysis,تحليل بطاقة العمل,
Monthly Total Work Orders,إجمالي أوامر العمل الشهرية,
Monthly Completed Work Orders,أوامر العمل المكتملة شهريًا,
Ongoing Job Cards,بطاقات العمل الجارية,
Monthly Quality Inspections,فحوصات الجودة الشهرية,
(Forecast),(توقعات),
Total Demand (Past Data),إجمالي الطلب (البيانات السابقة),
Total Forecast (Past Data),إجمالي التوقعات (البيانات السابقة),
Total Forecast (Future Data),إجمالي التوقعات (البيانات المستقبلية),
Based On Document,بناءً على المستند,
Based On Data ( in years ),على أساس البيانات (بالسنوات),
Smoothing Constant,تجانس ثابت,
Please fill the Sales Orders table,يرجى ملء جدول أوامر البيع,
Sales Orders Required,أوامر البيع مطلوبة,
Please fill the Material Requests table,يرجى ملء جدول طلبات المواد,
Material Requests Required,طلبات المواد المطلوبة,
Items to Manufacture are required to pull the Raw Materials associated with it.,الأصناف المطلوب تصنيعها لسحب المواد الخام المرتبطة بها.,
Items Required,الأصناف المطلوبة,
Operation {0} does not belong to the work order {1},العملية {0} لا تنتمي إلى أمر التشغيل {1},
Set default {0} account for perpetual inventory for non stock items,تعيين حساب {0} الافتراضي للمخزون الدائم للعناصر غير المخزنة,
Row #{0}: Child Item should not be a Product Bundle. Please remove Item {1} and Save,الصف رقم {0}: يجب ألا يكون الصنف الفرعي عبارة عن حزمة منتج. يرجى إزالة الصنف {1} وحفظه,
Credit limit reached for customer {0},تم بلوغ حد الائتمان للعميل {0},
Could not auto create Customer due to the following missing mandatory field(s):,تعذر إنشاء العميل تلقائيًا بسبب الحقول الإلزامية التالية المفقودة:,
Please create Customer from Lead {0}.,الرجاء إنشاء عميل من العميل المحتمل {0}.,
Mandatory Missing,إلزامي مفقود,
From Date can not be greater than To Date.,لا يمكن أن يكون من تاريخ أكبر من تاريخ.,
Row #{0}: Please enter the result value for {1},الصف # {0}: الرجاء إدخال قيمة النتيجة لـ {1},
Mandatory Results,النتائج الإلزامية,
Sales Invoice or Patient Encounter is required to create Lab Tests,فاتورة المبيعات أو مقابلة المريض مطلوبة لإنشاء الاختبارات المعملية,
Insufficient Data,البيانات غير كافية,
Lab Test(s) {0} created successfully,تم إنشاء الاختبارات المعملية {0} بنجاح,
Test :,اختبار :,
Sample Collection {0} has been created,تم إنشاء مجموعة العينات {0},
Normal Range: ,المعدل الطبيعي:,
Row #{0}: Check Out datetime cannot be less than Check In datetime,الصف رقم {0}: لا يمكن أن يكون تاريخ المغادرة والوقت أقل من تاريخ الإيداع والوقت,
"Missing required details, did not create Inpatient Record",التفاصيل المطلوبة مفقودة، لم يتم إنشاء سجل المرضى الداخليين,
Unbilled Invoices,الفواتير غير المفوترة,
Standard Selling Rate should be greater than zero.,يجب أن يكون معدل البيع القياسي أكبر من الصفر.,
Conversion Factor is mandatory,عامل التحويل إلزامي,
Row #{0}: Conversion Factor is mandatory,الصف # {0}: عامل التحويل إلزامي,
Sample Quantity cannot be negative or 0,لا يمكن أن تكون كمية العينة سالبة أو 0,
Invalid Quantity,كمية غير صحيحة,
"Please set defaults for Customer Group, Territory and Selling Price List in Selling Settings",يرجى تعيين الإعدادات الافتراضية لمجموعة العملاء والإقليم وقائمة أسعار البيع في إعدادات البيع,
{0} on {1},{0} في {1},
{0} with {1},{0} مع {1},
Appointment Confirmation Message Not Sent,لم يتم إرسال رسالة تأكيد الموعد,
"SMS not sent, please check SMS Settings",لم يتم إرسال الرسائل القصيرة، يرجى التحقق من إعدادات الرسائل القصيرة,
Healthcare Service Unit Type cannot have both {0} and {1},لا يمكن أن يحتوي نوع وحدة خدمة الرعاية الصحية على كل من {0} و {1},
Healthcare Service Unit Type must allow atleast one among {0} and {1},يجب أن يسمح نوع وحدة خدمة الرعاية الصحية بواحد على الأقل من بين {0} و {1},
Set Response Time and Resolution Time for Priority {0} in row {1}.,عيّن وقت الاستجابة ووقت الحل للأولوية {0} في الصف {1}.,
Response Time for {0} priority in row {1} can't be greater than Resolution Time.,لا يمكن أن يكون وقت الاستجابة {0} للأولوية في الصف {1} أكبر من وقت الحل.,
{0} is not enabled in {1},{0} غير ممكّن في {1},
Group by Material Request,تجميع حسب طلب المواد,
Email Sent to Supplier {0},تم إرسال بريد إلكتروني إلى المورد {0},
"The Access to Request for Quotation From Portal is Disabled. To Allow Access, Enable it in Portal Settings.",تم تعطيل الوصول إلى طلب عرض الأسعار من البوابة. للسماح بالوصول، قم بتمكينه في إعدادات البوابة.,
Supplier Quotation {0} Created,تم إنشاء عرض أسعار المورد {0},
Valid till Date cannot be before Transaction Date,صالح حتى التاريخ لا يمكن أن يكون قبل تاريخ المعاملة,
Unlink Advance Payment on Cancellation of Order,إلغاء ربط الدفع المسبق عند إلغاء الطلب,
"Simple Python Expression, Example: territory != 'All Territories'","تعبير بايثون بسيط، مثال: إقليم! = ""كل الأقاليم""",
Sales Contributions and Incentives,مساهمات وحوافز المبيعات,
Sourced by Supplier,مصدرها المورد,
Total weightage assigned should be 100%.<br>It is {0},يجب أن يكون الوزن الإجمالي المخصص 100%.<br>إنه {0},
Account {0} exists in parent company {1}.,الحساب {0} موجود في الشركة الأم {1}.,
"To overrule this, enable '{0}' in company {1}","لإلغاء هذا، قم بتمكين ""{0}"" في الشركة {1}",
Invalid condition expression,تعبير شرط غير صالح,
Please Select a Company First,الرجاء تحديد شركة أولاً,
Please Select Both Company and Party Type First,الرجاء تحديد نوع الشركة والحزب أولاً,
Provide the invoice portion in percent,قم بتوفير جزء الفاتورة بالنسبة المئوية,
Give number of days according to prior selection,أعط عدد الأيام حسب الاختيار المسبق,
Email Details,تفاصيل البريد الإلكتروني,
"Select a greeting for the receiver. E.g. Mr., Ms., etc.",حدد تحية للمتلقي. على سبيل المثال السيد، السيدة، إلخ.,
Preview Email,معاينة البريد الإلكتروني,
Please select a Supplier,الرجاء اختيار مورد,
Supplier Lead Time (days),مهلة المورد (أيام),
"Home, Work, etc.",المنزل والعمل وما إلى ذلك.,
Exit Interview Held On,أجريت مقابلة الخروج,
Sets 'Target Warehouse' in each row of the Items table.,"يعيّن ""المستودع المستهدف"" في كل صف من جدول الأصناف.",
Sets 'Source Warehouse' in each row of the Items table.,"يعيّن ""مستودع المصدر"" في كل صف من جدول الأصناف.",
POS Register,سجل نقاط البيع,
"Can not filter based on POS Profile, if grouped by POS Profile",لا يمكن التصفية بناءً على ملف تعريف نقطة البيع، إذا تم تجميعها حسب ملف تعريف نقطة البيع,
"Can not filter based on Customer, if grouped by Customer",لا يمكن التصفية بناءً على العميل، إذا تم تجميعه بواسطة العميل,
"Can not filter based on Cashier, if grouped by Cashier",لا يمكن التصفية على أساس Cashier، إذا تم تجميعها بواسطة Cashier,
Payment Method,طريقة الدفع او السداد,
"Can not filter based on Payment Method, if grouped by Payment Method",لا يمكن التصفية بناءً على طريقة الدفع، إذا تم تجميعها حسب طريقة الدفع,
Supplier Quotation Comparison,مقارنة عروض أسعار الموردين,
Price per Unit (Stock UOM),السعر لكل وحدة (المخزون وحدة القياس),
Group by Supplier,تجميع حسب المورد,
Group by Item,تجميع حسب الصنف,
Remember to set {field_label}. It is required by {regulation}.,تذكر أن تقوم بتعيين {field_label}. مطلوب بموجب {لائحة}.,
Enrollment Date cannot be before the Start Date of the Academic Year {0},لا يمكن أن يكون تاريخ التسجيل قبل تاريخ بدء عام الأكاديمي {0},
Enrollment Date cannot be after the End Date of the Academic Term {0},لا يمكن أن يكون تاريخ التسجيل بعد تاريخ انتهاء الفصل الدراسي {0},
Enrollment Date cannot be before the Start Date of the Academic Term {0},لا يمكن أن يكون تاريخ التسجيل قبل تاريخ بدء الفصل الدراسي {0},
Future Posting Not Allowed,النشر في المستقبل غير مسموح به,
"To enable Capital Work in Progress Accounting, ",لتمكين محاسبة الأعمال الرأسمالية الجارية،,
you must select Capital Work in Progress Account in accounts table,يجب عليك تحديد حساب رأس المال قيد التقدم في جدول الحسابات,
You can also set default CWIP account in Company {},يمكنك أيضًا تعيين حساب CWIP الافتراضي في الشركة {},
The Request for Quotation can be accessed by clicking on the following button,يمكن الوصول إلى طلب عرض الأسعار من خلال النقر على الزر التالي,
Regards,مع تحياتي,
Please click on the following button to set your new password,الرجاء النقر فوق الزر التالي لتعيين كلمة المرور الجديدة,
Update Password,تطوير كلمة السر,
Row #{}: Selling rate for item {} is lower than its {}. Selling {} should be atleast {},Row # {}: معدل بيع الصنف {} أقل من {}. يجب بيع {} على الأقل {},
You can alternatively disable selling price validation in {} to bypass this validation.,يمكنك بدلاً من ذلك تعطيل التحقق من سعر البيع في {} لتجاوز هذا التحقق.,
Invalid Selling Price,سعر البيع غير صالح,
Address needs to be linked to a Company. Please add a row for Company in the Links table.,يجب ربط العنوان بشركة. الرجاء إضافة صف للشركة في جدول الروابط.,
Company Not Linked,شركة غير مرتبطة,
Import Chart of Accounts from CSV / Excel files,استيراد مخطط الحسابات من ملفات CSV / Excel,
Completed Qty cannot be greater than 'Qty to Manufacture',"لا يمكن أن تكون الكمية المكتملة أكبر من ""الكمية إلى التصنيع""",
"Row {0}: For Supplier {1}, Email Address is Required to send an email",الصف {0}: للمورد {1}، مطلوب عنوان البريد الإلكتروني لإرسال بريد إلكتروني,
"If enabled, the system will post accounting entries for inventory automatically",في حالة التمكين، سيقوم النظام بترحيل قيود المحاسبة للمخزون تلقائيًا,
Accounts Frozen Till Date,الحسابات المجمدة حتى تاريخ,
Accounting entries are frozen up to this date. Nobody can create or modify entries except users with the role specified below,تم تجميد قيود المحاسبة حتى هذا التاريخ. لا يمكن لأي شخص إنشاء أو تعديل القيود باستثناء المستخدمين الذين لديهم الدور المحدد أدناه,
Role Allowed to Set Frozen Accounts and Edit Frozen Entries,الدور مسموح به لتعيين حسابات مجمدة وتعديل القيود المجمدة,
Address used to determine Tax Category in transactions,العنوان المستخدم لتحديد فئة الضريبة في المعاملات,
"The percentage you are allowed to bill more against the amount ordered. For example, if the order value is $100 for an item and tolerance is set as 10%, then you are allowed to bill up to $110 ",النسبة المئوية المسموح لك بدفعها مقابل المبلغ المطلوب. على سبيل المثال، إذا كانت قيمة الأمر 100 دولار أمريكي لأحد الأصناف، وتم تعيين التفاوت بنسبة 10%، فيُسمح لك بدفع ما يصل إلى 110 دولارات أمريكية.,
This role is allowed to submit transactions that exceed credit limits,يُسمح لهذا الدور بإرسال المعاملات التي تتجاوز حدود الائتمان,
"If ""Months"" is selected, a fixed amount will be booked as deferred revenue or expense for each month irrespective of the number of days in a month. It will be prorated if deferred revenue or expense is not booked for an entire month","إذا تم تحديد ""الأشهر""، فسيتم حجز مبلغ ثابت كإيرادات أو مصروفات مؤجلة لكل شهر بغض النظر عن عدد الأيام في الشهر. سيتم تقسيمها إذا لم يتم حجز الإيرادات أو المصاريف المؤجلة لمدة شهر كامل",
"If this is unchecked, direct GL entries will be created to book deferred revenue or expense",إذا لم يتم تحديد ذلك، فسيتم إنشاء قيود دفتر الأستاذ عام المباشرة لحجز الإيرادات أو المصاريف المؤجلة,
Show Inclusive Tax in Print,عرض الضرائب الشاملة في المطبوعات,
Only select this if you have set up the Cash Flow Mapper documents,حدد هذا فقط إذا كنت قد قمت بإعداد مستندات مخطط التدفق النقدي,
Payment Channel,قناة الدفع,
Is Purchase Order Required for Purchase Invoice & Receipt Creation?,هل أمر الشراء مطلوب لإنشاء فاتورة المشتريات والإيصال؟,
Is Purchase Receipt Required for Purchase Invoice Creation?,هل إذن الاستلام مطلوب لإنشاء فاتورة المشتريات؟,
Maintain Same Rate Throughout the Purchase Cycle,حافظ على نفس السعر طوال دورة الشراء,
Allow Item To Be Added Multiple Times in a Transaction,السماح بإضافة الصنف عدة مرات في المعاملة,
Suppliers,الموردون,
Send Emails to Suppliers,إرسال رسائل البريد الإلكتروني إلى الموردين,
Select a Supplier,حدد المورد,
Cannot mark attendance for future dates.,لا يمكن تحديد الحضور للتواريخ المستقبلية.,
Do you want to update attendance? <br> Present: {0} <br> Absent: {1},هل تريد تحديث الحضور؟<br>الحاضر: {0}<br>غائب: {1},
Mpesa Settings,إعدادات Mpesa,
Initiator Name,اسم البادئ,
Till Number,حتى رقم,
Sandbox,صندوق الرمل,
 Online PassKey,مفتاح المرور عبر الإنترنت,
Security Credential,الاعتماد الأمني,
Get Account Balance,احصل على رصيد الحساب,
Please set the initiator name and the security credential,يرجى تعيين اسم البادئ وبيانات اعتماد الأمان,
Inpatient Medication Entry,إدخال الأدوية للمرضى الداخليين,
HLC-IME-.YYYY.-,HLC-IME-.YYYY.-,
Item Code (Drug),كود الصنف (المخدرات),
Medication Orders,أوامر الدواء,
Get Pending Medication Orders,احصل على طلبات الأدوية المعلقة,
Inpatient Medication Orders,طلبات الأدوية للمرضى الداخليين,
Medication Warehouse,مستودع الأدوية,
Warehouse from where medication stock should be consumed,المستودع الذي يجب استهلاك مخزون الأدوية منه,
Fetching Pending Medication Orders,إحضار أوامر الأدوية المعلقة,
Inpatient Medication Entry Detail,تفاصيل إدخال الأدوية للمرضى الداخليين,
Medication Details,تفاصيل الدواء,
Drug Code,كود الدواء,
Drug Name,اسم الدواء,
Against Inpatient Medication Order,ضد طلب الأدوية للمرضى الداخليين,
Against Inpatient Medication Order Entry,ضد إدخال طلب الأدوية للمرضى الداخليين,
Inpatient Medication Order,طلب الأدوية للمرضى الداخليين,
HLC-IMO-.YYYY.-,HLC-IMO-.YYYY.-,
Total Orders,إجمالي الطلبات,
Completed Orders,الطلبات المكتملة,
Add Medication Orders,أضف طلبات الأدوية,
Adding Order Entries,إضافة قيود الطلب,
{0} medication orders completed,تم إكمال {0} من طلبات الأدوية,
{0} medication order completed,اكتمل طلب الدواء {0},
Inpatient Medication Order Entry,إدخال طلب الأدوية للمرضى الداخليين,
Is Order Completed,هل اكتمل الطلب,
Employee Records to Be Created By,سجلات الموظفين التي سيتم إنشاؤها بواسطة,
Employee records are created using the selected field,يتم إنشاء سجلات الموظفين باستخدام الحقل المحدد,
Don't send employee birthday reminders,لا ترسل تذكيرات عيد ميلاد الموظف,
Restrict Backdated Leave Applications,تقييد طلبات الإجازة القديمة,
Sequence ID,معرف التسلسل,
Sequence Id,معرف التسلسل,
Allow multiple material consumptions against a Work Order,السماح باستهلاكات متعددة للمواد مقابل أمر التشغيل,
Plan time logs outside Workstation working hours,سجلات وقت الخطة خارج ساعات عمل محطة العمل,
Plan operations X days in advance,خطط العمليات قبل X من الأيام,
Time Between Operations (Mins),الوقت بين العمليات (بالدقائق),
Default: 10 mins,الافتراضي: 10 دقائق,
Overproduction for Sales and Work Order,زيادة الإنتاج للمبيعات وأمر التشغيل,
"Update BOM cost automatically via scheduler, based on the latest Valuation Rate/Price List Rate/Last Purchase Rate of raw materials",قم بتحديث تكلفة قائمة المواد تلقائيًا عبر المجدول، استنادًا إلى أحدث معدل تقييم / سعر قائمة الأسعار / آخر سعر شراء للمواد الخام,
Purchase Order already created for all Sales Order items,تم إنشاء أمر الشراء بالفعل لجميع بنود أوامر البيع,
Select Items,اختيار الأصناف,
Against Default Supplier,ضد المورد الافتراضي,
Auto close Opportunity after the no. of days mentioned above,فرصة الإغلاق التلقائي بعد لا. من الأيام المذكورة أعلاه,
Is Sales Order Required for Sales Invoice & Delivery Note Creation?,هل أمر البيع مطلوب لإنشاء فاتورة المبيعات وإذن التسليم؟,
Is Delivery Note Required for Sales Invoice Creation?,هل مطلوب إذن التسليم لإنشاء فاتورة المبيعات؟,
How often should Project and Company be updated based on Sales Transactions?,كم مرة يجب تحديث المشروع والشركة بناءً على معاملات المبيعات؟,
Allow User to Edit Price List Rate in Transactions,السماح للمستخدم بتحرير سعر قائمة الأسعار في المعاملات,
Allow Item to Be Added Multiple Times in a Transaction,السماح بإضافة الصنف عدة مرات في المعاملة,
Allow Multiple Sales Orders Against a Customer's Purchase Order,السماح بأوامر مبيعات متعددة مقابل أمر الشراء الخاص بالعميل,
Validate Selling Price for Item Against Purchase Rate or Valuation Rate,تحقق من صحة سعر البيع للصنف مقابل معدل الشراء أو معدل التقييم,
Hide Customer's Tax ID from Sales Transactions,إخفاء المعرّف الضريبي للعميل من معاملات المبيعات,
"The percentage you are allowed to receive or deliver more against the quantity ordered. For example, if you have ordered 100 units, and your Allowance is 10%, then you are allowed to receive 110 units.",النسبة المئوية المسموح لك باستلامها أو تسليم المزيد مقابل الكمية المطلوبة. على سبيل المثال، إذا كنت قد طلبت 100 وحدة، وكان مخصصك 10%، فيُسمح لك باستلام 110 وحدة.,
Action If Quality Inspection Is Not Submitted,الإجراء إذا لم يتم تقديم استقصاء الجودة,
Auto Insert Price List Rate If Missing,إدراج سعر قائمة الأسعار تلقائيًا إذا كان مفقودًا,
Automatically Set Serial Nos Based on FIFO,قم بتعيين الأرقام التسلسلية تلقائيًا استنادًا إلى ما يرد أولاً يصرف أولاً,
Set Qty in Transactions Based on Serial No Input,قم بتعيين الكمية في المعاملات بناءً على عدم إدخال تسلسلي,
Raise Material Request When Stock Reaches Re-order Level,رفع طلب المواد عندما يصل المخزون إلى مستوى إعادة الطلب,
Notify by Email on Creation of Automatic Material Request,الإخطار عن طريق البريد الإلكتروني عند إنشاء طلب المواد تلقائيًا,
Allow Material Transfer from Delivery Note to Sales Invoice,السماح بنقل المواد من إذن التسليم إلى فاتورة المبيعات,
Allow Material Transfer from Purchase Receipt to Purchase Invoice,السماح بنقل المواد من إذن الاستلام إلى فاتورة المشتريات,
Freeze Stocks Older Than (Days),تجميد المخزونات أقدم من (أيام),
Role Allowed to Edit Frozen Stock,الدور المسموح به لتحرير المخزون المجمد,
The unallocated amount of Payment Entry {0} is greater than the Bank Transaction's unallocated amount,المبلغ غير المخصص لسند دفع {0} أكبر من المبلغ غير المخصص للمعاملة المصرفية,
Payment Received,تم استلام الدفعة,
Attendance cannot be marked outside of Academic Year {0},لا يمكن وضع علامة على الحضور خارج عام الدراسي {0},
Student is already enrolled via Course Enrollment {0},تم تسجيل الطالب بالفعل عن طريق التسجيل في الدورة التدريبية {0},
Attendance cannot be marked for future dates.,لا يمكن تحديد الحضور للتواريخ المستقبلية.,
Please add programs to enable admission application.,الرجاء إضافة برامج لتمكين تطبيق القبول.,
The following employees are currently still reporting to {0}:,لا يزال الموظفون التالي ذكرهم يتبعون حاليًا {0}:,
Please make sure the employees above report to another Active employee.,يرجى التأكد من أن الموظفين أعلاه يقدمون تقارير إلى موظف نشط آخر.,
Cannot Relieve Employee,لا يمكن إعفاء الموظف,
Please enter {0},الرجاء إدخال {0},
Please select another payment method. Mpesa does not support transactions in currency '{0}',"الرجاء تحديد طريقة دفع أخرى. لا تدعم Mpesa المعاملات بالعملة ""{0}""",
Transaction Error,خطأ في المعاملة,
Mpesa Express Transaction Error,خطأ معاملة Mpesa Express,
"Issue detected with Mpesa configuration, check the error logs for more details",تم اكتشاف مشكلة في تكوين Mpesa، تحقق من سجلات الأخطاء لمزيد من التفاصيل,
Mpesa Express Error,خطأ Mpesa Express,
Account Balance Processing Error,خطأ في معالجة رصيد الحساب,
Please check your configuration and try again,يرجى التحقق من التكوين الخاص بك وحاول مرة أخرى,
Mpesa Account Balance Processing Error,خطأ في معالجة رصيد حساب Mpesa,
Balance Details,تفاصيل الرصيد,
Current Balance,الرصيد الحالي,
Available Balance,الرصيد المتوفر,
Reserved Balance,رصيد محجوز,
Uncleared Balance,رصيد غير مصفى,
Payment related to {0} is not completed,الدفع المتعلق بـ {0} لم يكتمل,
Row #{}: Item Code: {} is not available under warehouse {}.,الصف # {}: رمز الصنف: {} غير متوفر ضمن المستودع {}.,
Row #{}: Stock quantity not enough for Item Code: {} under warehouse {}. Available quantity {}.,الصف # {}: كمية المخزون غير كافية لرمز الصنف: {} تحت المستودع {}. الكمية المتوفرة {}.,
Row #{}: Please select a serial no and batch against item: {} or remove it to complete transaction.,الصف # {}: الرجاء تحديد رقم تسلسلي ودفعة مقابل الصنف: {} أو إزالته لإكمال المعاملة.,
Row #{}: No serial number selected against item: {}. Please select one or remove it to complete transaction.,الصف # {}: لم يتم تحديد رقم تسلسلي مقابل الصنف: {}. يرجى تحديد واحد أو إزالته لإكمال الصفقة.,
Row #{}: No batch selected against item: {}. Please select a batch or remove it to complete transaction.,الصف رقم {}: لم يتم تحديد دُفعة مقابل الصنف: {}. يرجى تحديد دفعة أو إزالتها لإكمال المعاملة.,
Payment amount cannot be less than or equal to 0,لا يمكن أن يكون مبلغ الدفعة أقل من أو يساوي 0,
Please enter the phone number first,الرجاء إدخال رقم الهاتف أولاً,
Row #{}: {} {} does not exist.,الصف رقم {}: {} {} غير موجود.,
Row #{0}: {1} is required to create the Opening {2} Invoices,الصف رقم {0}: {1} مطلوب لإنشاء فواتير الافتتاح {2},
You had {} errors while creating opening invoices. Check {} for more details,كان لديك {} من الأخطاء أثناء إنشاء الفواتير الافتتاحية. تحقق من {} لمزيد من التفاصيل,
Error Occured,حدث خطأ,
Opening Invoice Creation In Progress,جاري إنشاء الفاتورة الافتتاحية,
Creating {} out of {} {},إنشاء {} من {} {},
(Serial No: {0}) cannot be consumed as it's reserverd to fullfill Sales Order {1}.,(الرقم التسلسلي: {0}) لا يمكن استهلاكه لأنه محجوز لملء أمر البيع {1}.,
Item {0} {1},الصنف {0} {1},
Last Stock Transaction for item {0} under warehouse {1} was on {2}.,كانت آخر معاملة مخزون للصنف {0} تحت المستودع {1} في {2}.,
Stock Transactions for Item {0} under warehouse {1} cannot be posted before this time.,لا يمكن ترحيل معاملات المخزون للصنف {0} تحت المستودع {1} قبل هذا الوقت.,
Posting future stock transactions are not allowed due to Immutable Ledger,لا يُسمح بترحيل معاملات الأسهم المستقبلية بسبب دفتر الأستاذ غير القابل للتغيير,
A BOM with name {0} already exists for item {1}.,يوجد BOM بالاسم {0} بالفعل للصنف {1}.,
{0}{1} Did you rename the item? Please contact Administrator / Tech support,{0} {1} هل أعدت تسمية الصنف؟ يرجى الاتصال بالدعم الفني / المسؤول,
At row #{0}: the sequence id {1} cannot be less than previous row sequence id {2},في الصف # {0}: لا يمكن أن يكون معرف التسلسل {1} أقل من معرف تسلسل الصف السابق {2},
The {0} ({1}) must be equal to {2} ({3}),يجب أن يكون {0} ({1}) مساويًا لـ {2} ({3}),
"{0}, complete the operation {1} before the operation {2}.",{0}، أكمل العملية {1} قبل العملية {2}.,
Cannot ensure delivery by Serial No as Item {0} is added with and without Ensure Delivery by Serial No.,لا يمكن ضمان التسليم بواسطة Serial No حيث أن الصنف {0} مضاف مع وبدون ضمان التسليم بواسطة Serial No.,
Item {0} has no Serial No. Only serilialized items can have delivery based on Serial No,لا يحتوي الصنف {0} على رقم مسلسل. يمكن فقط تسليم الأصناف الرقم التسلسلية بناءً على الرقم التسلسلي,
No active BOM found for item {0}. Delivery by Serial No cannot be ensured,لم يتم العثور على BOM نشط للصنف {0}. لا يمكن ضمان التسليم عن طريق الرقم التسلسلي,
No pending medication orders found for selected criteria,لم يتم العثور على طلبات الأدوية المعلقة للمعايير المحددة,
From Date cannot be after the current date.,لا يمكن أن يكون من تاريخ بعد التاريخ الحالي.,
To Date cannot be after the current date.,"لا يمكن أن يكون ""To Date"" بعد التاريخ الحالي.",
From Time cannot be after the current time.,من وقت لا يمكن أن يكون بعد الوقت الحالي.,
To Time cannot be after the current time.,لا يمكن أن يكون الوقت بعد الوقت الحالي.,
Stock Entry {0} created and ,تم إنشاء قيد مخزون {0} و,
Inpatient Medication Orders updated successfully,تم تحديث طلبات الأدوية للمرضى الداخليين بنجاح,
Row {0}: Cannot create Inpatient Medication Entry against cancelled Inpatient Medication Order {1},الصف {0}: لا يمكن إنشاء إدخال دواء للمرضى الداخليين مقابل طلب دواء للمرضى الداخليين تم إلغاؤه {1},
Row {0}: This Medication Order is already marked as completed,الصف {0}: تم بالفعل وضع علامة على طلب الدواء هذا على أنه مكتمل,
Quantity not available for {0} in warehouse {1},الكمية غير متوفرة لـ {0} في المستودع {1},
Please enable Allow Negative Stock in Stock Settings or create Stock Entry to proceed.,يرجى تمكين السماح بالمخزون السلبي في إعدادات المخزون أو إنشاء قيد مخزون للمتابعة.,
No Inpatient Record found against patient {0},لم يتم العثور على سجل للمرضى الداخليين للمريض {0},
An Inpatient Medication Order {0} against Patient Encounter {1} already exists.,يوجد بالفعل طلب دواء للمرضى الداخليين {0} ضد مقابلة المريض {1}.,
Allow In Returns,السماح في المرتجعات,
Hide Unavailable Items,إخفاء الأصناف غير المتوفرة,
Apply Discount on Discounted Rate,تطبيق الخصم على السعر المخفض,
Therapy Plan Template,نموذج خطة العلاج,
Fetching Template Details,إحضار تفاصيل النموذج,
Linked Item Details,تفاصيل الصنف المرتبط,
Therapy Types,أنواع العلاج,
Therapy Plan Template Detail,تفاصيل نموذج خطة العلاج,
Non Conformance,غير مطابقة,
Process Owner,صاحب العملية,
Corrective Action,اجراء تصحيحي,
Preventive Action,إجراءات وقائية,
Problem,مشكلة,
Responsible,مسؤول,
Completion By,اكتمال بواسطة,
Process Owner Full Name,الاسم الكامل لصاحب العملية,
Right Index,الفهرس الأيمن,
Left Index,الفهرس الأيسر,
Sub Procedure,الإجراء الفرعي,
Passed,تم الاجتياز بنجاح,
Print Receipt,اطبع الايصال,
Edit Receipt,تحرير الإيصال,
Focus on search input,ركز على إدخال البحث,
Focus on Item Group filter,التركيز على عامل تصفية مجموعة الأصناف,
Checkout Order / Submit Order / New Order,طلب الخروج / إرسال الطلب / طلب جديد,
Add Order Discount,أضف خصم الطلب,
Item Code: {0} is not available under warehouse {1}.,رمز الصنف: {0} غير متوفر ضمن المستودع {1}.,
Serial numbers unavailable for Item {0} under warehouse {1}. Please try changing warehouse.,الأرقام التسلسلية غير متاحة للصنف {0} تحت المستودع {1}. يرجى محاولة تغيير المستودع.,
Fetched only {0} available serial numbers.,تم جلب {0} من الأرقام التسلسلية المتوفرة فقط.,
Switch Between Payment Modes,التبديل بين طرق الدفع,
Enter {0} amount.,أدخل مبلغ {0}.,
You don't have enough points to redeem.,ليس لديك ما يكفي من النقاط لاستردادها.,
You can redeem upto {0}.,يمكنك استرداد ما يصل إلى {0}.,
Enter amount to be redeemed.,أدخل المبلغ المراد استرداده.,
You cannot redeem more than {0}.,لا يمكنك استرداد أكثر من {0}.,
Open Form View,افتح طريقة عرض النموذج,
POS invoice {0} created succesfully,تم إنشاء فاتورة نقاط البيع {0} بنجاح,
Stock quantity not enough for Item Code: {0} under warehouse {1}. Available quantity {2}.,كمية المخزون غير كافية لرمز الصنف: {0} تحت المستودع {1}. الكمية المتوفرة {2}.,
Serial No: {0} has already been transacted into another POS Invoice.,الرقم التسلسلي: تم بالفعل معاملة {0} في فاتورة نقطة بيع أخرى.,
Balance Serial No,الرقم التسلسلي للميزان,
Warehouse: {0} does not belong to {1},المستودع: {0} لا ينتمي إلى {1},
Please select batches for batched item {0},الرجاء تحديد دفعات للصنف المجمّع {0},
Please select quantity on row {0},الرجاء تحديد الكمية في الصف {0},
Please enter serial numbers for serialized item {0},الرجاء إدخال الأرقام التسلسلية للصنف الرقم التسلسلي {0},
Batch {0} already selected.,الدفعة {0} محددة بالفعل.,
Please select a warehouse to get available quantities,الرجاء تحديد مستودع للحصول على الكميات المتاحة,
"For transfer from source, selected quantity cannot be greater than available quantity",للتحويل من المصدر، لا يمكن أن تكون الكمية المحددة أكبر من الكمية المتاحة,
Cannot find Item with this Barcode,لا يمكن العثور على عنصر بهذا الرمز الشريطي,
{0} is mandatory. Maybe Currency Exchange record is not created for {1} to {2},{0} إلزامي. ربما لم يتم إنشاء سجل صرف العملات من {1} إلى {2},
{} has submitted assets linked to it. You need to cancel the assets to create purchase return.,قام {} بتقديم أصول مرتبطة به. تحتاج إلى إلغاء الأصول لإنشاء عائد شراء.,
Cannot cancel this document as it is linked with submitted asset {0}. Please cancel it to continue.,لا يمكن إلغاء هذا المستند لأنه مرتبط بالأصل المقدم {0}. من فضلك قم بإلغائها للمتابعة.,
Row #{}: Serial No. {} has already been transacted into another POS Invoice. Please select valid serial no.,الصف # {}: الرقم التسلسلي {} تم بالفعل التعامل معه في فاتورة نقطة بيع أخرى. الرجاء تحديد رقم تسلسلي صالح.,
Row #{}: Serial Nos. {} has already been transacted into another POS Invoice. Please select valid serial no.,الصف # {}: تم بالفعل التعامل مع الأرقام التسلسلية. {} في فاتورة نقطة بيع أخرى. الرجاء تحديد رقم تسلسلي صالح.,
Item Unavailable,الصنف غير متوفر,
Row #{}: Serial No {} cannot be returned since it was not transacted in original invoice {},الصف # {}: لا يمكن إرجاع الرقم التسلسلي {} لأنه لم يتم التعامل معه في الفاتورة الأصلية {},
Please set default Cash or Bank account in Mode of Payment {},الرجاء تعيين حساب نقدي أو مصرفي افتراضي في طريقة الدفع {},
Please set default Cash or Bank account in Mode of Payments {},الرجاء تعيين حساب نقدي أو مصرفي افتراضي في طريقة الدفع {},
Please ensure {} account is a Balance Sheet account. You can change the parent account to a Balance Sheet account or select a different account.,يرجى التأكد من أن حساب {} هو حساب الميزانية العمومية. يمكنك تغيير الحساب الرئيسي إلى حساب الميزانية العمومية أو تحديد حساب مختلف.,
Please ensure {} account is a Payable account. Change the account type to Payable or select a different account.,"الرجاء التأكد من أن حساب {} حساب قابل للدفع. قم بتغيير نوع الحساب إلى ""مستحق الدفع"" أو حدد حسابًا مختلفًا.",
Row {}: Expense Head changed to {} ,الصف {}: تم تغيير رأس المصاريف إلى {},
because account {} is not linked to warehouse {} ,لأن الحساب {} غير مرتبط بالمستودع {},
or it is not the default inventory account,أو أنه ليس حساب المخزون الافتراضي,
Expense Head Changed,تغيير رأس المصاريف,
because expense is booked against this account in Purchase Receipt {},لأنه تم حجز المصروفات مقابل هذا الحساب في إذن الاستلام {},
as no Purchase Receipt is created against Item {}. ,حيث لم يتم إنشاء إيصال شراء مقابل الصنف {}.,
This is done to handle accounting for cases when Purchase Receipt is created after Purchase Invoice,يتم إجراء ذلك للتعامل مع محاسبة الحالات التي يتم فيها إنشاء إذن الاستلام بعد فاتورة المشتريات,
Purchase Order Required for item {},أمر الشراء مطلوب للصنف {},
To submit the invoice without purchase order please set {} ,لإرسال الفاتورة بدون أمر الشراء، يرجى تعيين {},
as {} in {},كـ {} في {},
Mandatory Purchase Order,أمر الشراء إلزامي,
Purchase Receipt Required for item {},إذن الاستلام مطلوب للصنف {},
To submit the invoice without purchase receipt please set {} ,لإرسال الفاتورة بدون إيصال شراء، يرجى تعيين {},
Mandatory Purchase Receipt,إذن الاستلام الإلزامي,
POS Profile {} does not belongs to company {},الملف الشخصي لنقاط البيع {} لا ينتمي إلى الشركة {},
User {} is disabled. Please select valid user/cashier,المستخدم {} معطل. الرجاء تحديد مستخدم / أمين صندوق صالح,
Row #{}: Original Invoice {} of return invoice {} is {}. ,الصف رقم {}: الفاتورة الأصلية {} فاتورة الإرجاع {} هي {}.,
Original invoice should be consolidated before or along with the return invoice.,يجب دمج الفاتورة الأصلية قبل أو مع فاتورة الإرجاع.,
You can add original invoice {} manually to proceed.,يمكنك إضافة الفاتورة الأصلية {} يدويًا للمتابعة.,
Please ensure {} account is a Balance Sheet account. ,يرجى التأكد من أن حساب {} هو حساب الميزانية العمومية.,
You can change the parent account to a Balance Sheet account or select a different account.,يمكنك تغيير الحساب الرئيسي إلى حساب الميزانية العمومية أو تحديد حساب مختلف.,
Please ensure {} account is a Receivable account. ,يرجى التأكد من أن حساب {} هو حساب مدينة.,
Change the account type to Receivable or select a different account.,"قم بتغيير نوع الحساب إلى ""ذمم مدينة"" أو حدد حسابًا مختلفًا.",
{} can't be cancelled since the Loyalty Points earned has been redeemed. First cancel the {} No {},لا يمكن إلغاء {} نظرًا لاسترداد نقاط الولاء المكتسبة. قم أولاً بإلغاء {} لا {},
already exists,موجود أصلا,
POS Closing Entry {} against {} between selected period,دخول إغلاق نقطة البيع {} مقابل {} بين الفترة المحددة,
POS Invoice is {},فاتورة نقاط البيع {},
POS Profile doesn't matches {},الملف الشخصي لنقطة البيع لا يتطابق مع {},
POS Invoice is not {},فاتورة نقاط البيع ليست {},
POS Invoice isn't created by user {},لم ينشئ المستخدم فاتورة نقاط البيع {},
Row #{}: {},رقم الصف {}: {},
Invalid POS Invoices,فواتير نقاط البيع غير صالحة,
Please add the account to root level Company - {},الرجاء إضافة الحساب إلى شركة على مستوى الجذر - {},
"While creating account for Child Company {0}, parent account {1} not found. Please create the parent account in corresponding COA",أثناء إنشاء حساب Child Company {0}، لم يتم العثور على الحساب الرئيسي {1}. الرجاء إنشاء الحساب الرئيسي في شهادة توثيق البرامج المقابلة,
Account Not Found,الحساب غير موجود,
"While creating account for Child Company {0}, parent account {1} found as a ledger account.",أثناء إنشاء حساب الشركة الفرعية {0}، تم العثور على الحساب الرئيسي {1} كحساب دفتر أستاذ.,
Please convert the parent account in corresponding child company to a group account.,الرجاء تحويل الحساب الرئيسي في الشركة الفرعية المقابلة إلى حساب مجموعة.,
Invalid Parent Account,حساب الوالد غير صالح,
"Renaming it is only allowed via parent company {0}, to avoid mismatch.",يُسمح بإعادة تسميته فقط عبر الشركة الأم {0}، لتجنب عدم التطابق.,
"If you {0} {1} quantities of the item {2}, the scheme {3} will be applied on the item.",إذا قمت {0} {1} بكميات الصنف {2}، فسيتم تطبيق المخطط {3} على الصنف.,
"If you {0} {1} worth item {2}, the scheme {3} will be applied on the item.",إذا كنت {0} {1} تستحق الصنف {2}، فسيتم تطبيق النظام {3} على الصنف.,
"As the field {0} is enabled, the field {1} is mandatory.",نظرًا لتمكين الحقل {0}، يكون الحقل {1} إلزاميًا.,
"As the field {0} is enabled, the value of the field {1} should be more than 1.",أثناء تمكين الحقل {0}، يجب أن تكون قيمة الحقل {1} أكثر من 1.,
Cannot deliver Serial No {0} of item {1} as it is reserved to fullfill Sales Order {2},لا يمكن تسليم الرقم التسلسلي {0} للصنف {1} لأنه محجوز لملء أمر البيع {2},
"Sales Order {0} has reservation for the item {1}, you can only deliver reserved {1} against {0}.",أمر البيع {0} لديه حجز للصنف {1}، يمكنك فقط تسليم {1} محجوز مقابل {0}.,
{0} Serial No {1} cannot be delivered,لا يمكن تسليم {0} الرقم التسلسلي {1},
Row {0}: Subcontracted Item is mandatory for the raw material {1},الصف {0}: الصنف المتعاقد عليه من الباطن إلزامي للمادة الخام {1},
"As there are sufficient raw materials, Material Request is not required for Warehouse {0}.",نظرًا لوجود مواد خام كافية، فإن طلب المواد ليس مطلوبًا للمستودع {0}.,
" If you still want to proceed, please enable {0}.",إذا كنت لا تزال تريد المتابعة، فيرجى تمكين {0}.,
The item referenced by {0} - {1} is already invoiced,الصنف المشار إليه بواسطة {0} - {1} تم تحرير فاتورة به بالفعل,
Therapy Session overlaps with {0},تتداخل جلسة العلاج مع {0},
Therapy Sessions Overlapping,جلسات العلاج متداخلة,
Therapy Plans,خطط العلاج,
"Item Code, warehouse, quantity are required on row {0}",مطلوب رمز الصنف والمستودع والكمية في الصف {0},
Get Items from Material Requests against this Supplier,الحصول على عناصر من طلبات المواد ضد هذا المورد,
Enable European Access,تمكين الوصول الأوروبي,
Creating Purchase Order ...,إنشاء أمر الشراء...,
"Select a Supplier from the Default Suppliers of the items below. On selection, a Purchase Order will be made against items belonging to the selected Supplier only.",حدد موردًا من الموردين الافتراضيين للعناصر أدناه. عند التحديد، سيتم إجراء أمر الشراء مقابل الأصناف التي تنتمي إلى المورد المحدد فقط.,
Row #{}: You must select {} serial numbers for item {}.,الصف # {}: يجب تحديد {} الأرقام التسلسلية للصنف {}.,
Approve,وافق,
Reject,رفض,
% Returned,% تم إرجاعه,
Actual Qty in Warehouse,الكمية الفعلية في المستودع,
Added By,أضيف من قبل,
Additional Asset Cost,تكلفة الأصول الإضافية,
Additional Cost Per Qty,التكلفة الإضافية لكل كمية,
Ageing Range,مدى العمر,
Category Details,تفاصيل التصنيف,
Company Details,تفاصيل الشركة,
Convert to Group,تحويل إلى تصنيف (مجموعة),Warehouse
Forecast,توقعات,
General Ledger,دفتر الأستاذ عام,Warehouse
Group Same Items,تجميع الأصناف المتشابهة,
Item {0} does not exist.,الصنف {0} غير موجود,
Minimum Value,الحد الأدنى,
Parent Document,المستند الأصل,
Pay,دفع,Amount
Rate of Depreciation (%),معدل الاستهلاك (%),
Reference DocType,مرجع نوع المستند,
Rejected ,مرفوض,
Returned,مرتجع,
Send Attached Files,إرسال الملفات المرفقة,
Time in mins,الوقت بالدقائق,
Unit of Measure (UOM),وحدة القياس (وحدة القياس),
{}  Available,{} متاح,
{} Assigned,{} تم تحديد المهمة,
{} Available,{} متاح,
Mobile: ,المحمول:,
Sending...,إرسال...,
{0} is a mandatory field.,{0} حقل إلزامي.,
 Address,العنوان,
 Amount,مبلغ,
 Is Child Table,جدول تابع,
 Name,الاسم,
 Rate,سعر السلعة المفردة,
 Summary,الملخص,
# In Stock,# في المخزن,
# Req'd Items,# الأصناف المطلوبة,
% Delivered,% تسليم,
% Finished Item Quantity,% كمية المنتج النهائي,
% Occupied,محجوز,
% Picked,مختار,
'Account' in the Accounting section of Customer {0},'الحساب' في قسم المحاسبة الخاص بالعميل {0},
'Allow Multiple Sales Orders Against a Customer's Purchase Order','السماح بإنشاء طلبات مبيعات متعددة مقابل أمر الشراء الخاص بالعميل',
'Default {0} Account' in Company {1},'حساب {0} الافتراضي' في شركة {1},
"'Inspection Required before Delivery' has disabled for the item {0}, no need to create the QI",'الفحص المطلوب قبل التسليم' للصنف {0} تم تعطيله، لذا لا داعي لإنشاء فحص الجودة,
"'Inspection Required before Purchase' has disabled for the item {0}, no need to create the QI",'الفحص المطلوب قبل الشراء' للصنف {0} قد تم تعطيله، لذا لا داعي لإنشاء فحص الجودة,
'To Package No.' cannot be less than 'From Package No.',لا يمكن أن يكون 'الطرد إلى' أقل من 'الطرد من',
'{0}' account is already used by {1}. Use another account.,{0} الحساب مستخدم بواسطة{1} استخدم حساب آخر.,
'{0}' should be in company currency {1}.,يجب أن يكون '{0}' بعملة الشركة {1}.,
(A) Qty After Transaction,الكَمَيَّة بعد العملية (أ).,
(B) Expected Qty After Transaction,(ب) الكَمَيَّة المتوقعة بعد العملية,
(C) Total Qty in Queue,(ج) إجمالي الكمية في قائمة الانتظار,
(C) Total qty in queue,(ج) إجمالي الكمية في قائمة الانتظار,
(D) Balance Stock Value,(د) قيمة المخزون المتبقي,
(E) Balance Stock Value in Queue,(هـ) قيمة المخزون المتبقي في الطابور,
(F) Change in Stock Value,(و) التغيير في قيمة المخزون,
(G) Sum of Change in Stock Value,(ز) مجموع التغير في قيمة الأسهم,
(H) Change in Stock Value (FIFO Queue),(ح) التغيير في قيمة المخزون (طابور FIFO),
(H) Valuation Rate,(ح) معدل التقييم,
(I) Valuation Rate,(ط) معدل التقييم,
(J) Valuation Rate as per FIFO,(ي) معدل التقييم حسب FIFO,
(K) Valuation = Value (D) ÷ Qty (A),(ك) التقييم = القيمة (د) ÷ الكَمَيَّة (أ),
0-30 Days,0-30 يوماً,
11-50,١١-٥٠,
201-500,٢٠١-٥٠٠,
30-60,٣٠-٦٠,
30-60 Days,30-60 يوماً,
60-90,٦٠-٩٠,
60-90 Days,60-90 يوماً,
90 Above,أكثر من 90,
"<br>
<h4>Note</h4>
<ul>
<li>
You can use <a href=""https://jinja.palletsprojects.com/en/2.11.x/"" target=""_blank"">Jinja tags</a> in <b>Subject</b> and <b>Body</b> fields for dynamic values.
</li><li>
    All fields in this doctype are available under the <b>doc</b> object and all fields for the customer to whom the mail will go to is available under the  <b>customer</b> object.
</li></ul>
<h4> Examples</h4>
<!-- {% raw %} -->
<ul>
    <li><b>Subject</b>:<br><br><pre><code>Statement Of Accounts for {{ customer.customer_name }}</code></pre><br></li>
    <li><b>Body</b>: <br><br>
<pre><code>Hello {{ customer.customer_name }},<br>PFA your Statement Of Accounts from {{ doc.from_date }} to {{ doc.to_date }}.</code> </pre></li>
</ul>
<!-- {% endraw %} -->","<br>
<h4>ملاحظة</h4>
<ul>
<li>
يمكنك استخدام <a href=""https://jinja.palletsprojects.com/en/2.11.x/"" target=""_blank"">علامات جينجا</a> في حقول <b>الموضوع</b> و <b>المحتوى</b> للقيم الديناميكية.
</li><li>
 جميع الحقول في هذا النوع من الوثائق متاحة ضمن كائن <b>doc</b> وجميع الحقول الخاصة بالعميل الذي سيصل إليه البريد متاحة ضمن كائن <b>customer</b>.
</li></ul>
<h4> أمثلة</h4>
<!-- {% raw %} -->
<ul>
 <li><b>الموضوع</b>:<br><br><pre><code>كشف حسابات لـ {{ customer.customer_name }}</code></pre><br></li>
 <li><b>المحتوى</b>:<br><br>
<pre><code>مرحبًا {{ customer.customer_name }},<br>يرجى ملاحظة كشف حساباتك من {{ doc.from_date }} إلى {{ doc.to_date }}.</code> </pre></li>
</ul>
<!-- {% endraw %} -->",
"<div class=""columnHeading"">Other Details</div>","<div class=""columnHeading"">تفاصيل أخرى</div>",
"<div class=""text-muted text-center"">No Matching Bank Transactions Found</div>","<div class=""text-muted text-center"">لم يتم العثور على معاملات مصرفية مطابقة</div>",
"<div>
<h3> All dimensions in centimeter only </h3>
</div>","<div>
<h3>كل الأبعاد تقاس بالسنتيمتر فقط</h3>
</div>",
"<h3>About Product Bundle</h3>

<p>Aggregate group of <b>Items</b> into another <b>Item</b>. This is useful if you are bundling a certain <b>Items</b> into a package and you maintain stock of the packed <b>Items</b> and not the aggregate <b>Item</b>.</p>
<p>The package <b>Item</b> will have <code>Is Stock Item</code> as <b>No</b> and <code>Is Sales Item</code> as <b>Yes</b>.</p>
<h4>Example:</h4>
<p>If you are selling Laptops and Backpacks separately and have a special price if the customer buys both, then the Laptop + Backpack will be a new Product Bundle Item.</p>","<h3>حول حزمة المنتج</h3>

<p>مجموعة مجمعة من <b>عناصر</b> في عنصر <b>آخر</b>. يكون هذا مفيدًا إذا كنت تقوم بتجميع <b>عناصر</b> معينة في حزمة وتحتفظ بمخزون من <b>عناصر معبأة</b> وليس مجموع <b>عنصر</b>.</p>
<p>ستحتوي الحزمة <b>الصنف</b> على <code>هو عنصر مخزون</code> مثل <b>لا</b> و <code>هو عنصر مبيعات</code> مثل <b>نعم</b>.</p>
<h4>مثال:</h4>
<p>إذا كنت تبيع أجهزة الكمبيوتر المحمولة وحقائب الظهر بشكل منفصل ولديك سعر خاص إذا اشترى العميل كليهما، فسيكون الكمبيوتر المحمول + حقيبة الظهر عنصرًا جديدًا في حزمة المنتج.</p>",
"<h3>Currency Exchange Settings Help</h3>
<p>There are 3 variables that could be used within the endpoint, result key and in values of the parameter.</p>
<p>Exchange rate between {from_currency} and {to_currency} on {transaction_date} is fetched by the API.</p>
<p>Example: If your endpoint is exchange.com/2021-08-01, then, you will have to input exchange.com/{transaction_date}</p>","<h3>تعليمات إعدادات صرف العملات</h3>
<p>هناك 3 متغيرات يمكن استخدامها داخل نقطة النهاية ومفتاح النتيجة وفي قيم المعلمة.</p>
<p>يتم جلب سعر الصرف بين {from_currency} و {to_currency} في {transaction_date} بواسطة واجهة برمجة التطبيقات.</p>
<p>مثال: إذا كانت نقطة النهاية الخاصة بك هي exchange.com/2021-08-01، فسيتعين عليك إدخال exchange.com/{transaction_date}</p>",
"<h4>Body Text and Closing Text Example</h4>

<div>We have noticed that you have not yet paid invoice {{sales_invoice}} for {{frappe.db.get_value(""Currency"", currency, ""symbol"")}} {{outstanding_amount}}. This is a friendly reminder that the invoice was due on {{due_date}}. Please pay the amount due immediately to avoid any further dunning cost.</div>

<h4>How to get fieldnames</h4>

<p>The fieldnames you can use in your template are the fields in the document. You can find out the fields of any documents via Setup &gt; Customize Form View and selecting the document type (e.g. Sales Invoice)</p>

<h4>Templating</h4>

<p>Templates are compiled using the Jinja Templating Language. To learn more about Jinja, <a class=""strong"" href=""http://jinja.pocoo.org/docs/dev/templates/"">read this documentation.</a></p>","<h4>مثال على نص الجسم والنص الختامي</h4>

<div>لاحظنا أنك لم تدفع الفاتورة {{sales_invoice}} بعد عن {{frappe.db.get_value(""Currency"", currency, ""symbol"")}} {{outstanding_amount}}. هذا تذكير ودي بأن الفاتورة كانت مستحقة في {{due_date}}. يرجى سداد المبلغ المستحق على الفور لتجنب أي تكاليف مطالبة أخرى.</div>

<h4>كيفية الحصول على أسماء الحقول</h4>

<p>أسماء الحقول التي يمكنك استخدامها في القالب الخاص بك هي الحقول الموجودة في المستند. يمكنك معرفة حقول أي مستند عبر الإعداد &gt; تخصيص عرض النموذج واختيار نوع المستند (على سبيل المثال فاتورة المبيعات)</p>

<h4>القوالب</h4>

<p>يتم تجميع القوالب باستخدام لغة قوالب Jinja. لمعرفة المزيد عن Jinja، اقرأ هذه الوثائق <a class=""strong"" href=""http://jinja.pocoo.org/docs/dev/templates/""></a></p>",
"<h4>Contract Template Example</h4>

<pre>Contract for Customer {{ party_name }}

-Valid From : {{ start_date }} 
-Valid To : {{ end_date }}
</pre>

<h4>How to get fieldnames</h4>

<p>The field names you can use in your Contract Template are the fields in the Contract for which you are creating the template. You can find out the fields of any documents via Setup &gt; Customize Form View and selecting the document type (e.g. Contract)</p>

<h4>Templating</h4>

<p>Templates are compiled using the Jinja Templating Language. To learn more about Jinja, <a class=""strong"" href=""http://jinja.pocoo.org/docs/dev/templates/"">read this documentation.</a></p>","<h4>مثال على قالب العقد</h4>

<pre>عقد للعميل {{ party_name }}

-صالح من: {{ start_date }} 
-صالح إلى: {{ end_date }}
</pre>

<h4>كيفية الحصول على أسماء الحقول</h4>

<p>أسماء الحقول التي يمكنك استخدامها في قالب العقد الخاص بك هي الحقول الموجودة في العقد الذي تقوم بإنشاء القالب له. يمكنك معرفة حقول أي مستند عبر الإعداد &gt; تخصيص عرض النموذج واختيار نوع المستند (على سبيل المثال العقد)</p>

<h4>القوالب</h4>

<p>يتم تجميع القوالب باستخدام لغة قوالب Jinja. لمعرفة المزيد عن Jinja، اقرأ هذه الوثائق <a class=""strong"" href=""http://jinja.pocoo.org/docs/dev/templates/""></a></p>",
"<h4>Standard Terms and Conditions Example</h4>

<pre>Delivery Terms for Order number {{ name }}

-Order Date : {{ transaction_date }} 
-Expected Delivery Date : {{ delivery_date }}
</pre>

<h4>How to get fieldnames</h4>

<p>The fieldnames you can use in your email template are the fields in the document from which you are sending the email. You can find out the fields of any documents via Setup &gt; Customize Form View and selecting the document type (e.g. Sales Invoice)</p>

<h4>Templating</h4>

<p>Templates are compiled using the Jinja Templating Language. To learn more about Jinja, <a class=""strong"" href=""http://jinja.pocoo.org/docs/dev/templates/"">read this documentation.</a></p>","<h4>مثال على الشروط والأحكام القياسية</h4>

<pre>شروط التسليم لرقم الطلب {{ name }}

-تاريخ الطلب: {{ transaction_date }} 
-تاريخ التسليم المتوقع: {{ delivery_date }}
</pre>

<h4>كيفية الحصول على أسماء الحقول</h4>

<p>أسماء الحقول التي يمكنك استخدامها في قالب البريد الإلكتروني الخاص بك هي الحقول الموجودة في المستند الذي ترسل منه البريد الإلكتروني. يمكنك معرفة حقول أي مستند عبر الإعداد &gt; تخصيص عرض النموذج واختيار نوع المستند (على سبيل المثال فاتورة المبيعات)</p>

<h4>القوالب</h4>

<p>يتم تجميع القوالب باستخدام لغة قوالب Jinja. لمعرفة المزيد عن Jinja، اقرأ هذه الوثائق <a class=""strong"" href=""http://jinja.pocoo.org/docs/dev/templates/""></a></p>",
"<label class=""control-label"" style=""margin-bottom: 0px;"">Account Number Settings</label>","<label class=""control-label"" style=""margin-bottom: 0px;"">إعدادات رقم الحساب</label>",
"<label class=""control-label"" style=""margin-bottom: 0px;"">Amount In Words</label>","<label class=""control-label"" style=""margin-bottom: 0px;"">المبلغ بالكلمات</label>",
"<label class=""control-label"" style=""margin-bottom: 0px;"">Date Settings</label>","<label class=""control-label"" style=""margin-bottom: 0px;"">إعدادات التاريخ</label>",
<li>Item {0} in row(s) {1} billed more than {2}</li>,<li>الصنف {0} في الصف (الصفوف) {1} تمت فوترته أكثر من {2}</li>,
<p>Cannot overbill for the following Items:</p>,<p/>لا يمكن زيادة الفاتورة للعناصر التالية:<p>,
<p>Following {0}s doesn't belong to Company {1} :</p>,<p>:ال{0} التالية لا تنتمى إلي الشركة {1}</p>,
"<p>In your <b>Email Template</b>, you can use the following special variables:
</p>
<ul>
        <li>
            <code>{{ update_password_link }}</code>: A link where your supplier can set a new password to log into your portal.
        </li>
        <li>
            <code>{{ portal_link }}</code>: A link to this RFQ in your supplier portal.
        </li>
        <li>
            <code>{{ supplier_name }}</code>: The company name of your supplier.
        </li>
        <li>
            <code>{{ contact.salutation }} {{ contact.last_name }}</code>: The contact person of your supplier.
        </li><li>
            <code>{{ user_fullname }}</code>: Your full name.
        </li>
    </ul>
<p></p>
<p>Apart from these, you can access all values in this RFQ, like <code>{{ message_for_supplier }}</code> or <code>{{ terms }}</code>.</p>","<p>في قالب البريد الإلكتروني <b></b>، يمكنك استخدام المتغيرات الخاصة التالية:
</p>
<ul>
 <li>
 <code>{{ update_password_link }}</code>: رابط يمكن لموردك من خلاله تعيين كلمة مرور جديدة لتسجيل الدخول إلى البوابة الخاصة بك.
 </li>
 <li>
 <code>{{ portal_link }}</code>: رابط لهذا الطلب على الأسعار في بوابة المورد الخاص بك.
 </li>
 <li>
 <code>{{ supplier_name }}</code>: اسم شركة المورد الخاص بك.
 </li>
 <li>
 <code>{{ contact.salutation }} {{ contact.last_name }}</code>: جهة الاتصال الخاصة بموردك.
 </li><li>
 <code>{{ user_fullname }}</code>: اسمك الكامل.
 </li>
 </ul>
<p></p>
<p>وبصرف النظر عن ذلك، يمكنك الوصول إلى جميع القيم في طلب عرض الأسعار هذا، مثل <code>{{ message_for_supplier }}</code> أو <code>{{ terms }}</code>.</p>",
"<p>Price List Rate has not been set as editable in Selling Settings. In this scenario, setting <strong>Update Price List Based On</strong> to <strong>Price List Rate</strong> will prevent auto-updation of Item Price.</p>Are you sure you want to continue?",<p>معدل قائمة الأسعار غير قابل للتعديل بحسب إعدادات البيع. وفي هذه الحاله فإن<strong>تحديث قائمة الأسعار بناء</strong> على <strong>معدل قائمة الأسعار</strong> سيمنع التحديث التلقائي لسعر المنتج.</p>هل أنت متأكد أنك تريد المتابعة؟,
"<p>To allow over-billing, please set allowance in Accounts Settings.</p>",<p>للسماح بإصدار الفواتير الزائدة، يُرجى ضبط الحد المسموح به في إعدادات الحسابات.</p>,
"<pre><h5>Message Example</h5>

&lt;p&gt; Thank You for being a part of {{ doc.company }}! We hope you are enjoying the service.&lt;/p&gt;

&lt;p&gt; Please find enclosed the E Bill statement. The outstanding amount is {{ doc.grand_total }}.&lt;/p&gt;

&lt;p&gt; We don't want you to be spending time running around in order to pay for your Bill.<br>After all, life is beautiful and the time you have in hand should be spent to enjoy it!<br>So here are our little ways to help you get more time for life! &lt;/p&gt;

&lt;a href=""{{ payment_url }}""&gt; click here to pay &lt;/a&gt;

</pre>
","<pre><h5>مثال الرسالة</h5>

&lt;p&gt; نشكرك على كونك جزءًا من {{ doc.company }}! نأمل أن تستمتع بالخدمة.&lt;/p&gt;

&lt;p&gt; يُرجى إيجاد كشف حساب الفاتورة الإلكترونية المرفق. المبلغ المستحق هو {{ doc.grand_total }}.&lt;/p&gt;

&lt;p&gt; لا نريدك أن تقضي وقتك في الجري من أجل دفع فاتورتك.<br>بعد كل شيء، الحياة جميلة والوقت الذي بين يديك يجب أن تقضيه للاستمتاع بها!<br>لذا، إليك طرقنا الصغيرة لمساعدتك في الحصول على مزيد من الوقت مدى الحياة! &lt;/p&gt;

&lt;a href=""{{ payment_url }}""&gt; انقر هنا للدفع &lt;/a&gt;

</pre>",
"<pre><h5>Message Example</h5>

&lt;p&gt;Dear {{ doc.contact_person }},&lt;/p&gt;

&lt;p&gt;Requesting payment for {{ doc.doctype }}, {{ doc.name }} for {{ doc.grand_total }}.&lt;/p&gt;

&lt;a href=""{{ payment_url }}""&gt; click here to pay &lt;/a&gt;

</pre>
","<pre><h5>مثال الرسالة</h5>

&lt;p&gt;عزيزي {{ doc.contact_person }}، &lt;/p&gt;

&lt;p&gt;أطلب الدفع مقابل {{ doc.doctype }}، {{ doc.name }} مقابل {{ doc.grand_total }}.&lt;/p&gt;

&lt;a href=""{{ payment_url }}""&gt; انقر هنا للدفع &lt;/a&gt;

</pre>",
"<span class=""h4""><b>Masters &amp; Reports</b></span>","<span class=""h4""><b>المعاملات & التقارير</b></span>",
"<span class=""h4""><b>Quick Access</b></span>","<span class=""h4""><b>الوصول السريع</b></span>",
"<span class=""h4""><b>Shortcuts</b></span>","<span class=""h4""><b>الاختصارات</b></span>",
"<span class=""h4""><b>Your Shortcuts
			
		
			
		
			
		</b></span>","<span class=""h4""><b>اختصاراتك
 
 
 
 
 
 </b></span>",
<strong>Grand Total:</strong> {0},المجموع الكلي: {0},
<strong>Outstanding Amount:</strong> {0},<strong>المبلغ المستحِقّ:</strong> {0},
"<table class=""table table-bordered table-condensed"">
<thead>
  <tr>
         <th class=""table-sr"" style=""width: 50%;"">Child Document</th>
         <th class=""table-sr"" style=""width: 50%;"">Non Child Document</th>
   </tr>
</thead>
<tbody>
<tr>
         <td>
                  <p> To access parent document field use parent.fieldname and to access child table document field use doc.fieldname </p>

         </td>
         <td>
                    <p>To access document field use doc.fieldname </p>
         </td>
</tr>
<tr>
        <td>
                   <p><b>Example: </b> parent.doctype == ""Stock Entry"" and doc.item_code == ""Test"" </p>

        </td>
         <td>
                   <p><b>Example: </b> doc.doctype == ""Stock Entry"" and doc.purpose == ""Manufacture""</p>    
          </td>
</tr>

</tbody>
</table>






","<table class=""table table-bordered table-condensed"">
<thead>
 <tr>
 <th class=""table-sr"" style=""width: 50%;"">Child Document</th>
 <th class=""table-sr"" style=""width: 50%;"">Non Child Document</th>
 </tr>
</thead>
<tbody>
<tr>
 <td>
 <p> للوصول إلى الوالد في حقل المستند الأصل. اسم ieldname والوصول إلى ملف استخدام حقل ملف جدول الأطفال. الاسم </p>

 </td>
 <td>
 <p>للوصول إلى وثيقة استخدام الحقل الاسم </p>
 </td>
</tr>
<tr>
 <td>
 <p><b>مثال: </b> والد. octype == ""Stock إدخال"" و doc. tem_code == ""اختبار </p>

 </td>
 <td>
 <p><b>مثال: </b> doc. octype == ""Stock إدخال"" و doc. urposed == ""الصناعة""</p> 
 </td>
</tr>

</tbody>
</table>",
A - B,أ - ب,
A - C,أ - ج,
A Holiday List can be added to exclude counting these days for the Workstation.,يمكن إضافة قائمة الإجازات لحساب هذه الأيام لمحطة العمل.,
A Packing Slip can only be created for Draft Delivery Note.,لا يمكن إنشاء إيصال التعبئة إلا لإذن التسليم المُسَوَّدَة.,
"A Price List is a collection of Item Prices either Selling, Buying, or both",قائمة الأسعار هي مجموعة من أسعار الأصناف إما البيع أو الشراء أو كليهما,
A Reconciliation Job {0} is running for the same filters. Cannot reconcile now,يتم تشغيل {0} مهمة التسوية لنفس عوامل التصفية. لا يمكن التصالح الآن,
A Transaction Deletion Document: {0} is triggered for {0},مستند حذف المعاملة: يتم تشغيل {0} ل {0},
A customer must have primary contact email.,يجب أن يكون لدى العميل بريد إلكتروني أساسي للاتصال.,
A driver must be set to submit.,يجب تعيين برنامَج التشغيل للإرسال.,
A template with tax category {0} already exists. Only one template is allowed with each tax category,يوجد بالفعل قالب مع فئة الضريبة {0}. يسمح بقالب واحد فقط مع كل فئة ضريبية,
API Details,تفاصيل واجهة برمجة التطبيقات,
Abbreviation: {0} must appear only once,الاختصار: يجب أن يظهر {0} مرة واحدة فقط,
Acceptance Criteria Formula,معادلة معايير القبول,
Acceptance Criteria Value,قيمة معايير القبول,
Accepted Qty in Stock UOM,الكَمَيَّة المقبولة بوحدة قياس المخزون,
Access Key,مفتاح الوصول,
Access Key is required for Service Provider: {0},مفتاح الوصول مطلوب لموفر الخدمة: {0},
"According to the BOM {0}, the Item '{1}' is missing in the stock entry.",وفقًا لقائمة المواد {0}، فإن الصنف '{1}' مفقود في قيد مخزون.,
Account Closing Balance,رصيد إغلاق الحساب,
Account Currency (From),عملة الحساب (من),
Account Currency (To),عملة الحساب (إلى),
Account Opening Balance,رصيد فتح الحساب,
Account not Found,تعذر العثور على الحساب,
Account {0} added multiple times,تمت إضافة الحساب {0} عدة مرات,
Account {0} cannot be converted to Group as it is already set as {1} for {2}.,لا يمكن تحويل الحساب {0} إلى مجموعة لأنه تم تعيينه على أنه {1} لـ {2}.,
Account {0} cannot be disabled as it is already set as {1} for {2}.,لا يمكن تعطيل الحساب {0} لأنه تم تعيينه بالفعل على أنه {1} لـ {2}.,
Account {0} doesn't belong to Company {1},الحساب {0} لا ينتمي إلى الشركة {1},
Account {0} is disabled.,تم تعطيل الحساب {0}.,
Accounting Dimension Filter,تحديد الأبعاد المحاسبيه,
Accounting Dimensions Filter,فلتر الأبعاد المحاسبية,
Accounting Entry for {0},القيد المحاسبي لـ {0},
Accounts Closing,إغلاق الحسابات,
Accounts Missing Error,خطأ في الحسابات مفقودة,
Accounts Receivable / Payable Tuning,ضبط الحسابات المدينة/الدائنة,
Accounts Receivable/Payable,حسابات القبض / الدائنة,
Accounts to Merge,الحسابات المراد دمجها,
Action If Quality Inspection Is Rejected,الإجراء إذا تم رفض فحص الجودة,
Action If Same Rate is Not Maintained,الإجراء إذا لم يتم الحفاظ على نفس السعر,
Action if Same Rate is Not Maintained Throughout  Internal Transaction,الإجراء في حالة عدم الحفاظ على نفس المعدل طوال المعاملة الداخلية,
Action if Same Rate is Not Maintained Throughout Sales Cycle,الإجراء إذا لم يتم الحفاظ على نفس السعر طوال دورة المبيعات,
Active Status,الحالة النشطة,
Actual Balance Qty,كَمَيَّة الرصيد الفعلي,
Actual Expense,المصروفات الفعلية,
Actual Posting,النشر الفعلي,
Actual Time,الوقت الفعلي,
Add Columns in Transaction Currency,إضافة أعمدة في عملة المعاملات,
Add Corrective Operation Cost in Finished Good Valuation,إضافة تكلفة العملية التصحيحية في التقييم الجيد النهائي,
Add Discount,إضافة خصم,
Add Items in the Purpose Table,إضافة عناصر في جدول الأغراض,
Add Lead to Prospect,تحويل العميل المحتمل إلى عميل مؤهل,
Add Local Holidays,إضافة العطل المحلية,
Add Manually,أضف يدويّاً,
Add Or Deduct,إضافة أو خَصْم,
Add Serial / Batch Bundle,إضافة حزمة تسلسلية / دفعية,
Add Serial / Batch No,إضافة الرَّقْم التسلسلي / رَقْم الدفعة,
Add Serial / Batch No (Rejected Qty),إضافة الرَّقْم تسلسلي / دفعة (الكَمَيَّة المرفوضة),
Add Stock,إضافة مخزونا,
Add Sub Assembly,إضافة مجموعة فرعية,
Add a Note,إضافة ملاحظة,
Add details,إضافة تفاصيل,
Add to Prospect,أضف إلى احتمال,
Added On,تمت إضافته في,
Added Supplier Role to User {0}.,تمت إضافة دور المورد إلى المستخدم {0}.,
Added {1} Role to User {0}.,تمت إضافة دور {1} إلى المستخدم {0}.,
Adding Lead to Prospect...,جاري تحويل العميل المحتمل إلى عميل مؤهل...,
Additional,الإضافية,
Additional Data,بيانات إضافية,
Additional Info,معلومات اضافية,
Adjust Asset Value,تعديل قيمة الأصول,
Adjustment Against,التعديل ضد,
Adjustment based on Purchase Invoice rate,التعديل بناءً على سعر وَرقة الحساب,
Advance Account: {0} must be in either customer billing currency: {1} or Company default currency: {2},حساب الدفع المقدم: {0} يجب أن يكون إما بعملة فواتير العميل: {1} أو بعملة الشركة الافتراضية: {2},
Advance Payment,الدفع المسبق,
Advance Payment Date,تاريخ الدفع المسبق,
Advance Tax,الضريبة المسبقة,
Advance Taxes and Charges,الضرائب والرسوم المسبقة,
Advance paid against {0} {1} cannot be greater than Grand Total {2},لا يمكن أن يكون المبلغ المدفوع مقدمًا مقابل {0} {1} أكبر من الإجمالي الكلي {2},
Advance payments allocated against orders will only be fetched,سيتم جلب الدفعات المقدمة المخصصة للطلبات فقط,
Affected Transactions,المعاملات المتأثرة,
Against Customer Order {0},مقابل طلب العميل {0},
Against Pick List,مقابل قائمة الاختيار,
Against Supplier Invoice {0},مقابل فاتورة المورد {0},
Against Voucher No,مقابل القسيمة رَقْم,
Age ({0}),السن ({0}),
Agent Busy Message,رسالة الوكيل مشغول,
Agent Group,مجموعة الوكيل,
Agent Unavailable Message,رسالة عدم توفر الوكيل,
Aggregate a group of Items into another Item. This is useful if you are maintaining the stock of the packed items and not the bundled item,تجميع مجموعة من الأصناف في عنصر آخر. يكون هذا مفيداً إذا كنت تحتفظ بمخزون الأصناف المُجمَّعة وليس الصنف المضاف,
Algorithm,الخوارزمية,
All Activities,جميع الأنشطة,
All Activities HTML,جميع الأنشطة HTML,
All Items,جميع الأصناف,
All Sales Transactions can be tagged against multiple Sales Persons so that you can set and monitor targets.,يمكن وضع علامة على جميع معاملات المبيعات ضد عدة مندوبي مبيعات حتى تتمكن من تعيين الأهداف ومراقبتها.,
All allocations have been successfully reconciled,تمت تسوية جميع المخصصات بنجاح,
All items have already been received,تم استلام جميع الأصناف مسبقاً,
All items in this document already have a linked Quality Inspection.,جميع الأصناف في هذا المستند مرتبطة بفحص جودة.,
All the Comments and Emails will be copied from one document to another newly created document(Lead -> Opportunity -> Quotation) throughout the CRM documents.,سيتم نسخ جميع التعليقات ورسائل البريد الإلكتروني من مستند إلى مستند آخر تم إنشاؤه حديثًا (العميل المحتمل -> الفرصة -> عرض الأسعار) في جميع مستندات إدارة علاقات العملاء.,
"All the required items (raw materials) will be fetched from BOM and populated in this table. Here you can also change the Source Warehouse for any item. And during the production, you can track transferred raw materials from this table.",عميل محتمل,
Allocate Payment Request,تخصيص طلب السداد,
Allocated Entries,القيود المخصصة,
Allocated To:,المخصصة ل:,
Allocations,المخصصات,
Allow Alternative Item must be checked on Item {},يجب تحديد خيار السماح بالعنصر البديل في الصنف {},
Allow Continuous Material Consumption,السماح بالاستهلاك المستمر للمواد,
Allow Excess Material Transfer,السماح بنقل المواد الزائدة,
Allow Implicit Pegged Currency Conversion,السماح بتحويل العملة الضمني,
Allow Item to be Added Multiple Times in a Transaction,السماح بإضافة الصنف أكثر من مرة في نفس المعاملة,
Allow Lead Duplication based on Emails,السماح بتكرار العملاء المحتملين بناءً على رسائل البريد الإلكتروني,
Allow Or Restrict Dimension,السماح أو تقييد البعد,
Allow Partial Payment,السماح بتسديد جزئي,
Allow Partial Reservation,السماح بالحجز الجزئي,
Allow Purchase,السماح بالشراء,
Allow Purchase Order with Zero Quantity,السماح بأمر الشراء بكمية صفر,
Allow Quotation with Zero Quantity,السماح بعرض سعر المورد بكمية صفرية,
Allow Request for Quotation with Zero Quantity,السماح بعرض سعر المورد بكمية صفرية,
Allow Sales,السماح بالمبيعات,
Allow Sales Order Creation For Expired Quotation,السماح بإنشاء أمر بيع لأمر شراء منتهي الصلاحية,
Allow Sales Order with Zero Quantity,السماح بأمر البيع بكمية صفر,
Allow Supplier Quotation with Zero Quantity,السماح بعرض سعر المورد بكمية صفرية,
Allow UOM with Conversion Rate Defined in Item,السماح بوحدة القياس مع معدل التحويل المحدد في الصنف,
Allow User to Edit Discount,السماح للمستخدم بتعديل الخصم,
Allow User to Edit Rate,السماح للمستخدم بتحرير السعر,
Allow Zero Rate,السماح بمعدل صفري,
Allow existing Serial No to be Manufactured/Received again,السماح بتصنيع/استلام الرقم التسلسلي الحالي مرة أخرى,
Allow material consumptions without immediately manufacturing finished goods against a Work Order,السماح باستهلاك المواد دون تصنيع السلع النهائية فورًا بموجب أمر التشغيل,
Allow multi-currency invoices against single party account ,السماح بفواتير متعددة العملات مقابل حساب طرف واحد,
Allow to Edit Stock UOM Qty for Purchase Documents,السماح بتعديل كمية وحدة قياس المخزون لمستندات الشراء,
Allow to Edit Stock UOM Qty for Sales Documents,السماح بتعديل كمية وحدة قياس المخزون لمستندات المبيعات,
Allow to Make Quality Inspection after Purchase / Delivery,السماح بإجراء فحص الجودة بعد الشراء/التسليم,
Allow transferring raw materials even after the Required Quantity is fulfilled,السماح بنقل المواد الخام حتى بعد استيفاء الكمية المطلوبة,
Allowed Dimension,البُعد المسموح به,
Allowed Doctypes,أنواع المستندات المسموح بها,
Allowed Items,الأصناف المسموح بها,
Allowed primary roles are 'Customer' and 'Supplier'. Please select one of these roles only.,"الأدوار الأساسية المسموح بها هي ""العميل"" و""المورد"". يرجى تحديد أحد هذه الأدوار فقط.",
Allows to keep aside a specific quantity of inventory for a particular order.,يسمح بالاحتفاظ بكمية محددة من المخزون جانباً لطلب معين.,
Allows users to submit Purchase Orders with zero quantity. Useful when rates are fixed but the quantities are not. Eg. Rate Contracts.,يتيح للمستخدمين اعتماد أوامر شراء بكمية صفرية. مفيد عندما تكون الأسعار ثابتة والكميات غير ثابتة، مثل عقود الأسعار.,
Allows users to submit Quotations with zero quantity. Useful when rates are fixed but the quantities are not. Eg. Rate Contracts.,يتيح للمستخدمين اعتماد عروض أسعار بكمية صفرية. مفيد عندما تكون الأسعار ثابتة والكميات غير ثابتة، مثل عقود الأسعار.,
Allows users to submit Request for Quotations with zero quantity. Useful when rates are fixed but the quantities are not. Eg. Rate Contracts.,يتيح للمستخدمين اعتماد طلبات عروض أسعار بكمية صفرية. مفيد عندما تكون الأسعار ثابتة والكميات غير ثابتة، مثل عقود الأسعار.,
Allows users to submit Sales Orders with zero quantity. Useful when rates are fixed but the quantities are not. Eg. Rate Contracts.,يتيح للمستخدمين اعتماد أوامر بيع بكمية صفرية. مفيد عندما تكون الأسعار ثابتة والكميات غير ثابتة، مثل عقود الأسعار.,
Allows users to submit Supplier Quotations with zero quantity. Useful when rates are fixed but the quantities are not. Eg. Rate Contracts.,يتيح للمستخدمين اعتماد عروض أسعار الموردين بكمية صفرية. مفيد عندما تكون الأسعار ثابتة والكميات غير ثابتة، مثل عقود الأسعار.,
Already Picked,تم اختياره بالفعل,
Also you can't switch back to FIFO after setting the valuation method to Moving Average for this item.,أيضًا لا يمكنك العودة إلى FIFO بعد ضبط طريقة التقييم على المتوسط المتحرك لهذا الصنف.,
Alternative Items,الأصناف البديلة,
"Alternatively, you can download the template and fill your data in.",..,
Amount (AED),المبلغ (بالدرهم الإماراتي),
Amount Difference with Purchase Invoice,فرق المبلغ مع فاتورة المشتريات,
Amount Eligible for Commission,المبلغ المؤهل للعمولة,
Amount in Account Currency,المبلغ المدين بعملة الحساب,
Amount in Words,المبلغ بالكلمات,
Amount in party's bank account currency,المبلغ في عملة الحساب المصرفي للطرف,
Amount in transaction currency,المبلغ بعملة المعاملة,
Amounts,المبالغ,
An Item Group is a way to classify items based on types.,مجموعة الأصناف هي طريقة لتصنيف الأصناف بناءً على الأنواع.,
Analysis Chart,الرسم البياني التحليلي,
Annual Revenue,الإيراد السنوي,
Applicable Dimension,البُعد المطبق,
Applicable On Account,ينطبق على الحساب,
Apply Tax Withholding Amount ,تطبيق مبلغ الاستقطاع الضريبي,
Appointment Scheduling has been disabled for this site,تم تعطيل جدولة المواعيد لهذا الموقع,
Appointment was created. But no lead was found. Please check the email to confirm,تم تحديد موعد، ولكن لم يتم العثور على أي عميل محتمل. يُرجى مراجعة البريد الإلكتروني للتأكيد,
Approximately match the description/party name against parties,مطابقة الوصف/اسم الطرف تقريبًا مع الأطراف,
Are you sure you want to clear all demo data?,هل أنت متأكد أنك تريد مسح كافة بيانات العرض التوضيحي؟,
Are you sure you want to delete this Item?,هل أنت متأكد أنك تريد حذف هذه الصنف؟,
Assembly Items,عناصر التجميع,
Asset Activity,نشاط الأصل,
Asset Depreciation Schedule,جدول استهلاك الأصول,
Asset Depreciation Schedule for Asset {0} and Finance Book {1} is not using shift based depreciation,جدول استهلاك الأصول للأصل {0} ودفتر التمويل {1} لا يستخدم الاستهلاك القائم على الوردية,
Asset ID,معرّف الأصل,
Asset Quantity,كَمَيَّة الأصول,
Asset scrapped,الأصول الملغاة,
Attendance & Leaves,الحضور والانصراف,
Batch No.,رقم دفعة.,
Call Again,معاودة الاتصال,
Call Ended,انتهت المكالمة,
Call Received By,استلمت المكالمة من قبل,
Call Type,نوع المكالمة,
Cannot produce more item for {0},لا يمكن إنتاج المزيد من الأصناف لـ {0},
Cannot produce more than {0} items for {1},لا يمكن إنتاج أكثر من {0} عنصرًا لـ {1},
Cannot receive from customer against negative outstanding,لا يمكن الاستلام من العميل مقابل مستحقات سالبة,
Checked On,تم التحقق منه,
Competitors,المنافسون,
Completed On,اكتمل في,
Completed Tasks,المهام المكتملة,
Completed Time,وقت التنفيذ,
Conditional Rule,القاعدة الشرطية,
Conditional Rule Examples,أمثلة على القواعد الشرطية,
Consumed Stock Total Value,القيمة الإجمالية للمخزون المستهلك,
Contact Mobile,رقم الهاتف المحمول,
Contact Person does not belong to the {0},جهة الاتصال لا تنتمي إلى {0},
Contribution Qty,كمية المساهمة,
Conversion rate cannot be 0,لا يمكن أن يكون معدل التحويل 0,
Costing Details,تفاصيل التكلفة,
Create Journal Entries,إنشاء قيد الدفتر اليومي,
Create Link,إنشاء رابط,
Create New Customer,إنشاء عميل جديد,
Create in Draft Status,إنشاء في حالة المسودة,
Create {0} {1} ?,إنشاء {0} {1}؟,
Creating Journal Entries...,جاري إنشاء قيد الدفتر اليومي...,
Creating Purchase Invoices ...,جاري إنشاء فاتورة شراء...,
Creating Purchase Receipt ...,جاري إنشاء فاتورة شراء...,
Creating Sales Invoices ...,جاري إنشاء فاتورة المبيعات...,
Creating User...,جاري إنشاء المستخدم...,
Current Liability,خصوم متداولة,
Customer ,العميل,
Customer Name: ,اسم العميل:,
Customer: ,العميل:,
Date ,التاريخ,
Dates,التواريخ,
Debit (Transaction),مدين (معاملة),
Debit Amount in Transaction Currency,المبلغ المدين بعملة المعاملة,
Debit-Credit Mismatch,عدم تطابق الرصيد الدائن,
Default Discount Account,حساب الخصم الافتراضي,
Delay (In Days),التأخير (بالأيام),
Delete Dimension,حذف البُعد المحاسبي,
Delivery Manager,مدير التوصيل,
Delivery User,مستخدم التوصيل,
Delivery to,التوصيل إلى,
Demo Company,شركة تجريبية,
Demo data cleared,مُسحت البيانات التجريبية,
Difference Qty,كمية الفرق,
Discount Account,حساب الخصم,
Discount Date,تاريخ الخصم,
Discount Settings,إعدادات الخصم,
DocTypes should not be added manually to the 'Excluded DocTypes' table. You are only allowed to remove entries from it.,"لا يُنصح بإضافة أنواع المستندات يدويًا إلى جدول ""أنواع المستندات المستثناة"". يُسمح فقط بإزالة المستندات منه.",
Document Type already used as a dimension,نوع المستند مستخدم بالفعل كبُعد محاسبي,
Email Address (required),عنوان البريد الإلكتروني (إجباري),
Email Digest: {0},ملخص البريد الإلكتروني: {0},
Email or Phone/Mobile of the Contact are mandatory to continue.,البريد الإلكتروني أو الهاتف/الهاتف المحمول لجهة الاتصال إلزامي للمتابعة.,
Email verification failed.,فشل التحقق من البريد الإلكتروني.,
Employee Exit,إنهاء خدمة الموظف,
Enter Manually,أدخل يدويًا,
Enter Serial Nos,أدخل الأرقام التسلسلية,
Enter Visit Details,أدخل تفاصيل الزيارة,
Enter a name for this Holiday List.,أدخل اسمًا لقائمة العطلات هذه.,
Error during caller information update,حدث خطأ أثناء تحديث معلومات المتصل,
Example: Serial No {0} reserved in {1}.,مثال: الرقم التسلسلي {0} محجوز في {1}.,
Failed Entries,القيود الفاشلة,
"Failed to erase demo data, please delete the demo company manually.",فشل مسح البيانات التجريبية، يرجى حذف الشركة التجريبية يدوياً.,
Financial Reports,التقارير المالية,
Full and Final Statement,البيان الكامل والنهائي,
Generated,تم إنشاؤه,
Goals,الأهداف,
Goods,البضائع,
Internal Transfers,التحويلات الداخلية,
Invoice Portion (%),جزء الفاتورة (%),
Items Catalogue,كتالوج الأصناف,
No Stock Available Currently,لا يوجد مخزون متوفر حالياً,
No primary email found for customer: {0},لم يتم العثور على بريد إلكتروني أساسي للعميل: {0},
No.,لا.,
Opening Balances,الأرصدة الافتتاحية,
Percentage (%),النسبة المئوية (%),
Please make sure the file you are using has 'Parent Account' column present in the header.,"يرجى التأكد من أن الملف الذي تستخدمه يحتوي على عمود ""الحساب الأب"" في رأس الملف.",
Qty ,الكمية,
Recent Orders,الطلبات الأخيرة,
Reference No,رقم المرجع,
Reserved Stock,المخزون المحجوز,
Returned Qty ,عاد الكمية,
Salary Currency,عملة الراتب,
Sales Partner ,شريك المبيعات,
Select an invoice to load summary data,حدد فاتورة لتحميل ملخص البيانات,
Service Expenses,مصاريف الخدمة,
Service Item,بند الخدمة,
Time in mins.,الوقت بالدقائق.,
Total Items,إجمالي الأصناف,
Total Time (in Mins),الوقت الإجمالي (بالدقائق),
Transaction Name,اسم المعاملة,
Voucher,سند,
Warning!,تحذير!,
description,وصف,
doctype,dOCTYPE,
fieldname,اسم الحقل,
variance,فرق,
{0} is added multiple times on rows: {1},{0} تمت إضافته عدة مرات في السطور: {1},
{} Open,{} مفتوحة,
Sign In,تسجيل الدخول,
Profile,الملف الشخصي,
No data,لا توجد بيانات,
Please wait,يرجى الانتظار,
Workspaces,مساحات العمل,
Awesome Bar Help,شريط الأوامر السريع,
VAT,ضريبة القيمة المضافة,
Employees,الموظفون,
Attendance,الحضور والانصراف,
Leave,إجازة,
Leave Application,طلب إجازة,
Payroll,كشف الرواتب,
Shift,الوردية,
Partly Paid,مدفوع جزئياً,
Last Modified,آخر تعديل,
Save & Submit,حفظ وترحيل,
Stock Item,صنف مخزني,
Reorder Quantity,كمية إعادة الطلب,
Paid From,مدفوع من,
Paid To,مدفوع إلى,
Tax Details,تفاصيل الضرائب,
Connections,الارتباطات,
% Cost Allocation,نسبة توزيع التكلفة,
% Process Loss,نسبة فاقد التشغيل,
% Produced,نسبة الإنتاج,
(none),(لا شيء),
+ Add Page,+ إضافة صفحة,
+ Add Permission,+ إضافة صلاحية,
+ Add Price,+ إضافة سعر,
+ Add Report,+ إضافة تقرير,
+ Add User,+ إضافة مستخدم,
+ Add Workspace,+ إضافة مساحة عمل,
0 - 30 Days,0 - 30 يوم,
30 - 60 Days,30 - 60 يوم,
60 - 90 Days,60 - 90 يوم,
90 - 120 Days,90 - 120 يوم,
3 Yearly,كل ثلاث سنوات,
1 node,عقدة واحدة,
1 row,صف واحد,
A layout with this name already exists,يوجد تخطيط بهذا الاسم بالفعل,
A new fiscal year has been automatically created.,تم إنشاء سنة مالية جديدة تلقائياً.,
AMC Expiry (Serial),انتهاء عقد الصيانة (تسلسلي),
AWB Number,رقم بوليصة الشحن الجوي,
Access added.,تمت إضافة الصلاحية.,
Account Detail Level,مستوى تفصيل الحساب,
Account filter not set!,لم يتم تحديد مرشّح الحساب!,
Account is mandatory,الحساب إلزامي,
Accrued Expenses,مصروفات مستحقة,
Action failed.,فشل الإجراء.,
Action if Quality Inspection is not submitted,الإجراء إذا لم يُرحّل فحص الجودة,
Action if Quality Inspection is rejected,الإجراء إذا رُفض فحص الجودة,
Action if same rate is not maintained,الإجراء إذا لم يتم الحفاظ على نفس السعر,
Activate Serial / Batch No for Item,تفعيل الرقم التسلسلي/الدفعة للصنف,
Actual Demand,الطلب الفعلي,
Actual Expenses,المصروفات الفعلية,
Add Opening Stock,إضافة مخزون افتتاحي,
Add Raw Materials,إضافة مواد خام,
Add Section,إضافة قسم,
Add Series Prefix,إضافة بادئة الرقم التسلسلي,
Additional Costs (as per BOM),تكاليف إضافية (حسب قائمة المواد),
Additional Finished Good,منتج تام إضافي,
Additional Transferred Qty,الكمية المحوّلة الإضافية,
Advance Paid (Company Currency),الدفعة المقدمة (عملة الشركة),
Advance Payment Ledger Entry,قيد دفتر الدفعات المقدمة,
Advance Voucher No,رقم سند الدفعة المقدمة,
Advance Voucher Type,نوع سند الدفعة المقدمة,
Advanced Features,ميزات متقدمة,
Against Finished Good,مقابل المنتج التام,
Alias,اسم بديل,
Align center,محاذاة للوسط,
Align left,محاذاة لليسار,
Align right,محاذاة لليمين,
All Results,كل النتائج,
All available columns added.,تمت إضافة كل الأعمدة المتاحة.,
Allocate Full Amount to Stock Items,توزيع كامل المبلغ على أصناف المخزون,
Allow Negative Stock for Batch,السماح بالمخزون السالب للدفعة,
Allow Quotation with zero quantity,السماح بعرض سعر بكمية صفرية,
Allow Sales Order with zero quantity,السماح بأمر بيع بكمية صفرية,
Allow User Cancellation,السماح للمستخدم بالإلغاء,
Allow User Retry,السماح للمستخدم بإعادة المحاولة,
Allow User to Edit Warehouse,السماح للمستخدم بتعديل المستودع,
Allow delivery of overproduced quantity,السماح بتسليم الكمية الزائدة عن الإنتاج,
Allow editing Price List rate in transactions,السماح بتعديل سعر قائمة الأسعار في المعاملات,
Allow internal transfers at user-defined rate,السماح بالتحويلات الداخلية بسعر يحدده المستخدم,
Allow negative rates for Items,السماح بأسعار سالبة للأصناف,
Allow negative stock,السماح بالمخزون السالب,
Allow negative stock for Batch,السماح بالمخزون السالب للدفعة,
Allow partial reservation,السماح بالحجز الجزئي,
Allowed DocTypes,أنواع المستندات المسموح بها,
Allowed Users,المستخدمون المسموح لهم,
Allowed to transact with,مسموح بالتعامل مع,
Already Imported,تم الاستيراد بالفعل,
Alt UOM,وحدة قياس بديلة,
Alternative For Item,بديل للصنف,
Always Ask,اسأل دائماً,
Analytical Accounting,المحاسبة التحليلية,
Any,أي,
Apply discounts and margins on products,تطبيق الخصومات والهوامش على المنتجات,
Are you sure you want to log out?,هل أنت متأكد من تسجيل الخروج؟,
Are you sure you want to resend the invitation?,هل أنت متأكد من إعادة إرسال الدعوة؟,
Asset Settings,إعدادات الأصول,
Asset Type,نوع الأصل,
Asset cancelled,تم إلغاء الأصل,
Asset created,تم إنشاء الأصل,
Asset deleted,تم حذف الأصل,
Attending,حاضر,
Auto create Purchase Receipt,إنشاء إذن الاستلام تلقائياً,
Auto create Subcontracting Order,إنشاء أمر تصنيع خارجي تلقائياً,
Auto create assets on purchase,إنشاء الأصول تلقائياً عند الشراء,
Auto insert Item Price if missing,إدراج سعر الصنف تلقائياً إن لم يوجد,
Auto reconcile Payments,تسوية الدفعات تلقائياً,
Auto reserve stock,حجز المخزون تلقائياً,
Available for Use Date,تاريخ الإتاحة للاستخدام,
Available to All Users,متاح لكل المستخدمين,
BOM Output,ناتج قائمة المواد,
BOM Stock Analysis,تحليل مخزون قائمة المواد,
Back to sign in,العودة لتسجيل الدخول,
Background,الخلفية,
Background Task,مهمة في الخلفية,
Background Tasks,المهام في الخلفية,
Bank Account Balance,رصيد الحساب البنكي,
Bank Entry Type,نوع القيد البنكي,
Based on,بناءً على,
Billing History,سجل الفوترة,
Billing Period,فترة الفوترة,
Birthday,عيد الميلاد,
Blanket Orders,الأوامر المفتوحة,
Blocks,الكتل,
Bordered,بإطار,
Bulk Transaction,معاملة جماعية,
Buy & Sell,شراء وبيع,
Buying Cost Center,مركز تكلفة المشتريات,
By-Product,منتج ثانوي,
COGS Account,حساب تكلفة البضاعة المباعة,
Cancel Task,إلغاء المهمة,
Canvas,لوحة التصميم,
Child DocTypes,أنواع المستندات الفرعية,
Child Table Not Allowed,الجدول الفرعي غير مسموح,
Clear Assignment,مسح الإسناد,
Clear Link,مسح الرابط,
Clear all filters,مسح كل المرشحات,
Clear cache and reload,مسح الذاكرة المؤقتة وإعادة التحميل,
Clear preview data,مسح بيانات المعاينة,
Classify As,تصنيف كـ,
Column Mapping,تعيين الأعمدة,
Company Account is mandatory,حساب الشركة إلزامي,
Company Field,حقل الشركة,
Company filter not set!,لم يتم تحديد مرشّح الشركة!,
Configure Series,تهيئة الرقم التسلسلي,
Configure search fields,تهيئة حقول البحث,
Configure search settings,تهيئة إعدادات البحث,
Connection,اتصال,
Consume Components,استهلاك المكونات,
Contains,يحتوي على,
Convert to Ledger,تحويل إلى حساب فرعي,
Copy file URL to clipboard,نسخ رابط الملف,
Cost Allocation,توزيع التكلفة,
Cost Allocation %,نسبة توزيع التكلفة,
Create Account,إنشاء حساب,
Create Layout,إنشاء تخطيط,
Create Payment Request,إنشاء طلب دفع,
Create User Automatically,إنشاء مستخدم تلقائياً,
Create a new document,إنشاء مستند جديد,
Creating demo data,جارٍ إنشاء بيانات تجريبية,
Current Series,الرقم التسلسلي الحالي,
Custom Remark,ملاحظة مخصصة,
Custom block,كتلة مخصصة,
Customer POS ID,معرّف العميل بنقطة البيع,
Customize Quick Filters,تخصيص المرشحات السريعة,
Data fetch method,طريقة جلب البيانات,
Day of month,يوم من الشهر,
Debit/Credit,مدين/دائن,
Default Layout,التخطيط الافتراضي,
Default display currency,عملة العرض الافتراضية,
Delete Column,حذف عمود,
Delete Section,حذف قسم,
Delete Tab,حذف تبويب,
Delete column,حذف عمود,
Delete section,حذف قسم,
Delete tab,حذف تبويب,
Delete template,حذف القالب,
Deliver (Dropship),تسليم (شحن مباشر),
Delivered by Supplier,تم التسليم بواسطة المورد,
Description Override,تجاوز الوصف,
Detected Amount Format,تنسيق المبلغ المكتشف,
Detected Date Format,تنسيق التاريخ المكتشف,
Disable last purchase rate,تعطيل آخر سعر شراء,
Disabled Bank Account,حساب بنكي معطّل,
Disabled Product Bundle,حزمة منتجات معطّلة,
Display & Data Formatting,العرض وتنسيق البيانات,
Do not import,عدم الاستيراد,
Document Count,عدد المستندات,
Document Name (ID),اسم المستند (المعرّف),
Document Naming,تسمية المستند,
Document No,رقم المستند,
Document Permissions,صلاحيات المستند,
Document Template,قالب المستند,
Document Type is required,نوع المستند مطلوب,
Drag to reorder,اسحب لإعادة الترتيب,
Drop fields here,أفلت الحقول هنا,
Duplicate DocType,نسخ نوع المستند,
Edit Layout,تعديل التخطيط,
Edit Section,تعديل القسم,
Edit row,تعديل الصف,
Elapsed Time,الوقت المنقضي,
Email is required.,البريد الإلكتروني مطلوب.,
Employee is required,الموظف مطلوب,
Enable Accounting Dimensions,تفعيل الأبعاد المحاسبية,
Enable Loyalty Point Program,تفعيل برنامج نقاط الولاء,
Enable Subscription,تفعيل الاشتراك,
Enable stock reservation,تفعيل حجز المخزون,
Ends With,ينتهي بـ,
Event Notifications,إشعارات الأحداث,
Examples:,أمثلة:,
Execution Details,تفاصيل التنفيذ,
Existing Asset,أصل قائم,
Failed to add access.,فشل في إضافة الصلاحية.,
Failed to add user.,فشل في إضافة المستخدم.,
Failed to load data.,فشل في تحميل البيانات.,
Failed to remove permission.,فشل في إزالة الصلاحية.,
Failed to save permission.,فشل في حفظ الصلاحية.,
Field label,تسمية الحقل,
File not found,الملف غير موجود,
File not found on server,الملف غير موجود على الخادم,
Fiscal Year Details,تفاصيل السنة المالية,
Font Size (pt),حجم الخط (نقطة),
Force a new page,فرض صفحة جديدة,
Forgot password?,نسيت كلمة المرور؟,
Forum,المنتدى,
Free,مجاني,
Gap,فجوة,
General information about your Supplier,معلومات عامة عن المورد,
Generate CSV,إنشاء ملف CSV,
Global,عام,
Good,جيد,
Grand Total (Transaction Currency),الإجمالي الكلي (عملة المعاملة),
Great!,رائع!,
Header Text,نص الترويسة,
Horizontal rule,خط أفقي,
How do you want to start?,كيف تريد أن تبدأ؟,
Import Action,إجراء الاستيراد,
Import Employees,استيراد الموظفين,
Import Summary,ملخص الاستيراد,
Income and Expense,الإيرادات والمصروفات,
Incorrect Account,حساب غير صحيح,
Incorrect Company,شركة غير صحيحة,
Incorrect value:,قيمة غير صحيحة:,
Inherited Default,الافتراضي الموروث,
Insert or Update Records,إدراج أو تحديث السجلات,
Internal Customer Accounting,محاسبة العملاء الداخليين,
Internal Supplier Details,تفاصيل المورد الداخلي,
Internal Transfer Rules,قواعد التحويل الداخلي,
Invalid Bank Account,حساب بنكي غير صحيح,
Invalid Company Field,حقل شركة غير صحيح,
Invalid Configuration,إعداد غير صحيح,
Invalid Customer Group,مجموعة عملاء غير صحيحة,
Invalid File Type,نوع ملف غير صحيح,
Invalid Upload,رفع غير صحيح,
Invalid action,إجراء غير صحيح,
"Invalid credentials, try again.",بيانات اعتماد غير صحيحة، حاول مرة أخرى.,
Invalid file URL,رابط ملف غير صحيح,
Invalid or expired key,مفتاح غير صحيح أو منتهي الصلاحية,
Inventory Account,حساب المخزون,
Inventory Valuation,تقييم المخزون,
Invitation resent,تمت إعادة إرسال الدعوة,
Is Credit Card,بطاقة ائتمان,
Is Packed Item,صنف معبّأ,
Is Product Bundle,حزمة منتجات,
Item Attributes,خصائص الصنف,
Item Name is required.,اسم الصنف مطلوب.,
Job Card On Hold,بطاقة العمل معلقة,
Kanban Settings,إعدادات كانبان,
Label case,حالة الأحرف,
Label side,جهة التسمية,
Last Edited By You,آخر تعديل بواسطتك,
Layout,التخطيط,
Layout Name,اسم التخطيط,
Layout Name is required,اسم التخطيط مطلوب,
Ledgers Posted,الحسابات المرحّلة,
Let's setup your account.,لنُعِدّ حسابك.,
Letter Head Footer,تذييل ترويسة الطباعة,
List Layout,تخطيط القائمة,
Live,مباشر,
Load More Communications,تحميل المزيد من المراسلات,
Loading preview...,جارٍ تحميل المعاينة...,
Login with password,تسجيل الدخول بكلمة المرور,
Manage Layouts,إدارة التخطيطات,
Manage your preferences,إدارة تفضيلاتك,
Mandatory fields required:,الحقول الإلزامية مطلوبة:,
Map To,التعيين إلى,
Maps To,يُعيّن إلى,
Matched,مطابق,
Maybe,ربما,
Merge similar Account Heads,دمج الحسابات المتشابهة,
Miscellaneous,متنوع,
Missing Accounts,حسابات مفقودة,
Missing Parameter,معامل مفقود,
Missing Required Filter,مرشّح مطلوب مفقود,
Missing Warehouse,مستودع مفقود,
More Options,خيارات إضافية,
Multiple Accounts,حسابات متعددة,
My Filter,مرشّحي,
My Profile,ملفي الشخصي,
Naming Series options,خيارات نمط الترقيم,
Naming Series updated,تم تحديث نمط الترقيم,
Negative Stock,مخزون سالب,
Next Document,المستند التالي,
No Company Found,لم يتم العثور على شركة,
No HTML content yet.,لا يوجد محتوى HTML بعد.,
No Matching Vouchers Found,لم يتم العثور على سندات مطابقة,
No active item prices found.,لم يتم العثور على أسعار أصناف فعّالة.,
No background tasks,لا توجد مهام في الخلفية,
No columns configured,لم يتم تهيئة أعمدة,
No data to save. Change at least one field first.,لا توجد بيانات للحفظ. غيّر حقلاً واحداً على الأقل.,
No fields match your search.,لا توجد حقول مطابقة لبحثك.,
No file uploaded or URL provided.,لم يتم رفع ملف أو تقديم رابط.,
No letter head selected.,لم يتم اختيار ترويسة طباعة.,
No naming series defined,لم يتم تعريف نمط ترقيم,
No new notifications,لا توجد إشعارات جديدة,
No records found.,لم يتم العثور على سجلات.,
No results,لا توجد نتائج,
No saved layouts yet.,لا توجد تخطيطات محفوظة بعد.,
No stock available for this batch.,لا يوجد مخزون متاح لهذه الدفعة.,
No. of Rows,عدد الصفوف,
Normal Balances,الأرصدة الطبيعية,
Not configured,غير مهيّأ,
Nothing new,لا جديد,
Number of Transactions,عدد المعاملات,
Only CSV files are allowed,يُسمح بملفات CSV فقط,
Open file,فتح الملف,
Open file in new tab,فتح الملف في تبويب جديد,
Outline,إطار خارجي,
Over Order Allowance (%),نسبة السماح بتجاوز الطلب (%),
Ownership,الملكية,
PDF Tables,جداول PDF,
Package contains disallowed path entry,تحتوي الحزمة على مسار غير مسموح,
Padding,حشو,
Page number,رقم الصفحة,
Pages,الصفحات,
Partially Transferred,محوّل جزئياً,
Party Account No.,رقم حساب الطرف,
Party ID,معرّف الطرف,
Party Name/Account Holder,اسم الطرف/صاحب الحساب,
Password Required,كلمة المرور مطلوبة,
Password changed,تم تغيير كلمة المرور,
Password is required.,كلمة المرور مطلوبة.,
Payment Options,خيارات الدفع,
Payment Schedules,جداول السداد,
Pending quantity cannot be negative.,الكمية المعلّقة لا يمكن أن تكون سالبة.,
Permission,الصلاحية,
Permission Denied,تم رفض الصلاحية,
Permission added.,تمت إضافة الصلاحية.,
Permission removed.,تمت إزالة الصلاحية.,
Permission updated.,تم تحديث الصلاحية.,
Pin,تثبيت,
Pinned,مثبّت,
Plain,بسيط,
Please check your email.,يرجى التحقق من بريدك الإلكتروني.,
Please enter Batch No,يرجى إدخال رقم الدفعة,
Please enter Serial No,يرجى إدخال الرقم التسلسلي,
Please enter a template name,يرجى إدخال اسم القالب,
Please enter a valid URL,يرجى إدخال رابط صحيح,
Please enter a valid email.,يرجى إدخال بريد إلكتروني صحيح.,
Please select Document Type first.,يرجى اختيار نوع المستند أولاً.,
Please select a company.,يرجى اختيار شركة.,
Please select a transaction.,يرجى اختيار معاملة.,
Poor!,ضعيف!,
Posting date is required,تاريخ الترحيل مطلوب,
Preferences,التفضيلات,
Preview mode,وضع المعاينة,
Previous Document,المستند السابق,
Previous Qty,الكمية السابقة,
Price List & Currency,قائمة الأسعار والعملة,
Processing import...,جارٍ معالجة الاستيراد...,
Production Item Info,معلومات صنف الإنتاج,
Purchase Invoice Settings,إعدادات فاتورة المشتريات,
Qty to Disassemble,كمية التفكيك,
Quantities updated successfully.,تم تحديث الكميات بنجاح.,
Quantity Available,الكمية المتاحة,
Quantity must be greater than zero,يجب أن تكون الكمية أكبر من صفر,
Quantity must be greater than zero.,يجب أن تكون الكمية أكبر من صفر.,
Recalculate Valuation Rate,إعادة حساب سعر التقييم,
Reconciliation Type,نوع التسوية,
Refunded,تم الاسترداد,
Related Item,صنف مرتبط,
Remove Permission,إزالة الصلاحية,
Remove table,إزالة الجدول,
Repost,إعادة ترحيل,
Required,مطلوب,
Resend,إعادة إرسال,
Reserved Inventory,المخزون المحجوز,
Reset zoom,إعادة ضبط التكبير,
Results,النتائج,
Retry Task,إعادة محاولة المهمة,
Returned Quantity,الكمية المرتجعة,
Revenue Account,حساب الإيرادات,
Row Data,بيانات الصف,
Row Numbers,أرقام الصفوف,
Sales & Purchase,المبيعات والمشتريات,
Save Print Format,حفظ قالب الطباعة,
Save as Template,الحفظ كقالب,
Scheduled Date is required.,التاريخ المجدول مطلوب.,
Search by label or field name,البحث بالتسمية أو اسم الحقل,
Search fields updated.,تم تحديث حقول البحث.,
Secondary Item Code,كود الصنف الثانوي,
Secondary Item Name,اسم الصنف الثانوي,
Secondary Items,الأصناف الثانوية,
Seconds,ثوانٍ,
See previous responses,عرض الردود السابقة,
Select Letter Head,اختيار ترويسة الطباعة,
Select Options,اختيار الخيارات,
Select Payment Schedule,اختيار جدول السداد,
Select at least one field,اختر حقلاً واحداً على الأقل,
Selling Cost Center,مركز تكلفة المبيعات,
Send Link,إرسال الرابط,
Serial / Batch,تسلسلي/دفعة,
Serial Nos / Batches,الأرقام التسلسلية/الدفعات,
Set Opening Stock,تعيين المخزون الافتتاحي,
Show Progress Bar,إظهار شريط التقدم,
Show balances in Chart of Accounts,إظهار الأرصدة في شجرة الحسابات,
Show inclusive tax in print,إظهار الضريبة الشاملة في الطباعة,
Show keyboard shortcuts,إظهار اختصارات لوحة المفاتيح,
Show label,إظهار التسمية,
Show more,عرض المزيد,
Show taxes as table in print,إظهار الضرائب كجدول في الطباعة,
Show title,إظهار العنوان,
Single Account,حساب واحد,
Skip Row,تخطّي الصف,
Skipped Rows,الصفوف المتخطّاة,
Sort By,ترتيب حسب,
Sr. No,م,
Start blank,البدء من فارغ,
Starts With,يبدأ بـ,
Statement Format,تنسيق كشف الحساب,
Statement Of Accounts,كشف الحسابات,
Statement Period,فترة كشف الحساب,
Status and Progress,الحالة والتقدم,
Status and Reference,الحالة والمرجع,
Stock frozen up to,المخزون مجمّد حتى,
Striped,مخطط,
Styled,منسّق,
Submit Journal entries,ترحيل قيود اليومية,
Supplier Defaults,الإعدادات الافتراضية للمورد,
Switch theme,تبديل السمة,
Sync Fields,مزامنة الحقول,
Table title,عنوان الجدول,
Task ID,معرّف المهمة,
Tax Identification,التعريف الضريبي,
Tax Withholding,الخصم الضريبي,
Telephony,الاتصالات الهاتفية,
Template applied,تم تطبيق القالب,
Template not found,القالب غير موجود,
Toggle Hidden,تبديل الإخفاء,
Toggle Read Only,تبديل للقراءة فقط,
Toggle Required,تبديل الإلزامي,
Total Advance Paid,إجمالي الدفعات المقدمة المدفوعة,
Total Advance Received,إجمالي الدفعات المقدمة المستلمة,
Total Credits,إجمالي الدائن,
Total Debits,إجمالي المدين,
Total Ledgers,إجمالي الحسابات,
Total Unpaid,إجمالي غير المدفوع,
Totals (Company Currency),الإجماليات (عملة الشركة),
Transaction Qty,كمية المعاملة,
Tree Preview,معاينة الشجرة,
UOM Conversion Details,تفاصيل تحويل وحدة القياس,
UOM Defaults,الإعدادات الافتراضية لوحدة القياس,
Unit Of Measure,وحدة القياس,
Unsupported Feature,ميزة غير مدعومة,
Untitled,بدون عنوان,
Untitled section,قسم بدون عنوان,
Update Available,تحديث متاح,
Update existing Price List Rate,تحديث سعر قائمة الأسعار الحالي,
Updating search index,جارٍ تحديث فهرس البحث,
Use strong passwords.,استخدم كلمات مرور قوية.,
User added.,تمت إضافة المستخدم.,
Value Mappings,تعيينات القيم,
Value in File,القيمة في الملف,
View All Prices,عرض كل الأسعار,
View All Tasks,عرض كل المهام,
View Documentation,عرض التوثيق,
Virtual DocType,نوع مستند افتراضي,
Voucher Created,تم إنشاء السند,
Voucher Details,تفاصيل السند,
Warehouse Defaults,الإعدادات الافتراضية للمستودع,
Warning: This action cannot be undone!,تحذير: لا يمكن التراجع عن هذا الإجراء!,
Week of the year,أسبوع من السنة,
Welcome! Please sign in to continue.,مرحباً! يرجى تسجيل الدخول للمتابعة.,
What will be deleted:,ما الذي سيُحذف:,
Width (px),العرض (بكسل),
Width in pixels,العرض بالبكسل,
Work Order is mandatory,أمر التشغيل إلزامي,
Year in 2 digits,السنة برقمين,
Year in 4 digits,السنة بأربعة أرقام,
You cancelled this document,لقد ألغيت هذا المستند,
You submitted this document,لقد رحّلت هذا المستند,
Your Layouts,تخطيطاتك,
Zoom,تكبير/تصغير,
Zoom in,تكبير,
Zoom out,تصغير,
% of materials delivered against this Pick List,نسبة المواد المسلّمة مقابل قائمة الانتقاء هذه,
1 tree structure warning found.,تم العثور على تحذير واحد في بنية الشجرة.,
ALL records will be deleted (entire DocType cleared),سيتم حذف كل السجلات (مسح نوع المستند بالكامل),
Account company does not match with the rule company.,شركة الحساب لا تطابق شركة القاعدة.,
Accounts Receivable / Payable remarks length,طول ملاحظات الحسابات المدينة/الدائنة,
"After save, please refresh the page to apply the changes.",بعد الحفظ، يرجى تحديث الصفحة لتطبيق التغييرات.,
All linked Sales Orders must be subcontracted.,يجب أن تكون كل أوامر البيع المرتبطة تصنيعاً خارجياً.,
Allow Editing of Items and Quantities in Work Order,السماح بتعديل الأصناف والكميات في أمر التشغيل,
Allow Item to be added multiple times in a transaction,السماح بإضافة الصنف عدة مرات في المعاملة,
Allow Sales Order creation for expired Quotation,السماح بإنشاء أمر بيع لعرض سعر منتهي الصلاحية,
Allow UOM with conversion rate defined in Item,السماح بوحدة قياس بمعامل تحويل معرّف في الصنف,
Allow Variant UOM to be different from Template UOM,السماح باختلاف وحدة قياس المتغير عن وحدة قياس القالب,
Allow purchase invoice creation without purchase order,السماح بإنشاء فاتورة المشتريات بدون أمر الشراء,
Allow purchase invoice creation without purchase receipt,السماح بإنشاء فاتورة المشتريات بدون إذن الاستلام,
Allow sales invoice creation without delivery note,السماح بإنشاء فاتورة المبيعات بدون إذن التسليم,
Allow sales invoice creation without sales order,السماح بإنشاء فاتورة المبيعات بدون أمر بيع,
Allow same Item to be added multiple times in a transaction,السماح بإضافة نفس الصنف عدة مرات في المعاملة,
Allow this item to be used in purchase transactions.,السماح باستخدام هذا الصنف في معاملات الشراء.,
Allow this item to be used in sales transactions.,السماح باستخدام هذا الصنف في معاملات البيع.,
Allow to edit stock UOM qty for Purchase documents,السماح بتعديل كمية وحدة المخزون لمستندات الشراء,
Allow to edit stock UOM qty for Sales documents,السماح بتعديل كمية وحدة المخزون لمستندات البيع,
Allow to edit stock UOM qty for Stock Entry,السماح بتعديل كمية وحدة المخزون لقيد مخزون,
Allow to make Quality Inspection after Purchase / Delivery,السماح بعمل فحص جودة بعد الشراء/التسليم,
Allowed Doctypes for Guest Uploads,أنواع المستندات المسموح بها لرفع الضيوف,
Allowed special characters are '/' and '-',الأحرف الخاصة المسموح بها هي '/' و '-',
Allows printing or PDF download of documents.,يتيح طباعة المستندات أو تنزيلها بصيغة PDF.,
Allows sharing document access with other users.,يتيح مشاركة صلاحية الوصول إلى المستند مع مستخدمين آخرين.,
Allows the user to access reports related to the document.,يتيح للمستخدم الوصول إلى التقارير المتعلقة بالمستند.,
Allows the user to cancel submitted documents.,يتيح للمستخدم إلغاء المستندات المعتمدة.,
Allows the user to create new documents.,يتيح للمستخدم إنشاء مستندات جديدة.,
Allows the user to delete documents.,يتيح للمستخدم حذف المستندات.,
Allows the user to email from the document.,يتيح للمستخدم إرسال بريد إلكتروني من المستند.,
Allows the user to export data from the Report view.,يتيح للمستخدم تصدير البيانات من عرض التقرير.,
Allows the user to search and see records.,يتيح للمستخدم البحث وعرض السجلات.,
Allows the user to submit documents (submittable doctypes).,يتيح للمستخدم اعتماد المستندات (أنواع المستندات القابلة للاعتماد).,
Allows the user to view the document.,يتيح للمستخدم عرض المستند.,
Applicable only on Transactions made using POS,ينطبق فقط على المعاملات التي تتم عبر نقطة البيع,
Apply a specific layout when opening this DocType link,تطبيق تخطيط محدد عند فتح رابط نوع المستند هذا,
Are you sure you want to relink this communication?,هل أنت متأكد من إعادة ربط هذه المراسلة؟,
Asset Repair Purchase Invoice,فاتورة المشتريات إصلاح الأصل,
Attendee not found in this event.,لم يتم العثور على الحاضر في هذا الحدث.,
Auto Reconciliation job trigger,مُشغّل مهمة التسوية التلقائية,
Auto User Creation Error,خطأ في إنشاء المستخدم تلقائياً,
Auto create Serial and Batch Bundle for outward,إنشاء حزمة الأرقام التسلسلية والدفعات تلقائياً للصادر,
Auto reserve Serial and Batch Nos,حجز الأرقام التسلسلية والدفعات تلقائياً,
Auto reserve Stock for Sales Order on Purchase,حجز المخزون تلقائياً لأمر البيع عند الشراء,
Automatically add Taxes and Charges from Item Tax Template,إضافة الضرائب والرسوم تلقائياً من قالب ضريبة الصنف,
Automatically add taxes from Taxes and Charges Template,إضافة الضرائب تلقائياً من قالب الضرائب والرسوم,
Automatically fetch Payment Terms from Order/Quotation,جلب شروط الدفع تلقائيًا من الأمر/عرض السعر,
Automatically process deferred Accounting entry,معالجة القيد المحاسبي المؤجل تلقائياً,
Automatically run rules on unreconciled transactions,تشغيل القواعد تلقائياً على المعاملات غير المسوّاة,
Available / Future Inventory,المخزون المتاح/المستقبلي,
BOM Component,مكوّن قائمة المواد,
BOM Configuration,تهيئة قائمة المواد,
BOM Secondary Item,الصنف الثانوي لقائمة المواد,
BOM Secondary Item Reference,مرجع الصنف الثانوي لقائمة المواد,
Backflush raw materials of subcontract based on,صرف المواد الخام للتصنيع الخارجي بناءً على,
Balance Qty (Alt UOM),الكمية المتبقية (وحدة قياس بديلة),
Bank Statement Import Log,سجل استيراد كشف الحساب البنكي,
Bank Transaction Rule,قاعدة المعاملات البنكية,
Base Cost (Company Currency),التكلفة الأساسية (عملة الشركة),
Batch Item settings,إعدادات صنف الدفعات,
Bill Even If Previous Invoice Unpaid,الفوترة حتى لو كانت الفاتورة السابقة غير مدفوعة,
Bill N days before period start,الفوترة قبل بدء الفترة بـ N يوم,
Bill for rejected quantity in Purchase Invoice,فوترة الكمية المرفوضة في فاتورة المشتريات,
Billing Heatmap,خريطة حرارية للفوترة,
Blocks this customer from being used on any new transaction.,يمنع استخدام هذا العميل في أي معاملة جديدة.,
Book Asset Depreciation entry automatically,تسجيل قيد إهلاك الأصل تلقائياً,
Book Deferred entries based on,تسجيل القيود المؤجلة بناءً على,
Book deferred entries via Journal Entry,تسجيل القيود المؤجلة عبر قيد يومية,
Book tax loss on early payment discount,تسجيل خسارة الضريبة على خصم السداد المبكر,
Bypass credit limit check at sales order,تجاوز فحص حد الائتمان في أمر البيع,
Calculate Product Bundle price based on child Item's rates,حساب سعر حزمة المنتجات بناءً على أسعار الأصناف الفرعية,
Cancel When Period Ends,الإلغاء عند انتهاء الفترة,
Cancellation is not allowed for this task,الإلغاء غير مسموح لهذه المهمة,
Cancelled Job Card cannot be processed.,لا يمكن معالجة بطاقة عمل ملغاة.,
Cannot configure Core DocTypes for Global Search.,لا يمكن تهيئة أنواع المستندات الأساسية للبحث الشامل.,
Cannot fetch selected rows for submitted Payment Request,لا يمكن جلب الصفوف المحددة لطلب دفع مرحّل,
Cannot register an empty XLSX style,لا يمكن تسجيل نمط XLSX فارغ,
Cannot set multiple account rows for the same company,لا يمكن تعيين صفوف حسابات متعددة لنفس الشركة,
Check Supplier invoice number uniqueness,التحقق من تفرّد رقم فاتورة المورد,
Child Layout,التخطيط الفرعي,
Child Layouts,التخطيطات الفرعية,
Child Table Layouts,تخطيطات الجداول الفرعية,
Child tables that will also be deleted,الجداول الفرعية التي سيتم حذفها أيضاً,
Choose a starting point for your print format.,اختر نقطة بداية لقالب الطباعة.,
Choose and order the columns to display.,اختر ورتّب الأعمدة المراد عرضها.,
Choose the default order in which records appear.,اختر الترتيب الافتراضي لظهور السجلات.,
Clear Last Scanned Warehouse,مسح آخر مستودع تم مسحه,
Click a field to edit its layout overrides,انقر على حقل لتعديل تجاوزات تخطيطه,
Click a field to edit its properties,انقر على حقل لتعديل خصائصه,
Co-Product,منتج مشترك,
Company and account filters not set!,لم يتم تحديد مرشحات الشركة والحساب!,
Composite Asset,أصل مركّب,
Composite Component,مكوّن مركّب,
Condition based field,حقل قائم على شرط,
Conditional visibility coming soon.,الإظهار الشرطي قريباً.,
Convert Item description to clean HTML in transactions,تحويل وصف الصنف إلى HTML نظيف في المعاملات,
Copy Attachments to Transaction,نسخ المرفقات إلى المعاملة,
Cost Allocation / Process Loss,توزيع التكلفة/فاقد التشغيل,
Cost center used for tracking sales revenue for this item,مركز التكلفة المستخدم لتتبع إيرادات مبيعات هذا الصنف,
Create Field Template,إنشاء قالب حقل,
Create payment requests in Draft status,إنشاء طلبات الدفع بحالة مسودة,
Creates an Item Price automatically when the item is saved,ينشئ سعر صنف تلقائياً عند حفظ الصنف,
Creating Opening Stock Entry...,جارٍ إنشاء قيد مخزون الافتتاحي...,
Creating Return of Components ...,جارٍ إنشاء مرتجع المكونات...,
Creator's Access,وصول المُنشئ,
Current Invoice End,نهاية الفاتورة الحالية,
Current Invoice Start,بداية الفاتورة الحالية,
DOCUMENT FIELDS,حقول المستند,
Data Import Skipped Row,صف متخطّى في استيراد البيانات,
Data Import Value Mapping,تعيين قيم استيراد البيانات,
Default Layouts,التخطيطات الافتراضية,
Default Letter Head (DocType),ترويسة الطباعة الافتراضية (نوع المستند),
Default Letter Head (Report),ترويسة الطباعة الافتراضية (التقرير),
Default price list for buying or selling this item,قائمة الأسعار الافتراضية لشراء أو بيع هذا الصنف,
Default warehouse from Item Defaults.,المستودع الافتراضي من إعدادات الصنف.,
Define which records should appear in this list.,حدّد السجلات التي يجب أن تظهر في هذه القائمة.,
Delete Demo Data,حذف البيانات التجريبية,
Delete Gravatar URLs,حذف روابط Gravatar,
Delete entire column with fields,حذف العمود بالكامل مع الحقول,
Delete entire section with fields,حذف القسم بالكامل مع الحقول,
Delete entire tab with fields,حذف التبويب بالكامل مع الحقول,
Deletion process restarted,تمت إعادة تشغيل عملية الحذف,
Deletion will start automatically after submission.,ستبدأ عملية الحذف تلقائياً بعد الترحيل.,
Deliver secondary Items,تسليم الأصناف الثانوية,
Demo Data creation failed.,فشل إنشاء البيانات التجريبية.,
Description Rules,قواعد الوصف,
Detected Header Index,فهرس الترويسة المكتشف,
Determine Address Tax Category from,تحديد فئة ضريبة العنوان من,
Determines which tax rules apply to this supplier,يحدد قواعد الضرائب المطبقة على هذا المورد,
Didn't receive the link?,لم تستلم الرابط؟,
Dinars,دينار,
Disable Opening Balance Calculation,تعطيل حساب الرصيد الافتتاحي,
Disable Prepared Report Automation,تعطيل أتمتة التقارير المُعدّة مسبقاً,
Disable Serial No and Batch selector,تعطيل محدّد الرقم التسلسلي والدفعة,
Disabled items cannot be selected in any transaction.,لا يمكن اختيار الأصناف المعطّلة في أي معاملة.,
Disassemble Qty cannot be less than or equal to 0.,كمية التفكيك لا يمكن أن تكون أقل من أو تساوي صفر.,
Display name shown in the layout switcher,اسم العرض الظاهر في مبدّل التخطيط,
Do Not Use Batchwise Valuation,عدم استخدام التقييم حسب الدفعة,
Do not fetch incoming rate from Serial No,عدم جلب سعر الوارد من الرقم التسلسلي,
Do not use Batch-wise Valuation,عدم استخدام التقييم حسب الدفعة,
DocType Layout Child Table,الجدول الفرعي لتخطيط نوع المستند,
DocTypes To Delete,أنواع المستندات المراد حذفها,
DocTypes that will NOT be deleted.,أنواع المستندات التي لن تُحذف.,
DocTypes this role can access.,أنواع المستندات التي يمكن لهذا الدور الوصول إليها.,
DocTypes with a company field:,أنواع المستندات التي بها حقل شركة:,
DocTypes without a company field:,أنواع المستندات بدون حقل شركة:,
Don't reserve Sales Order qty on sales return,عدم حجز كمية أمر البيع عند مرتجع المبيعات,
Download Report as CSV,تنزيل التقرير كـ CSV,
Download Skipped Rows,تنزيل الصفوف المتخطّاة,
Duplicate Payment Schedule selected,تم اختيار جدول سداد مكرر,
Edit Letter Head HTML,تعديل HTML ترويسة الطباعة,
Edit your response,تعديل ردّك,
Email Campaign Error,خطأ في حملة البريد الإلكتروني,
Email is required to create a user,البريد الإلكتروني مطلوب لإنشاء مستخدم,
Email is required to create a user.,البريد الإلكتروني مطلوب لإنشاء مستخدم.,
Empty To Delete List,قائمة الحذف فارغة,
Enable Discounts and Margin,تفعيل الخصومات والهامش,
Enable Frappe CRM Data Synchronization,تفعيل مزامنة بيانات ITQAN CRM,
Enable Opportunity Creation from Contact Us,تفعيل إنشاء الفرص من نموذج اتصل بنا,
Enable Serial / Batch Bundle,تفعيل حزمة التسلسلي/الدفعة,
Enable Subscription tracking in invoice,تفعيل تتبع الاشتراك في الفاتورة,
Enable discount accounting for selling,تفعيل محاسبة حساب المدينلمبيعات,
Enable tracking sales commissions,تفعيل تتبع عمولات المبيعات,
Enabling this will do the following:,تفعيل هذا سيؤدي إلى ما يلي:,
Excess Disassembly,تفكيك زائد,
Excess Material Transfer,تحويل مواد زائد,
FG Items to Make,المنتجات التامة المراد تصنيعها,
Failed to create demo data,فشل إنشاء البيانات التجريبية,
Failed to set defaults,فشل تعيين الإعدادات الافتراضية,
Fetch Payment Schedule in Payment Request,جلب جدول السداد في طلب الدفع,
Fetch valuation rate for internal Transaction,جلب سعر التقييم للمعاملة الداخلية,
Field Templates,قوالب الحقول,
Fieldname Conflict,تعارض في اسم الحقل,
Fiscal Year (requires ERPNext to be installed),السنة المالية (تتطلب تثبيت ITQAN ERP),
Freeze stocks older than (days),تجميد المخزون الأقدم من (أيام),
From Date cannot be greater than To Date.,تاريخ البداية لا يمكن أن يكون أكبر من تاريخ النهاية.,
Full name is required.,الاسم الكامل مطلوب.,
General Ledger remarks length,طول ملاحظات دفتر الأستاذ عام,
Generate To Delete List,إنشاء قائمة الحذف,
Get Secondary Items,جلب الأصناف الثانوية,
Global Layouts,التخطيطات عامة,
Grand Total must match sum of Payment References,يجب أن يطابق الإجمالي الكلي مجموع مراجع الدفع,
Have default Naming Series for Batch ID?,هل يوجد نمط ترقيم افتراضي لمعرّف الدفعة؟,
Hide Customer's Tax ID from sales transactions,إخفاء الرقم الضريبي للعميل من معاملات البيع,
How many units of the final product this BOM makes.,عدد وحدات المنتج النهائي التي تنتجها قائمة المواد هذه.,
IMPORTANT: Create a backup before proceeding!,هام: أنشئ نسخة احتياطية قبل المتابعة!,
Icon Not Configured,الأيقونة غير مهيّأة,
Ignore Account closing balance,تجاهل الرصيد الختامي للحساب,
Import MT940 Format,استيراد بتنسيق MT940,
Include in Import Template,تضمين في قالب الاستيراد,
Inspector,المفتّش,
Invalid Accounting Dimension,بُعد محاسبي غير صحيح,
Invalid Disassembly Item,صنف تفكيك غير صحيح,
Invalid Disassembly Quantity,كمية تفكيك غير صحيحة,
Invalid Package Name,اسم حزمة غير صحيح,
Invalid backup path,مسار نسخ احتياطي غير صحيح,
Invalid regex pattern.,نمط تعبير نمطي غير صحيح.,
Invalid values for fields:,قيم غير صحيحة للحقول:,
Invoiced Amount (Excl. Tax),المبلغ المفوتر (بدون ضريبة),
Is Delivery Note required to create Sales Invoice?,هل إذن التسليم مطلوب لإنشاء فاتورة المبيعات؟,
Is Legacy,قديم,
Is Legacy Scrap Item,صنف خردة قديم,
Is Purchase Receipt required for Purchase Invoice creation?,هل إذن الاستلام مطلوب لإنشاء فاتورة المشتريات؟,
Item Group Override,تجاوز مجموعة الصنف,
Item Override,تجاوز الصنف,
Item Where Used,أماكن استخدام الصنف,
Item Wise Consumption,الاستهلاك حسب الصنف,
Job Card Secondary Item,الصنف الثانوي لبطاقة العمل,
Keep Gravatar URLs,الاحتفاظ بروابط Gravatar,
Leave as 0 to allow zero valuation rate.,اتركه 0 للسماح بسعر تقييم صفري.,
Lined,بخطوط,
Looks like you haven't received any notifications.,يبدو أنك لم تستلم أي إشعارات.,
Maintain same rate throughout internal Transaction,الحفاظ على نفس السعر طوال المعاملة الداخلية,
Maintain same rate throughout sales cycle,الحفاظ على نفس السعر طوال دورة المبيعات,
Make Attachment Public (by default),جعل المرفق عاماً (افتراضياً),
Make this layout visible for everyone.,اجعل هذا التخطيط مرئياً للجميع.,
Malformed Address Header,ترويسة عنوان مشوّهة,
Manage sales partner's and sales team's commissions,إدارة عمولات شريك المبيعات وفريق المبيعات,
Match transfers within 'N' days,مطابقة التحويلات خلال 'N' يوم,
Matched Transaction Rule,قاعدة المعاملة المطابقة,
Material Request already created for the ordered quantity,تم إنشاء طلب مواد بالفعل للكمية المطلوبة,
Maximum Producible Items,الحد الأقصى للأصناف القابلة للإنتاج,
Meaning of Different Permission Types,معنى أنواع الصلاحيات المختلفة,
Min amount cannot be greater than max amount.,الحد الأدنى للمبلغ لا يمكن أن يكون أكبر من الحد الأقصى.,
Missing Dependency,تبعية مفقودة,
Module owning this standard layout,الوحدة المالكة لهذا التخطيط القياسي,
Need Workspace Manager role to edit public workspaces.,يلزم دور مدير مساحة العمل لتعديل مساحات العمل عامة.,
Negative Batch Report,تقرير الدفعات السالبة,
Next Billing Period End,نهاية فترة الفوترة التالية,
Next Billing Period Start,بداية فترة الفوترة التالية,
No DocTypes are accessible to this role.,لا توجد أنواع مستندات يمكن لهذا الدور الوصول إليها.,
No Role Profiles include this role.,لا توجد ملفات أدوار تتضمن هذا الدور.,
No Tables Detected,لم يتم اكتشاف جداول,
No data to save. Change at least one field before saving.,لا توجد بيانات للحفظ. غيّر حقلاً واحداً على الأقل قبل الحفظ.,
No editable fields available for bulk edit.,لا توجد حقول قابلة للتعديل للتعديل الجماعي.,
No field templates for this document type.,لا توجد قوالب حقول لنوع المستند هذا.,
No of Items to Repost,عدد الأصناف المراد إعادة ترحيلها,
No other document types.,لا توجد أنواع مستندات أخرى.,
No pinned document types.,لا توجد أنواع مستندات مثبّتة.,
No rows with zero document count found,لم يتم العثور على صفوف بعدد مستندات صفري,
No sections yet. Add sections to the canvas.,لا توجد أقسام بعد. أضف أقساماً إلى لوحة التصميم.,
No users have this role.,لا يوجد مستخدمون لديهم هذا الدور.,
No valid tree nodes found in the import file.,لم يتم العثور على عقد شجرة صحيحة في ملف الاستيراد.,
Not permitted to read Job Card,غير مسموح بقراءة بطاقة العمل,
Notify by email on creation of automatic Material Request,الإشعار بالبريد عند إنشاء طلب مواد تلقائي,
Only CSV and Excel formats are supported for export,يدعم التصدير تنسيقات CSV و Excel فقط,
Only if Creator,فقط إذا كان المُنشئ,
Only pending invitations can be resent,يمكن إعادة إرسال الدعوات المعلّقة فقط,
Only the owner can convert a private template to public,يمكن للمالك فقط تحويل قالب خاص إلى عام,
Open Frappe CRM,فتح ITQAN CRM,
Open Frappe Helpdesk,فتح ITQAN Helpdesk,
Open Global Search,فتح البحث الشامل,
Open Source applications for the web.,تطبيقات مفتوحة المصدر للويب.,
Open template,فتح القالب,
Opening Stock can only be set for stock items.,يمكن تعيين المخزون الافتتاحي لأصناف المخزون فقط.,
Optional. Select a specific manufacture entry to reverse.,اختياري. اختر حركة تصنيع محددة لعكسها.,
PCV Job Timeout (seconds),مهلة مهمة قيد إقفال الفترة (ثوانٍ),
POS Configurations,إعدادات نقطة البيع,
POS Item Details,تفاصيل صنف نقطة البيع,
POS Item Selector,محدّد صنف نقطة البيع,
PREVIEW DATA,بيانات المعاينة,
Page break must follow a section,يجب أن يلي فاصل الصفحة قسماً,
Page margins (mm),هوامش الصفحة (مم),
Pages this role can access.,الصفحات التي يمكن لهذا الدور الوصول إليها.,
Parent Layout,التخطيط الأصل,
Party IBAN,آيبان الطرف,
Party account is required to create a payment entry.,حساب الطرف مطلوب لإنشاء سند دفع.,
Party is required create a payment entry.,الطرف مطلوب لإنشاء سند دفع.,
Party type is required to create a payment entry.,نوع الطرف مطلوب لإنشاء سند دفع.,
Payment Initialization Failed,فشل تهيئة الدفع,
Payment methods refreshed. Please review before proceeding.,تم تحديث طرق الدفع. يرجى المراجعة قبل المتابعة.,
Pending Quantity cannot be less than 0,الكمية المعلّقة لا يمكن أن تكون أقل من 0,
Pending quantity cannot be greater than the for quantity.,الكمية المعلّقة لا يمكن أن تكون أكبر من الكمية المطلوبة.,
Per-Company Accounts,حسابات لكل شركة,
Pick a record to see real values,اختر سجلاً لرؤية القيم الحقيقية,
Please add an account for the Bank Entry rule.,يرجى إضافة حساب لقاعدة القيد البنكي.,
Please add at least one naming series.,يرجى إضافة نمط ترقيم واحد على الأقل.,
Please configure accounts for the Bank Entry rule.,يرجى تهيئة حسابات لقاعدة القيد البنكي.,
Please enter a valid Write Off Account,يرجى إدخال حساب شطب صحيح,
Please enter a valid Write Off Cost Center,يرجى إدخال مركز تكلفة شطب صحيح,
"Please enter your email, we'll send you password reset link",يرجى إدخال بريدك الإلكتروني، وسنرسل لك رابط إعادة تعيين كلمة المرور,
Please fill the following mandatory fields before saving:,يرجى ملء الحقول الإلزامية التالية قبل الحفظ:,
"Please first set Full Name, Email and Phone for the user",يرجى أولاً تعيين الاسم الكامل والبريد والهاتف للمستخدم,
Please generate To Delete list before submitting,يرجى إنشاء قائمة الحذف قبل الترحيل,
Please select at least one attribute value,يرجى اختيار قيمة خاصية واحدة على الأقل,
Please select at least one schedule.,يرجى اختيار جدول واحد على الأقل.,
Please select the document type first.,يرجى اختيار نوع المستند أولاً.,
Posting Date inheritance for exchange gain / loss,وراثة تاريخ الترحيل لأرباح/خسائر الصرف,
Postpaid (bill at period end),دفع آجل (الفوترة في نهاية الفترة),
Pre-Submit Warning,تحذير قبل الترحيل,
Pre-Submit Warning: Credit Limit,تحذير قبل الترحيل: حد الائتمان,
Pre-Submit Warning: Packed Qty,تحذير قبل الترحيل: الكمية المعبّأة,
Prepaid (bill at period start),دفع مقدم (الفوترة في بداية الفترة),
Preview not available for this file type.,المعاينة غير متاحة لنوع الملف هذا.,
Prices HTML,أسعار HTML,
Primary Address Preview,معاينة العنوان الرئيسي,
Print Format Builder (Classic),منشئ قالب الطباعة (التقليدي),
Process loss quantity cannot be negative.,كمية فاقد التشغيل لا يمكن أن تكون سالبة.,
Product Bundle Component,مكوّن حزمة المنتجات,
Product Bundle Parent,حزمة المنتجات الأصل,
Protected DocType,نوع مستند محمي,
Provisional Account (Service),حساب مؤقت (خدمة),
Qty (As per BOM),الكمية (حسب قائمة المواد),
Quality Inspection Not Configured,فحص الجودة غير مهيّأ,
Quantity (Output Qty),الكمية (كمية الناتج),
Quantity Tolerance,حدود تفاوت الكمية,
RFQ and Purchase Order Settings,إعدادات طلب عرض السعر وأمر الشراء,
Raise Material Request when stock reaches re-order level,إصدار طلب مواد عند وصول المخزون لحد إعادة الطلب,
Rate limit for email link login,حد معدل تسجيل الدخول برابط البريد,
Raw HTML or Jinja template,HTML خام أو قالب Jinja,
Raw Materials Missing,المواد الخام مفقودة,
Read the docs,اقرأ التوثيق,
Reconciliation queue size,حجم طابور التسوية,
Remove Zero Counts,إزالة الأعداد الصفرية,
Replace with current form values,الاستبدال بقيم النموذج الحالية,
Reporting & Sharing,التقارير والمشاركة,
Reports this role can access.,التقارير التي يمكن لهذا الدور الوصول إليها.,
Reposting Item and Warehouse,إعادة ترحيل الصنف والمستودع,
Reposting Vouchers,إعادة ترحيل السندات,
Reposting Vouchers Progress,تقدّم إعادة ترحيل السندات,
Retry is not allowed for this task,إعادة المحاولة غير مسموحة لهذه المهمة,
Role Allowed to over bill,الدور المسموح له بتجاوز الفوترة,
Role Profiles that include this role.,ملفات الأدوار التي تتضمن هذا الدور.,
Role allowed to bypass credit limit,الدور المسموح له بتجاوز حد الائتمان,
Role allowed to create/edit back-dated transactions,الدور المسموح له بإنشاء/تعديل معاملات بتاريخ سابق,
Role allowed to edit frozen stock,الدور المسموح له بتعديل المخزون المجمّد,
Role allowed to override stop action,الدور المسموح له بتجاوز إجراء الإيقاف,
Round tax amount row-wise,تقريب مبلغ الضريبة لكل صف,
Route Signature,توقيع المسار,
Rules for configuring series,قواعد تهيئة الرقم التسلسلي,
Save the role first to view this information.,احفظ الدور أولاً لعرض هذه المعلومات.,
Secondary Items (as per BOM),الأصناف الثانوية (حسب قائمة المواد),
Secondary Items Cost,تكلفة الأصناف الثانوية,
Secondary Items Generated,تم إنشاء الأصناف الثانوية,
Select at least one attribute value.,اختر قيمة خاصية واحدة على الأقل.,
Select parent section (Esc),اختر القسم الأصل (Esc),
Separate columns for withdrawal and deposit,أعمدة منفصلة للسحب والإيداع,
Serial Item settings,إعدادات الصنف التسلسلي,
Serial and Batch No for Item Disabled,الرقم التسلسلي والدفعة للصنف معطّل,
Server is busy. Please try again in a few seconds.,الخادم مشغول. يرجى المحاولة مرة أخرى بعد ثوانٍ.,
Set Dropship Items Delivered Quantity,تعيين الكمية المسلّمة لأصناف الشحن المباشر,
Set for layouts shipped with apps or fixtures,معيّن للتخطيطات المشحونة مع التطبيقات أو البيانات الثابتة,
Set incoming rate as zero for expired Batch,تعيين سعر الوارد صفراً للدفعة منتهية الصلاحية,
Set this value to 0 to disable the feature.,عيّن هذه القيمة 0 لتعطيل الميزة.,
Set valuation rate for rejected Materials,تعيين سعر تقييم للمواد المرفوضة,
Settled with Credit Note,تمت التسوية بإشعار دائن,
Show Alternate UOM Balance,إظهار رصيد وحدة القياس البديلة,
Show Payment Schedule in print,إظهار جدول السداد في الطباعة,
Show availability of exploded items,إظهار توفر الأصناف المفصّلة,
Show barcode field in stock transactions,إظهار حقل الباركود في معاملات المخزون,
Show pay button in Purchase Order portal,إظهار زر الدفع في بوابة أمر الشراء,
Source Manufacture Entry,حركة التصنيع المصدر,
Source Stock Entry (Manufacture),قيد مخزون المصدر (تصنيع),
Split commission credit across multiple sales persons.,توزيع رصيد العمولة على عدة مندوبي مبيعات.,
Standard reports can only be created in developer mode.,لا يمكن إنشاء التقارير القياسية إلا في وضع المطور.,
Start from default,البدء من الافتراضي,
Statement PDF Password,كلمة مرور ملف كشف الحساب,
Stock Delivered But Not Billed,المخزون المسلّم وغير المفوتر,
Stock Levels HTML,مستويات المخزون HTML,
Stock Update Not Allowed,تحديث المخزون غير مسموح,
Subcontracting Finished Good,المنتج التام للتصنيع الخارجي,
Subcontracting Service Item,صنف خدمة التصنيع الخارجي,
Submit another response,إرسال رد آخر,
Submitted Job Card cannot be processed.,لا يمكن معالجة بطاقة عمل مرحّلة.,
"Supplier's tax identification number (e.g. PAN, VAT, GST)",الرقم الضريبي للمورد (مثل البطاقة الضريبية، ضريبة القيمة المضافة),
Supported Variables:,المتغيرات المدعومة:,
Switch to CRM,التبديل إلى إدارة علاقات العملاء,
Task can only be retried if failed or cancelled,لا يمكن إعادة محاولة المهمة إلا إذا فشلت أو أُلغيت,
Task is not queued or running,المهمة ليست في الطابور أو قيد التشغيل,
Template data must be a non-empty JSON object,يجب أن تكون بيانات القالب كائن JSON غير فارغ,
Template data must be valid JSON,يجب أن تكون بيانات القالب JSON صالحاً,
The bank account is disabled. Please enable it,الحساب البنكي معطّل. يرجى تفعيله,
The email button is enabled for the user in the document.,زر البريد الإلكتروني مفعّل للمستخدم في المستند.,
The final item that will be produced using this BOM.,الصنف النهائي الذي سيُنتج باستخدام قائمة المواد هذه.,
The following payment schedule(s) already exist:,جداول السداد التالية موجودة بالفعل:,
The print button is enabled for the user in the document.,زر الطباعة مفعّل للمستخدم في المستند.,
The user can delete Draft / Cancelled documents.,يمكن للمستخدم حذف المستندات المسودة/الملغاة.,
The user can export report data.,يمكن للمستخدم تصدير بيانات التقرير.,
The user can share document access with another user.,يمكن للمستخدم مشاركة الوصول للمستند مع مستخدم آخر.,
This can be enabled at specific Item level as well,يمكن تفعيل هذا على مستوى صنف محدد أيضاً,
This icon has no link type configured.,هذه الأيقونة ليس لها نوع رابط مهيّأ.,
"This icon is an External link, but no URL is set.",هذه الأيقونة رابط خارجي، لكن لم يُحدّد رابط.,
This method is only meant for developer mode,هذه الطريقة مخصصة لوضع المطور فقط,
This role has no Page access.,هذا الدور ليس له وصول للصفحات.,
This role has no Report access.,هذا الدور ليس له وصول للتقارير.,
This role has no Workspace access.,هذا الدور ليس له وصول لمساحات العمل.,
This statement has already been imported.,تم استيراد كشف الحساب هذا بالفعل.,
Tip: Close the left sidebar for more editing space.,نصيحة: أغلق الشريط الجانبي الأيسر لمساحة تعديل أكبر.,
Total Credit Transactions,إجمالي المعاملات الدائنة,
Total Debit Transactions,إجمالي المعاملات المدينة,
Total exceeds 100%. Columns in red will be removed on save.,الإجمالي يتجاوز 100%. ستُزال الأعمدة باللون الأحمر عند الحفظ.,
Total width used,إجمالي العرض المستخدم,
Transaction Deletion Record To Delete,سجل حذف المعاملات المراد حذفه,
Trigger primary action,تشغيل الإجراء الأساسي,
Undo Skip,التراجع عن التخطّي,
Unexpected Naming Series Pattern,نمط ترقيم غير متوقع,
Unlink Advance Payment on cancellation of order,إلغاء ربط الدفعة المقدمة عند إلغاء الأمر,
Unlink Payment on cancellation of invoice,إلغاء ربط الدفعة عند إلغاء الفاتورة,
Update Price List based on,تحديث قائمة الأسعار بناءً على,
Use Number Format from Currency,استخدام تنسيق الأرقام من العملة,
Use Posting Datetime for Naming Documents,استخدام تاريخ ووقت الترحيل لتسمية المستندات,
Use Serial / Batch fields,استخدام حقول التسلسلي/الدفعة,
Use ampersand to match multiple terms,استخدم علامة العطف (&) لمطابقة عدة مصطلحات,
Use legacy Budget Controller,استخدام متحكم الموازنة القديم,
Use prices from Default Price List as fallback,استخدام أسعار قائمة الأسعار الافتراضية كبديل,
Used for inter-company transactions,يُستخدم للمعاملات بين الشركات,
Users can make manufacture entry against Job Cards,يمكن للمستخدمين عمل حركة تصنيع مقابل بطاقات العمل,
Users who have this role.,المستخدمون الذين لديهم هذا الدور.,
Validate Material Transfer warehouses,التحقق من مخازن تحويل المواد,
Validate consumed quantity (as per BOM),التحقق من الكمية المستهلكة (حسب قائمة المواد),
Valuation Rate cannot be negative.,سعر التقييم لا يمكن أن يكون سالباً.,
Vertical whitespace,مسافة رأسية,
View your response,عرض ردّك,
Visit Frappe Support Portal,زيارة بوابة دعم ITQAN,
Visual Plant Floor,أرضية المصنع المرئية,
Waiting for a worker to pick up this task...,في انتظار عامل لالتقاط هذه المهمة...,
Warehouse is required to get producible FG Items,المستودع مطلوب للحصول على المنتجات التامة القابلة للإنتاج,
Warning: Account changed for warehouse,تحذير: تم تغيير الحساب للمستودع,
"When enabled, only you can see and use this template.",عند التفعيل، أنت فقط من يمكنه رؤية واستخدام هذا القالب.,
Work Order Additional Item,صنف إضافي لأمر التشغيل,
Work Order Mismatch,عدم تطابق أمر التشغيل,
Workspaces this role can access.,مساحات العمل التي يمكن لهذا الدور الوصول إليها.,
You are not allowed to assign layouts to other users,غير مسموح لك بإسناد التخطيطات لمستخدمين آخرين,
You are not allowed to create or edit global layouts,غير مسموح لك بإنشاء أو تعديل التخطيطات عامة,
You are not allowed to delete global layouts,غير مسموح لك بحذف التخطيطات عامة,
You are not allowed to delete this layout,غير مسموح لك بحذف هذا التخطيط,
You are not allowed to update attendance for another user.,غير مسموح لك بتحديث حضور مستخدم آخر.,
You are not allowed to update global layouts,غير مسموح لك بتحديث التخطيطات عامة,
You are not allowed to update this layout,غير مسموح لك بتحديث هذا التخطيط,
You are not allowed to view events for another user.,غير مسموح لك بعرض أحداث مستخدم آخر.,
You can only edit your own replies.,يمكنك تعديل ردودك فقط.,
You can only follow documents for yourself.,يمكنك متابعة المستندات لنفسك فقط.,
You can only unfollow documents for yourself.,يمكنك إلغاء متابعة المستندات لنفسك فقط.,
You do not have permission to access this document.,ليس لديك صلاحية للوصول لهذا المستند.,
You do not have permission to access this file,ليس لديك صلاحية للوصول لهذا الملف,
You do not have permission to import bank transactions,ليس لديك صلاحية لاستيراد المعاملات البنكية,
You do not have permission to restore this document.,ليس لديك صلاحية لاستعادة هذا المستند.,
You don't have permission to create Report records.,ليس لديك صلاحية لإنشاء سجلات التقارير.,
You need the Workspace Manager role to edit this workspace.,تحتاج دور مدير مساحة العمل لتعديل مساحة العمل هذه.,
Your password has expired. Please set a new password.,انتهت صلاحية كلمة مرورك. يرجى تعيين كلمة مرور جديدة.,
Zero-Quantity Line Items,بنود بكمية صفرية,
"""{0}"" is not a valid date. Use {1}","""{0}"" ليس تاريخاً صحيحاً. استخدم {1}",
"""{0}"" is not a valid datetime. Use {1}","""{0}"" ليس تاريخاً ووقتاً صحيحاً. استخدم {1}",
"""{0}"" is not a valid {1}","""{0}"" ليس {1} صحيحاً",
"""{0}"" is not valid. Allowed: {1}","""{0}"" غير صحيح. المسموح: {1}",
1 row from {0},صف واحد من {0},
1 row to {0},صف واحد إلى {0},
A Reverse Journal Entry {0} already exists for this Journal Entry.,يوجد قيد يومية عكسي {0} بالفعل لهذا القيد.,
Account {0} does not belong to company {1},الحساب {0} لا ينتمي للشركة {1},
Add Permission for {0},إضافة صلاحية لـ {0},
Add User to {0},إضافة مستخدم إلى {0},
Add {0} Access to {1},إضافة صلاحية {0} إلى {1},
Assignment Rule is not allowed on document type {0},قاعدة الإسناد غير مسموحة على نوع المستند {0},
Attribute {0} is disabled.,الخاصية {0} معطّلة.,
Attribute {0} is not valid for the selected template.,الخاصية {0} غير صحيحة للقالب المحدد.,
Background Task {0} not found,المهمة الخلفية {0} غير موجودة,
Campaign {0} not found,الحملة {0} غير موجودة,
Cannot delete protected core DocType: {0},لا يمكن حذف نوع المستند الأساسي المحمي: {0},
Cannot disable {0} as it may lead to incorrect stock valuation.,لا يمكن تعطيل {0} لأنه قد يؤدي إلى تقييم مخزون غير صحيح.,
Cannot produce more Item {0} than Sales Order quantity {1} {2},لا يمكن إنتاج كمية من الصنف {0} أكبر من كمية أمر البيع {1} {2},
Cannot update rate as item {0} is already ordered or purchased against this quotation,لا يمكن تحديث السعر لأن الصنف {0} تم طلبه أو شراؤه بالفعل مقابل عرض السعر هذا,
Circular parent reference for {0},مرجع أصل دائري لـ {0},
Creation of {0} failed.,فشل إنشاء {0}.,
Delete all the Transactions for {0},حذف كل المعاملات لـ {0},
Delete {0},حذف {0},
Delete {0} item permanently?,حذف الصنف {0} نهائياً؟,
Delivered Qty cannot be increased by more than {0} for item {1},لا يمكن زيادة الكمية المسلّمة بأكثر من {0} للصنف {1},
Delivered Qty cannot be reduced by more than {0} for item {1},لا يمكن تخفيض الكمية المسلّمة بأكثر من {0} للصنف {1},
Depends on: {0},يعتمد على: {0},
Duplicate ID {0} in rows {1},معرّف مكرر {0} في الصفوف {1},
Duplicate entry: {0}{1},إدخال مكرر: {0}{1},
Edit {0} rows,تعديل {0} صف,
Employee {0} already has a linked user,الموظف {0} لديه مستخدم مرتبط بالفعل,
Employee {0} not found,الموظف {0} غير موجود,
Error getting details for {0}: {1},خطأ في جلب تفاصيل {0}: {1},
Failed to send email for campaign {0} to {1},فشل إرسال البريد للحملة {0} إلى {1},
"For project - {0}, update your status",للمشروع - {0}، حدّث حالتك,
Invalid Document Type {0},نوع مستند غير صحيح {0},
Invalid Tree Type {0},نوع شجرة غير صحيح {0},
Invalid format. Supported formats are {0},تنسيق غير صحيح. التنسيقات المدعومة هي {0},
Item Price added for {0} in Price List - {1},تمت إضافة سعر للصنف {0} في قائمة الأسعار - {1},
Allowed: {0},المسموح: {0},
Imported {0} DocTypes,تم استيراد {0} نوع مستند,
Impersonating {0},انتحال هوية {0},
App {} is not installed,التطبيق {} غير مثبّت,
Autoname: {0},التسمية التلقائية: {0},
Incorrect value in row {0}:,قيمة غير صحيحة في الصف {0}:,
"Inserted {0}, Updated {1}",تم إدراج {0}، تم تحديث {1},
Invalid value {0} for 'Based On',قيمة غير صحيحة {0} لـ 'بناءً على',
Invalid value {0} for 'Doctype',قيمة غير صحيحة {0} لـ 'نوع المستند',
Invalid subcontract order field: {0},حقل أمر تصنيع خارجي غير صحيح: {0},
A disabled Product Bundle cannot be selected in transactions.,لا يمكن اختيار حزمة منتجات معطّلة في المعاملات.,
Account to record additional purchase expenses like freight or customs,حساب لتسجيل مصروفات الشراء الإضافية مثل الشحن أو الجمارك,
Account where cost of goods sold will be posted when this item is sold,الحساب الذي ستُرحّل إليه تكلفة البضاعة المباعة عند بيع هذا الصنف,
Account where revenue from selling this item will be credited,الحساب الذي ستُقيّد فيه إيرادات بيع هذا الصنف,
Account where the cost of this item will be debited on purchase,الحساب الذي ستُقيّد فيه تكلفة هذا الصنف عند الشراء,
All active prices for this item across buying and selling price lists.,كل الأسعار الفعّالة لهذا الصنف عبر قوائم أسعار الشراء والبيع.,
All invoices and orders for this customer will be created in this currency.,سيتم إنشاء كل فواتير وأوامر هذا العميل بهذه العملة.,
Allow multiple Sales Orders against a customer's Purchase Order,السماح بأوامر بيع متعددة مقابل أمر الشراء العميل,
Allows the user to amend a cancelled document into a new copy.,يسمح للمستخدم بتعديل مستند ملغى إلى نسخة جديدة.,
Allows the user to edit existing records they have access to.,يسمح للمستخدم بتعديل السجلات الموجودة التي لديه صلاحية الوصول إليها.,
Allows the user to use Data Import tool to create / update records.,يسمح للمستخدم باستخدام أداة استيراد البيانات لإنشاء/تحديث السجلات.,
Cost center used for tracking purchase expenses for this item,مركز التكلفة المستخدم لتتبع مصروفات شراء هذا الصنف,
"Creates a User account for this employee using the Preferred, Company, or Personal email.",ينشئ حساب مستخدم لهذا الموظف باستخدام البريد المفضّل أو بريد الشركة أو الشخصي.,
Creates a single grouped asset instead of individual assets when purchased in bulk.,ينشئ أصلاً مجمّعاً واحداً بدلاً من أصول فردية عند الشراء بالجملة.,
Delete Accounting and Stock Ledger entries on deletion of transaction,حذف قيود المحاسبة ودفتر حركة المخزون عند حذف المعاملة,
Disabled suppliers are hidden from selection in new transactions but remain in historical records,الموردون المعطّلون مخفيون من الاختيار في المعاملات الجديدة لكن يبقون في السجلات التاريخية,
"Enable cost center, projects and other custom accounting dimensions",تفعيل مركز التكلفة والمشاريع والأبعاد المحاسبية المخصصة الأخرى,
Enable if this item is a company asset like machinery or furniture.,فعّل إذا كان هذا الصنف أصلاً للشركة مثل الآلات أو الأثاث.,
Enable if this item is provided by a customer and received via Stock Entry.,فعّل إذا كان هذا الصنف مقدّماً من عميل ويُستلم عبر حركة مخزون.,
Enable this option to include the field in the data import template,فعّل هذا الخيار لتضمين الحقل في قالب استيراد البيانات,
Enter the Item Code that this customer uses at their end. This will be shown in Sales Orders for the customer's reference.,أدخل كود الصنف الذي يستخدمه هذا العميل لديه. سيظهر في أوامر البيع كمرجع للعميل.,
Expense for this item will be recognized over a period of months. Eg: prepaid insurance or annual software license,سيتم الاعتراف بمصروف هذا الصنف على مدى عدة أشهر. مثال: تأمين مدفوع مقدماً أو ترخيص برمجي سنوي,
Fetched automatically on sales orders and invoices for this customer.,يُجلب تلقائياً في أوامر وفواتير بيع هذا العميل.,
"If checked, journal entries made using bank reconciliation will be of type ""Credit Card Entry""","إذا فُعّل، ستكون قيود اليومية الناتجة عن التسوية البنكية من نوع ""قيد بطاقة ائتمان""",
"If enabled, rule matching algorithm will run every hour",إذا فُعّل، ستعمل خوارزمية مطابقة القواعد كل ساعة,
"If party does not exist, create it using the Customer Name field.",إذا لم يكن الطرف موجوداً، أنشئه باستخدام حقل اسم العميل.,
"If party does not exist, create it using the Supplier Name field.",إذا لم يكن الطرف موجوداً، أنشئه باستخدام حقل اسم المورد.,
Internal notes about this customer. Not visible on transactions or the portal.,ملاحظات داخلية عن هذا العميل. غير ظاهرة في المعاملات أو البوابة.,
Leave blank to make this template available in all print formats,اتركه فارغاً لإتاحة هذا القالب في كل قوالب الطباعة,
"Maximum discount % allowed when selling this item. Eg: if set to 20%, a discount greater than 20% cannot be applied in sales transactions.",أقصى نسبة خصم مسموح بها عند بيع هذا الصنف. مثال: إذا حُدّدت 20%، لا يمكن تطبيق خصم أكبر من 20% في معاملات البيع.,
No default warehouse set for this company. Entry will use Stock Settings default.,لم يُحدّد مستودع افتراضي لهذه الشركة. ستستخدم الحركة الافتراضي من إعدادات المخزون.,
No saved templates. Try saving the current form as a template.,لا توجد قوالب محفوظة. جرّب حفظ النموذج الحالي كقالب.,
Password used to open password-protected PDF statements for this account. Stored encrypted.,كلمة المرور المستخدمة لفتح كشوف الحساب PDF المحمية لهذا الحساب. مخزّنة مشفّرة.,
Pre-filled on payment entries for this customer. Must be a company account.,مُعبّأ مسبقاً في سندات دفع هذا العميل. يجب أن يكون حساب شركة.,
Prevents the automatic reservation of stock quantities from sales orders when processing sales returns.,يمنع الحجز التلقائي لكميات المخزون من أوامر البيع عند معالجة مرتجعات المبيعات.,
Provisional liability account used for service items before invoice is received,حساب التزام مؤقت يُستخدم لأصناف الخدمات قبل استلام الفاتورة,
Stock account where inventory value for this item will be tracked,حساب المخزون الذي ستُتتبّع فيه قيمة مخزون هذا الصنف,
The bank account is not a company account. Please select a company account,الحساب البنكي ليس حساب شركة. يرجى اختيار حساب شركة,
The last account row must not have any debit or credit amounts set.,يجب ألا يحتوي صف الحساب الأخير على أي مبالغ مدينة أو دائنة.,
The user can create a new Item but cannot edit existing items.,يمكن للمستخدم إنشاء صنف جديد لكن لا يمكنه تعديل الأصناف الموجودة.,
The user can import new records or update existing data for the document.,يمكن للمستخدم استيراد سجلات جديدة أو تحديث البيانات الموجودة للمستند.,
The user can view Sales Invoices but cannot modify any field values in them.,يمكن للمستخدم عرض فواتير المبيعات لكن لا يمكنه تعديل أي قيم بها.,
This supplier will be auto-selected in new purchase transactions,سيتم اختيار هذا المورد تلقائياً في معاملات الشراء الجديدة,
This will be applied if no naming series is configured in Item master,سيُطبّق هذا إذا لم يُهيّأ نمط ترقيم في بطاقة الصنف,
Track this item in batches. Cannot be changed after a stock transaction exists.,تتبّع هذا الصنف بالدفعات. لا يمكن تغييره بعد وجود حركة مخزون.,
Transaction date can't be earlier than previous movement date,لا يمكن أن يكون تاريخ المعاملة أقدم من تاريخ الحركة السابقة,
Transactions are blocked or warned when outstanding balance exceeds this amount.,تُحظر المعاملات أو يُحذّر منها عند تجاوز الرصيد المستحق هذا المبلغ.,
Used to balance the books when recording extra purchase costs,يُستخدم لموازنة الدفاتر عند تسجيل تكاليف شراء إضافية,
Validate selling price for Item against purchase or valuation rate,التحقق من سعر بيع الصنف مقابل سعر الشراء أو التقييم,
"Users listed here can log into the customer portal to view their orders, invoices, and deliveries.",يمكن للمستخدمين المدرجين هنا الدخول لبوابة العملاء لعرض أوامرهم وفواتيرهم وتسليماتهم.,
You do not have permission to import and submit bank transactions,ليس لديك صلاحية لاستيراد وترحيل المعاملات البنكية,
You don't have permission to update this document. Please contact your System Manager.,ليس لديك صلاحية لتحديث هذا المستند. يرجى التواصل مع مدير النظام.,
You need write permissions to add attachments to this record.,تحتاج صلاحيات كتابة لإضافة مرفقات لهذا السجل.,
Represents a Financial Year. All accounting entries and other major transactions are tracked against the Fiscal Year.,يمثّل سنة مالية. تُتتبّع كل القيود المحاسبية والمعاملات الرئيسية مقابل السنة المالية.,
"""{0}"" is not a valid {1} — {2}","""{0}"" ليس {1} صحيحاً — {2}",
"""{0}"" is not valid — {1}","""{0}"" غير صحيح — {1}",
"""{0}"" does not match any field — map it in the preview","""{0}"" لا يطابق أي حقل — عيّنه في المعاينة",
A private template named {0} already exists for {1},يوجد قالب خاص باسم {0} بالفعل لـ {1},
A public template named {0} already exists for {1},يوجد قالب عام باسم {0} بالفعل لـ {1},
A quality inspection must be completed before generating a Delivery Note for this item.,يجب إكمال فحص الجودة قبل إنشاء إذن التسليم لهذا الصنف.,
A quality inspection must be completed before generating a Purchase Receipt for this item.,يجب إكمال فحص الجودة قبل إنشاء إذن الاستلام لهذا الصنف.,
Accounting Entry for LCV in Stock Entry {0},قيد محاسبي لسند تكلفة الإنزال في قيد مخزون {0},
Action if same rate is not maintained throughout internal transaction,الإجراء إذا لم يتم الحفاظ على نفس السعر طوال المعاملة الداخلية,
Additional {0} {1} of item {2} required as per BOM to complete this transaction,مطلوب {0} {1} إضافية من الصنف {2} حسب قائمة المواد لإكمال هذه المعاملة,
Ageing Report based on {0} up to {1},تقرير الأعمار بناءً على {0} حتى {1},
"Allow stock to go below zero for this item, even if negative stock is disabled in Stock Settings.",السماح بانخفاض المخزون دون الصفر لهذا الصنف، حتى لو كان المخزون السالب معطّلاً في إعدادات المخزون.,
Allow substituting this item with an alternative from the Item Alternative list when stock is unavailable.,السماح باستبدال هذا الصنف ببديل من قائمة بدائل الأصناف عند عدم توفر المخزون.,
Amount {0} {1} adjusted against {2} {3},تمت تسوية المبلغ {0} {1} مقابل {2} {3},
Amount {0} {1} as adjustment to {2},المبلغ {0} {1} كتسوية لـ {2},
An email will be sent to notify the User with the role 'Purchase Manager' when an automatic Material Request is created.,سيُرسل بريد إلكتروني لإشعار المستخدم بدور 'مدير المشتريات' عند إنشاء طلب مواد تلقائي.,
Are you sure you want to delete the column? All the fields in the column will be moved to the previous column.,هل أنت متأكد من حذف العمود؟ ستُنقل كل الحقول في العمود إلى العمود السابق.,
Are you sure you want to delete the section? All the columns along with fields in the section will be moved to the previous section.,هل أنت متأكد من حذف القسم؟ ستُنقل كل الأعمدة وحقولها في القسم إلى القسم السابق.,
Are you sure you want to delete the tab? All the sections along with fields in the tab will be moved to the previous tab.,هل أنت متأكد من حذف التبويب؟ ستُنقل كل الأقسام وحقولها في التبويب إلى التبويب السابق.,
At least one raw material item must be present in the stock entry for the type {0},يجب وجود مادة خام واحدة على الأقل في قيد مخزون للنوع {0},
Attribute Value {0} is not valid for the selected attribute {1}.,قيمة الخاصية {0} غير صحيحة للخاصية المحددة {1}.,
BOM Creator Item with name {0} does not exist,صنف منشئ قائمة المواد باسم {0} غير موجود,
Based On layout {0} must be for the same Document Type ({1}),يجب أن يكون التخطيط المعتمد عليه {0} لنفس نوع المستند ({1}),
Batch number will be created based on expiry date. Expiry dates can be set in the Batch master.,سيُنشأ رقم الدفعة بناءً على تاريخ الانتهاء. يمكن تعيين تواريخ الانتهاء في بطاقة الدفعة.,
Blocks all further accounting entries on this customer's account. Only users with the frozen-entries role can override.,يمنع أي قيود محاسبية إضافية على حساب هذا العميل. المستخدمون بدور القيود المجمّدة فقط يمكنهم التجاوز.,
Both {0} Account: {1} and Advance Account: {2} must be of same currency for company: {3},يجب أن يكون كل من حساب {0}: {1} وحساب الدفعات المقدمة: {2} بنفس العملة للشركة: {3},
"Budget cannot be assigned against {0}, as its Root Type is not of Income or Expense",لا يمكن تخصيص موازنة مقابل {0}، لأن نوعه الجذري ليس إيراداً أو مصروفاً,
Cannot create Intercompany {0}. All items in the source {1} have already been fully invoiced. Please check the existing linked {2}s.,لا يمكن إنشاء {0} بين الشركات. كل الأصناف في المصدر {1} تمت فوترتها بالكامل بالفعل. يرجى مراجعة الـ {2} المرتبطة الموجودة.,
Cannot delete virtual DocType: {0}. Virtual DocTypes do not have database tables.,لا يمكن حذف نوع المستند الافتراضي: {0}. الأنواع الافتراضية ليس لها جداول في قاعدة البيانات.,
"Cannot disable Serial and Batch No for Item, as there are existing records for serial / batch.",لا يمكن تعطيل الرقم التسلسلي والدفعة للصنف، لوجود سجلات حالية للتسلسلي/الدفعة.,
Cannot disassemble {0} qty against Stock Entry {1}. Only {2} qty available to disassemble.,لا يمكن تفكيك كمية {0} مقابل قيد مخزون {1}. الكمية المتاحة للتفكيك هي {2} فقط.,
Cannot select a Group type Customer Group. Please select a non-group Customer Group.,لا يمكن اختيار مجموعة عملاء من نوع مجموعة. يرجى اختيار مجموعة عملاء ليست مجموعة.,
Cannot submit Job Card {0} while it is On Hold. Please resume and complete the job before submission.,لا يمكن ترحيل بطاقة العمل {0} وهي معلّقة. يرجى استئناف وإكمال العمل قبل الترحيل.,
Check if this tax is not applicable to items (distinct from 0% rate),حدّد إذا كانت هذه الضريبة غير منطبقة على الأصناف (يختلف عن نسبة 0%),
"Classify the type of market this customer belongs to, used for sales analysis and targeting.",تصنيف نوع السوق الذي ينتمي إليه هذا العميل، يُستخدم لتحليل المبيعات والاستهداف.,
Commission paid to the Sales Partner on transactions with this customer.,العمولة المدفوعة لشريك المبيعات على المعاملات مع هذا العميل.,
Company Address is missing. You don't have permission to create an Address. Please contact your System Manager.,عنوان الشركة مفقود. ليس لديك صلاحية لإنشاء عنوان. يرجى التواصل مع مدير النظام.,
Company or Personal Email is mandatory when 'Create User Automatically' is enabled,بريد الشركة أو الشخصي إلزامي عند تفعيل 'إنشاء مستخدم تلقائياً',
Controls how raw materials are consumed during the ‘Manufacture’ stock entry.,يتحكم في كيفية استهلاك المواد الخام أثناء حركة مخزون ‘التصنيع’.,
Controls which tax template is auto-applied when this customer is selected on a transaction.,يتحكم في قالب الضريبة الذي يُطبّق تلقائياً عند اختيار هذا العميل في معاملة.,
Cost allocation between finished goods and secondary items should equal 100%,يجب أن يساوي توزيع التكلفة بين المنتجات التامة والأصناف الثانوية 100%,
Creation of {0} partially successful.,نجح إنشاء {0} جزئياً.,
Credit limit warning — submission may be blocked: {0},تحذير حد الائتمان — قد يُحظر الترحيل: {0},
Current tier based on accumulated points. Updated automatically on each invoice.,الفئة الحالية بناءً على النقاط المتراكمة. تُحدّث تلقائياً مع كل فاتورة.,
Defines the date after which the item can no longer be used in transactions or manufacturing,يحدد التاريخ الذي لا يمكن بعده استخدام الصنف في المعاملات أو التصنيع,
"Defines when payment is due (e.g. Net 30, 50% advance). Applied automatically on invoices for this customer.",يحدد موعد استحقاق الدفع (مثل صافي 30، 50% مقدماً). يُطبّق تلقائياً على فواتير هذا العميل.,
Demo data creation failed. Check notifications for more info.,فشل إنشاء البيانات التجريبية. راجع الإشعارات لمزيد من المعلومات.,
Detected Transaction Ending Index,فهرس نهاية المعاملة المكتشف,
Detected Transaction Starting Index,فهرس بداية المعاملة المكتشف,
Disable Stock Delivered But Not Billed in Sales Return,تعطيل المخزون المسلّم وغير المفوتر في مرتجع المبيعات,
Do not update Serial / Batch on creation of auto bundle,عدم تحديث التسلسلي/الدفعة عند إنشاء الحزمة التلقائية,
DocType {0} with company field '{1}' is already in the list,نوع المستند {0} بحقل الشركة '{1}' موجود بالفعل في القائمة,
Drag or click to add a field template to the last section.,اسحب أو انقر لإضافة قالب حقل إلى القسم الأخير.,
ERPNext will make a stock ledger entry for each transaction of this item. Keep unchecked for non-stock or service items.,سيُنشئ ITQAN ERP قيد دفتر أستاذ المخزون لكل معاملة لهذا الصنف. اتركه غير محدد للأصناف غير المخزنية أو الخدمية.,
Edits here update the Letter Head document directly.,التعديلات هنا تحدّث مستند ترويسة الطباعة مباشرةً.,
Empty canvas. Drag and drop fields to build from scratch.,لوحة فارغة. اسحب وأفلت الحقول للبناء من الصفر.,
Enable Separate Reposting for GL,تفعيل إعادة الترحيل المنفصلة لدفتر الأستاذ عام,
Enable bulk edit for child table fields in Form view.,تفعيل التعديل الجماعي لحقول الجدول الفرعي في عرض النموذج.,
Enable bulk update of this field across child table rows.,تفعيل التحديث الجماعي لهذا الحقل عبر صفوف الجدول الفرعي.,
Enable cut-off date on creating bulk Delivery Notes,تفعيل تاريخ القطع عند إنشاء أذون تسليم بالجملة,
Enable for raw material items used in BOM. Uncheck for additional services like 'washing' used in manufacturing.,فعّل لأصناف المواد الخام المستخدمة في قائمة المواد. ألغِ التحديد للخدمات الإضافية مثل 'الغسيل' المستخدمة في التصنيع.,
Enable if a vendor manufactures this item for you. You can choose to provide them raw materials using the default BOM.,فعّل إذا كان مورد يصنّع هذا الصنف لك. يمكنك اختيار تزويده بالمواد الخام باستخدام قائمة المواد الافتراضية.,
Enable this to block transactions where the selling price is less than the purchase or valuation rate,فعّل هذا لحظر المعاملات التي يكون فيها سعر البيع أقل من سعر الشراء أو التقييم,
Enable to make this supplier selectable as a transporter on Delivery Notes and Stock Entries,فعّل لجعل هذا المورد قابلاً للاختيار كناقل في أذون التسليم وحركات المخزون,
Enable to reserve a small sample from each batch for any analysis arising ahead,فعّل لحجز عينة صغيرة من كل دفعة لأي تحليل قد يلزم لاحقاً,
Failed to initiate payment with {0}. Please try again or contact support.,فشل بدء الدفع مع {0}. يرجى المحاولة مرة أخرى أو التواصل مع الدعم.,
Failed to update subscription status for {0} {1},فشل تحديث حالة الاشتراك لـ {0} {1},
Field '{0}' is not a valid Company link field for DocType {1},الحقل '{0}' ليس حقل ربط شركة صحيحاً لنوع المستند {1},
"File ""{0}"" was skipped because size exceeds {1} MB","تم تخطّي الملف ""{0}"" لأن حجمه يتجاوز {1} ميجابايت",
"File ""{0}"" was skipped because only {1} uploads are allowed","تم تخطّي الملف ""{0}"" لأنه يُسمح برفع {1} فقط",
"For operation {0} at row {1}, please add raw materials or set a BOM against it.",للعملية {0} في الصف {1}، يرجى إضافة مواد خام أو تعيين قائمة مواد مقابلها.,
"For the item {0}, the consumed quantity should be {1} according to the BOM {2}.",للصنف {0}، يجب أن تكون الكمية المستهلكة {1} وفقاً لقائمة المواد {2}.,
"For the new {0} to take effect, would you like to clear the current {1}?",لكي يسري {0} الجديد، هل تريد مسح {1} الحالي؟,
"Full Name, Email or Phone/Mobile of the user are mandatory to continue.",الاسم الكامل أو البريد أو الهاتف/الجوال للمستخدم إلزامي للمتابعة.,
Generate To Delete list first,أنشئ قائمة الحذف أولاً,
"Google Calendar - Could not find Calendar for {0}, error code {1}.",تقويم Google - تعذّر العثور على تقويم لـ {0}، رمز الخطأ {1}.,
Guests are not allowed to upload files for {0} Doctype,لا يُسمح للضيوف برفع ملفات لنوع المستند {0},
How often should project be updated of Total Purchase Cost ?,كم مرة يجب تحديث المشروع بإجمالي تكلفة الشراء؟,
How often should sales data be updated in Company/Project?,كم مرة يجب تحديث بيانات المبيعات في الشركة/المشروع؟,
"If enabled, sales from this item will be included in Sales Person and Sales Partner commission calculations",إذا فُعّل، ستُدرج مبيعات هذا الصنف في حسابات عمولة مندوب وشريك المبيعات,
"If enabled, users must enter Serial No. / Batch data manually instead of using the selector dialog.",إذا فُعّل، يجب على المستخدمين إدخال بيانات الرقم التسلسلي/الدفعة يدوياً بدلاً من استخدام نافذة المحدّد.,
"If no Item Price is found for an item in the Price List set in the transaction, prices from the Default Price List will be fetched.",إذا لم يوجد سعر للصنف في قائمة الأسعار المحددة في المعاملة، ستُجلب الأسعار من قائمة الأسعار الافتراضية.,
"If set, accounting entries for this customer will post to these accounts instead of the company default.",إذا حُدّد، ستُرحّل القيود المحاسبية لهذا العميل إلى هذه الحسابات بدلاً من الافتراضي للشركة.,
"If you still want to proceed, please disable {0} checkbox.",إذا كنت لا تزال تريد المتابعة، يرجى تعطيل خانة الاختيار {0}.,
"Image in the description has been removed. To disable this behavior, uncheck ""{0}"" in {1}.","تمت إزالة الصورة من الوصف. لتعطيل هذا السلوك، ألغِ تحديد ""{0}"" في {1}.",
Import could not start. Please resolve the errors in the import file.,تعذّر بدء الاستيراد. يرجى حل الأخطاء في ملف الاستيراد.,
"Import template should be of type .csv, .xlsx, .xls or .pdf",يجب أن يكون قالب الاستيراد من نوع.csv أو.xlsx أو.xls أو.pdf,
"Importing or updating {0} of {1}, {2}",جارٍ استيراد أو تحديث {0} من {1}، {2},
"In {0}, {1} is required in every row.",في {0}، {1} مطلوب في كل صف.,
"In {0}, {1} is required in row {2}.",في {0}، {1} مطلوب في الصف {2}.,
"In {0}, {1} is required in rows {2}.",في {0}، {1} مطلوب في الصفوف {2}.,
"In {0}, {1} is required in {2} rows.",في {0}، {1} مطلوب في {2} صف.,
Inherit field order and properties from another layout of the same DocType,وراثة ترتيب الحقول وخصائصها من تخطيط آخر لنفس نوع المستند,
Invalid CSV format. Expected column: doctype_name,تنسيق CSV غير صحيح. العمود المتوقع: doctype_name,
Is Purchase Order required for Purchase Invoice & Receipt creation?,هل أمر الشراء مطلوب لإنشاء فاتورة وإذن استلام المشتريات؟,
Is Sales Order required to create Sales Invoice/Delivery Note?,هل أمر البيع مطلوب لإنشاء فاتورة المبيعات/إذن التسليم؟,
Issue a debit note against an existing Sales Invoice to adjust the rate. The quantity will be retained from the original invoice.,إصدار إشعار مدين مقابل فاتورة المبيعات موجودة لتعديل السعر. ستُحتفظ الكمية من الفاتورة الأصلية.,
Item Price created at rate {0},تم إنشاء سعر الصنف بسعر {0},
Item with name {0} not found in the Purchase Order,الصنف باسم {0} غير موجود في أمر الشراء,
Item {0} is not a template item.,الصنف {0} ليس صنف قالب.,
Last Edited By {0},آخر تعديل بواسطة {0},
Looks like there are no background tasks running or completed recently.,يبدو أنه لا توجد مهام خلفية قيد التشغيل أو اكتملت مؤخراً.,
Loyalty scheme this customer earns points under. Auto-assigned if a matching program exists.,نظام الولاء الذي يكسب هذا العميل النقاط بموجبه. يُسنّد تلقائياً إذا وُجد برنامج مطابق.,
Maintain same rate throughout the purchase  cycle,الحفاظ على نفس السعر طوال دورة الشراء,
Mark if this customer represents an internal company. Enables inter-company transactions.,حدّد إذا كان هذا العميل يمثّل شركة داخلية. يُفعّل المعاملات بين الشركات.,
Method {0} is not allowed to be run on a Job Card.,الطريقة {0} غير مسموح بتشغيلها على بطاقة عمل.,
Accounting Entry for Landed Cost Voucher for SCR {0},قيد محاسبي لسند تكلفة الإنزال لإذن الاستلام {0},
Action if same rate is not maintained throughout sales cycle,الإجراء عند عدم الحفاظ على نفس السعر طوال دورة المبيعات,
Allows users to enable the mask property for any field of the respective doctype.,يتيح للمستخدمين تفعيل خاصية الإخفاء لأي حقل في نوع المستند المعني.,
BOM Updation already in progress. Please wait until {0} is complete.,تحديث قائمة المواد قيد التنفيذ بالفعل. يرجى الانتظار حتى اكتمال {0}.,
Bank Statement Import Log Column Map,ربط أعمدة سجل استيراد كشف الحساب البنكي,
Bank Transaction Rule Accounts,حسابات قاعدة المعاملات البنكية,
Bank Transaction Rule Description Conditions,شروط وصف قاعدة المعاملات البنكية,
Check row {0} for account {1}: Party is only allowed if Party Type is set,تحقق من الصف {0} للحساب {1}: الطرف مسموح فقط إذا حُدّد نوع الطرف,
Company link field name used for filtering (optional - leave empty to delete all records),اسم حقل ربط الشركة المستخدم للتصفية (اختياري - اتركه فارغاً لحذف كل السجلات),
Company {0} is not in South Africa.,الشركة {0} ليست في جنوب أفريقيا.,
DocType can be one of them {0},يمكن أن يكون نوع المستند أحد هذه القيم: {0},
"File ""{0}"" was skipped because only {1} uploads are allowed for DocType ""{2}""","تم تخطّي الملف ""{0}"" لأنه يُسمح برفع {1} فقط لنوع المستند ""{2}""",
File does not belong to this Transaction Deletion Record,الملف لا ينتمي لسجل حذف المعاملات هذا,
Getting Secondary Items,جارٍ جلب الأصناف الثانوية,
Importing Code Lists from remote URLs is not allowed.,استيراد قوائم الأكواد من روابط بعيدة غير مسموح.,
Item {0} is not a drop ship item. Only drop ship items can have Delivered Qty updated.,الصنف {0} ليس صنف شحن مباشر. أصناف الشحن المباشر فقط يمكن تحديث الكمية المسلّمة لها.,
Multiple company fields available: {0}. Please select manually.,تتوفر حقول شركة متعددة: {0}. يرجى الاختيار يدوياً.,
New Fiscal Year - {0},سنة مالية جديدة - {0},
No DocTypes in To Delete list. Please generate or import the list before submitting.,لا توجد أنواع مستندات في قائمة الحذف. يرجى إنشاء أو استيراد القائمة قبل الترحيل.,
No Items with Bill of Materials to Manufacture or all items already manufactured,لا توجد أصناف بقائمة مواد للتصنيع أو تم تصنيع كل الأصناف بالفعل,
No active user found with email address {0},لم يُعثر على مستخدم نشط بعنوان البريد {0},
No email found for {0} {1},لم يُعثر على بريد إلكتروني لـ {0} {1},
No recipients found for campaign {0},لم يُعثر على مستلمين للحملة {0},
No workspace sidebar named '{0}' was found.,لم يُعثر على شريط جانبي لمساحة عمل باسم '{0}'.,
Non-phantom BOM cannot be created for non-stock item {0}.,لا يمكن إنشاء قائمة مواد غير وهمية لصنف غير مخزني {0}.,
Not permitted to create {0},غير مسموح بإنشاء {0},
Note: Due Date exceeds allowed {0} credit days by {1} day(s),ملاحظة: تاريخ الاستحقاق يتجاوز أيام ائتمان {0} المسموح بها بمقدار {1} يوم,
Number of days to consider for matching transfers across bank accounts,عدد الأيام المعتبرة لمطابقة التحويلات عبر الحسابات البنكية,
Numbers this customer uses to identify your company in their own system.,الأرقام التي يستخدمها هذا العميل لتعريف شركتك في نظامه الخاص.,
Only files up to {0} MB are supported for preview.,يُدعم معاينة الملفات حتى {0} ميجابايت فقط.,
Only records belonging to {0} will be deleted,سيتم حذف السجلات التابعة لـ {0} فقط,
"Only works for Purchase Receipt, Purchase Invoice and Stock Entry",يعمل فقط مع إذن الاستلام وفاتورة المشتريات وقيد مخزون,
Opening Stock cannot be created as stock transactions already exist for item {0}.,لا يمكن إنشاء مخزون افتتاحي لوجود حركات مخزون بالفعل للصنف {0}.,
Opening Stock for serialised or batch items must be set via the Stock Reconciliation form.,يجب تعيين المخزون الافتتاحي للأصناف التسلسلية أو ذات الدفعات عبر نموذج تسوية المخزون.,
Opening Stock reconciliation created: {0},تم إنشاء تسوية المخزون الافتتاحي: {0},
PDF statement support requires the 'pdfplumber' library to be installed.,يتطلب دعم كشوف PDF تثبيت مكتبة 'pdfplumber'.,
Page {0},صفحة {0},
Parent {0} not found in file,الأصل {0} غير موجود في الملف,
Payment gateway {0} failed to create a payment session,فشلت بوابة الدفع {0} في إنشاء جلسة دفع,
Pending Quantity cannot be greater than {0},الكمية المعلّقة لا يمكن أن تكون أكبر من {0},
Permission row not found after conversion. Please refresh.,لم يُعثر على صف الصلاحية بعد التحويل. يرجى التحديث.,
Phantom BOM cannot be created for stock item {0}.,لا يمكن إنشاء قائمة مواد وهمية لصنف مخزني {0}.,
Pick a {0} to preview...,اختر {0} للمعاينة...,
Please add at least one row in Item Defaults with a Company before setting opening stock.,يرجى إضافة صف واحد على الأقل في إعدادات الصنف بشركة قبل تعيين المخزون الافتتاحي.,
Please click on 'Download Skipped Rows' to export rows that were skipped during import.,يرجى النقر على 'تنزيل الصفوف المتخطّاة' لتصدير الصفوف التي تم تخطّيها أثناء الاستيراد.,
Please complete the job first before entering Pending Quantity,يرجى إكمال العمل أولاً قبل إدخال الكمية المعلّقة,
Please generate the To Delete list before submitting,يرجى إنشاء قائمة الحذف قبل الترحيل,
Please review the {0} configuration and complete any required financial setup activities.,يرجى مراجعة إعداد {0} وإكمال أي أنشطة إعداد مالي مطلوبة.,
Please select at least one item to update delivered quantity.,يرجى اختيار صنف واحد على الأقل لتحديث الكمية المسلّمة.,
Pre-filled with all document fields. Customize from there.,مُعبّأ مسبقاً بكل حقول المستند. خصّص من هناك.,
Product Bundle {0} is disabled and cannot be used in transactions.,حزمة المنتجات {0} معطّلة ولا يمكن استخدامها في المعاملات.,
Product Bundle {0} is not submitted,حزمة المنتجات {0} غير مرحّلة,
Quality Inspection is required for the item {0} before completing the job card {1},فحص الجودة مطلوب للصنف {0} قبل إكمال بطاقة العمل {1},
Quality Inspection {0} is not submitted for the item: {1},فحص الجودة {0} غير مرحّل للصنف: {1},
Quality Inspection {0} is rejected for the item: {1},فحص الجودة {0} مرفوض للصنف: {1},
Remove this role's access to {0}?,إزالة وصول هذا الدور إلى {0}؟,
Remove this role's permission on {0}?,إزالة صلاحية هذا الدور على {0}؟,
Remove {0} from this role?,إزالة {0} من هذا الدور؟,
Removed {0} rows with zero document count. Please save to persist changes.,تمت إزالة {0} صف بعدد مستندات صفري. يرجى الحفظ لتثبيت التغييرات.,
Reposting for Item-Wh Completed {0}%,اكتملت إعادة الترحيل للصنف-المخزن {0}%,
Reposting for Vouchers Completed {0}%,اكتملت إعادة ترحيل السندات {0}%,
Row #{0}: Cannot transfer {1} {2} of Item {3}. Maximum transferable quantity is {4} {2}.,الصف #{0}: لا يمكن تحويل {1} {2} من الصنف {3}. أقصى كمية قابلة للتحويل هي {4} {2}.,
Row #{0}: Finished Good Item {1} cannot be added in the Secondary Items table.,الصف #{0}: لا يمكن إضافة صنف المنتج التام {1} في جدول الأصناف الثانوية.,
Row #{0}: Finished Good reference is mandatory for Secondary Item {1}.,الصف #{0}: مرجع المنتج التام إلزامي للصنف الثانوي {1}.,
Row #{0}: Item {1} has zero rate but '{2}' is not enabled.,الصف #{0}: الصنف {1} سعره صفر لكن '{2}' غير مفعّل.,
Row #{0}: Process Loss Percentage should be less than 100% for {1} Item {2},الصف #{0}: يجب أن تكون نسبة فاقد التشغيل أقل من 100% للصنف {1} {2},
Row #{0}: Product Bundle {1} is disabled and cannot be used in transactions.,الصف #{0}: حزمة المنتجات {1} معطّلة ولا يمكن استخدامها في المعاملات.,
Row #{0}: Rejected Qty cannot be set for Secondary Item {1}.,الصف #{0}: لا يمكن تعيين الكمية المرفوضة للصنف الثانوي {1}.,
Row #{0}: Secondary Item Qty cannot be zero,الصف #{0}: كمية الصنف الثانوي لا يمكن أن تكون صفراً,
Row #{0}: Selling rate for item {1} is lower than its {2}.,الصف #{0}: سعر بيع الصنف {1} أقل من {2}.,
Row #{0}: {1} account is not of type {2},الصف #{0}: الحساب {1} ليس من نوع {2},
Row #{0}:Quantity for Item {1} cannot be zero.,الصف #{0}: كمية الصنف {1} لا يمكن أن تكون صفراً.,
Row #{}: Either Party ID or Party Name is required,الصف #{}: مطلوب إما معرّف الطرف أو اسم الطرف,
Row #{}: Party ID is required,الصف #{}: معرّف الطرف مطلوب,
Row {0}: Cannot sell item {1} from Sample Retention Warehouse {2},الصف {0}: لا يمكن بيع الصنف {1} من مستودع الاحتفاظ بالعينات {2},
Row {0}: Item {1} must be linked to a {2}.,الصف {0}: يجب ربط الصنف {1} بـ {2}.,
Row {0}: Operation time should be greater than 0 for operation {1},الصف {0}: يجب أن يكون وقت العملية أكبر من 0 للعملية {1},
Row {0}: Update Stock must be checked for item {1} because it is against Pick List {2}.,الصف {0}: يجب تحديد تحديث المخزون للصنف {1} لأنه مقابل قائمة الانتقاء {2}.,
Row {0}: Warehouse is required,الصف {0}: المستودع مطلوب,
Runs a preview check on save before submission without making any actual changes.,يُجري فحص معاينة عند الحفظ قبل الترحيل دون إجراء أي تغييرات فعلية.,
"Sales Order {0} is already linked to Project {1}, skipping the link.",أمر البيع {0} مرتبط بالفعل بالمشروع {1}، تخطّي الربط.,
Sales Order {0} is not available for production,أمر البيع {0} غير متاح للإنتاج,
Secondary Items (as per Manufacture Entries),الأصناف الثانوية (حسب حركات التصنيع),
Secondary Items Cost (Company Currency),تكلفة الأصناف الثانوية (عملة الشركة),
Secondary Items Cost Per Qty,تكلفة الأصناف الثانوية لكل كمية,
See warning icons on nodes below or check the Warnings section.,انظر أيقونات التحذير على العقد أدناه أو راجع قسم التحذيرات.,
Select the group first to filter the applicable withholding categories below.,اختر المجموعة أولاً لتصفية فئات الخصم المطبقة أدناه.,
Selected Letter Head '{0}' is invalid for '{1}' Report.,ترويسة الطباعة المحددة '{0}' غير صحيحة للتقرير '{1}'.,
Serial and Batch Bundle {0} is submitted and its entries cannot be modified.,حزمة التسلسلي والدفعة {0} مرحّلة ولا يمكن تعديل قيودها.,
Set Operating Cost / Secondary Items From Sub-assemblies,تعيين تكلفة التشغيل/الأصناف الثانوية من التجميعات الفرعية,
Showing all {0} rows,عرض كل الصفوف {0},
Showing {0} of {1},عرض {0} من {1},
Showing {0} of {1} columns.,عرض {0} من {1} عمود.,
Showing {0} of {1} rows.,عرض {0} من {1} صف.,
Showing {0} of {1} rows and {2} of {3} columns.,عرض {0} من {1} صف و{2} من {3} عمود.,
"Since {0} has 'Update Stock' disabled, you cannot create repost item valuation against it",بما أن 'تحديث المخزون' معطّل في {0}، لا يمكنك إنشاء إعادة ترحيل تقييم الصنف مقابله,
Source Stock Entry {0} has no finished goods quantity,قيد مخزون المصدر {0} ليس بها كمية منتجات تامة,
Source Warehouse is required for item {0},مستودع المصدر مطلوب للصنف {0},
Source or Target Warehouse is required for item {0},مستودع المصدر أو الوجهة مطلوب للصنف {0},
Source warehouse required for stock item {0},مستودع المصدر مطلوب للصنف المستودعي {0},
Standard DocType Layouts can only be modified in developer mode.,لا يمكن تعديل تخطيطات أنواع المستندات القياسية إلا في وضع المطور.,
Standing scores must cover the full range from 0 to 100,يجب أن تغطي درجات التصنيف النطاق الكامل من 0 إلى 100,
Subcontracting Inward Order Secondary Item,الصنف الثانوي لأمر التصنيع الخارجي الوارد,
Successfully inserted {0},تم الإدراج بنجاح {0},
Successfully inserted {0} and updated {1} out of {2} records.,تم إدراج {0} وتحديث {1} بنجاح من أصل {2} سجل.,
TDS / withholding tax category applied when paying this supplier,فئة ضريبة الخصم المطبقة عند الدفع لهذا المورد,
TDS/TCS is calculated at the rate defined here on every payment from this customer.,تُحسب ضريبة الخصم بالنسبة المحددة هنا على كل دفعة من هذا العميل.,
Target Warehouse is required for item {0},مستودع الوجهة مطلوب للصنف {0},
The uploaded file could not be parsed as a genericode XML document.,تعذّر تحليل الملف المرفوع كمستند genericode XML.,
The user can select a Customer in Sales Order but cannot open the Customer master.,يمكن للمستخدم اختيار عميل في أمر البيع لكن لا يمكنه فتح بطاقة العميل.,
This row has fewer cells than the header — check for missing commas or columns,هذا الصف به خلايا أقل من الترويسة — تحقق من فواصل أو أعمدة مفقودة,
This row has more cells than the header — check for extra commas or columns,هذا الصف به خلايا أكثر من الترويسة — تحقق من فواصل أو أعمدة زائدة,
Timeout (in seconds) for each background job enqueued by Process Period Closing Voucher,المهلة (بالثواني) لكل مهمة خلفية يُدرجها سند إقفال الفترة,
To Delete list generated with {0} DocTypes,تم إنشاء قائمة الحذف بـ {0} نوع مستند,
"To allow over ordering, update ""Over Order Allowance"" in Buying Settings.","للسماح بتجاوز الطلب، حدّث ""نسبة السماح بتجاوز الطلب"" في إعدادات الشراء.",
To cancel this Sales Invoice you need to cancel the POS Closing Entry {0}.,لإلغاء فاتورة المبيعات هذه تحتاج لإلغاء قيد إقفال نقطة البيع {0}.,
Total Advance Paid: {0},إجمالي الدفعات المقدمة المدفوعة: {0},
Total Advance Received: {0},إجمالي الدفعات المقدمة المستلمة: {0},
Transaction Deletion Document {0} has been triggered for company {1},تم تشغيل مستند حذف المعاملات {0} للشركة {1},
Tree preview of {0} nodes,معاينة شجرة لـ {0} عقدة,
Unable to fetch DocType details. Please contact system administrator.,تعذّر جلب تفاصيل نوع المستند. يرجى التواصل مع مدير النظام.,
Unable to find variable: {0},تعذّر العثور على المتغير: {0},
Unsupported file format: {0},تنسيق ملف غير مدعوم: {0},
Update {0} rows,تحديث {0} صف,
Updated {0} selected {1}. Save the form to keep changes.,تم تحديث {0} {1} محدد. احفظ النموذج للاحتفاظ بالتغييرات.,
Use legacy controller for Period Closing Voucher,استخدام المتحكم القديم لسند إقفال الفترة,
Use minimum of 8 characters(case sensitive) with at least one number or special character.,استخدم 8 أحرف على الأقل (حساسة لحالة الأحرف) مع رقم أو رمز خاص واحد على الأقل.,
"When enabled, transactions with this supplier will be blocked based on the Hold Type below",عند التفعيل، ستُحظر المعاملات مع هذا المورد بناءً على نوع التعليق أدناه,
Work Order {0} has no produced qty,أمر التشغيل {0} ليس به كمية منتجة,
You are about to permanently delete data for {0} entries for company {1}.,أنت على وشك حذف بيانات {0} قيد نهائياً للشركة {1}.,
You can also use variables in the series name by putting them between (.) dots,يمكنك أيضاً استخدام المتغيرات في اسم الرقم التسلسلي بوضعها بين نقطتين (.),
You can set a high value here if multiple users will be logging in from the same network.,يمكنك تعيين قيمة عالية هنا إذا كان عدة مستخدمين سيسجلون الدخول من نفس الشبكة.,
You do not have permission to create or restore documents of type {0}.,ليس لديك صلاحية لإنشاء أو استعادة مستندات من نوع {0}.,
You don't have permission to create a Company Address. Please contact your System Manager.,ليس لديك صلاحية لإنشاء عنوان شركة. يرجى التواصل مع مدير النظام.,
You don't have permission to update Company details. Please contact your System Manager.,ليس لديك صلاحية لتحديث بيانات الشركة. يرجى التواصل مع مدير النظام.,
and {0} more,و{0} أخرى,
as of {0},حتى تاريخ {0},
rows {0},صفوف {0},
{0} Naming Series,نمط ترقيم {0},
{0} Permission for {1},صلاحية {0} لـ {1},
{0} is not a CSV file.,{0} ليس ملف CSV.,
{0} is not a valid Accounting Dimension.,{0} ليس بُعداً محاسبياً صحيحاً.,
{0} is not a valid {1} fieldname.,{0} ليس اسم حقل {1} صحيحاً.,
{0} items disassembled,{0} صنف تم تفكيكه,
{0} items returned,{0} صنف تم إرجاعه,
{0} items to return,{0} صنف للإرجاع,
{0} must be equal to '{1}',{0} يجب أن يساوي '{1}',
{0} must be {1} {2},{0} يجب أن يكون {1} {2},
{0} units of Item {1} is not available in any of the warehouses.,{0} وحدة من الصنف {1} غير متاحة في أي من المخازن.,
{0}% of total invoice value will be given as discount.,سيُمنح {0}% من إجمالي قيمة الفاتورة كخصم.,
{0}: Not found,{0}: غير موجود,
{0}: {1} does not exist,{0}: {1} غير موجود,
"If it is not possible to make an adjustment entry, please enable 'Allow Negative Stock for Batch' in the batch {0} or in the Stock Settings to proceed.",إذا تعذّر عمل قيد تسوية، يرجى تفعيل 'السماح بالمخزون السالب للدفعة' في الدفعة {0} أو في إعدادات المخزون للمتابعة.,
So please ensure the stock levels are adjusted as soon as possible to maintain the correct valuation rate.,لذا يرجى التأكد من تعديل مستويات المخزون في أقرب وقت ممكن للحفاظ على سعر التقييم الصحيح.,
A Period Closing Voucher is already submitted and an Opening Entry can no longer be created. {0} to learn more.,تم ترحيل سند إقفال فترة بالفعل ولم يعد من الممكن إنشاء قيد افتتاحي. {0} لمعرفة المزيد.,
Account / customer numbers assigned to your companies by this supplier (for reconciliation on their statements),أرقام الحساب/العميل التي يخصصها هذا المورد لشركاتك (للتسوية على كشوف حساباته),
Additional Discount Amount ({discount_amount}) cannot exceed the total before such discount ({total_before_discount}),مبلغ الخصم الإضافي ({discount_amount}) لا يمكن أن يتجاوز الإجمالي قبل هذا الخصم ({total_before_discount}),
Allow sales transactions with zero quantities if the rate is fixed but the quantities are not. e.g. Rate Contracts,السماح بمعاملات بيع بكميات صفرية إذا كان السعر ثابتاً والكميات غير ثابتة. مثل: عقود الأسعار,
Batch number will be auto-created in format AAAA.00001 if not specified in transactions. Leave blank to always enter batch numbers manually.,سيُنشأ رقم الدفعة تلقائياً بالتنسيق AAAA.00001 إذا لم يُحدّد في المعاملات. اتركه فارغاً لإدخال أرقام الدفعات يدوياً دائماً.,
Cannot add child table {0} to deletion list. Child tables are automatically deleted with their parent DocTypes.,لا يمكن إضافة الجدول الفرعي {0} إلى قائمة الحذف. تُحذف الجداول الفرعية تلقائياً مع أنواع مستنداتها الأصلية.,
Cannot enable Opportunity creation from Contact Us because the Contact Us form is disabled.,لا يمكن تفعيل إنشاء الفرص من نموذج اتصل بنا لأن النموذج معطّل.,
Cannot start deletion. Another deletion {0} is already queued/running. Please wait for it to complete.,لا يمكن بدء الحذف. عملية حذف أخرى {0} في الطابور/قيد التشغيل بالفعل. يرجى انتظار اكتمالها.,
"Changing the account in any transaction of the DocTypes listed below will trigger a repost. To prevent reposting, remove the relevant DocType from the list.",تغيير الحساب في أي معاملة لأنواع المستندات المدرجة أدناه سيؤدي إلى إعادة ترحيل. لمنع إعادة الترحيل، أزل نوع المستند المعني من القائمة.,
Check row {0} for account {1}: Party Type is only allowed for Receivable or Payable accounts,تحقق من الصف {0} للحساب {1}: نوع الطرف مسموح فقط للحسابات المدينة أو الدائنة,
"Could not detect any tables in this PDF. It may be a scanned or image-based statement, which is not supported (no OCR).",تعذّر اكتشاف أي جداول في ملف PDF هذا. قد يكون كشفاً ممسوحاً ضوئياً أو قائماً على صورة، وهو غير مدعوم (لا يوجد تعرّف ضوئي على الحروف).,
"Enable Urchin Tracking Module parameters in Quotation, Sales Order, Sales Invoice, POS Invoice, Lead,  and Delivery Note.",تفعيل معاملات وحدة تتبع UTM في عرض السعر وأمر البيع وفاتورة المبيعات وفاتورة نقطة البيع والعميل المحتمل وإذن التسليم.,
Enable this if you are experiencing issues with the new budget controller. Uses the older budget validation logic,فعّل هذا إذا كنت تواجه مشاكل مع متحكم الموازنة الجديد. يستخدم منطق التحقق القديم للموازنة,
"Enable this option to permit the use of negative rates for items in sales transactions. This setting is useful for applying substantial discounts, processing refunds or returns, and handling special promotional pricing.",فعّل هذا الخيار للسماح باستخدام أسعار سالبة للأصناف في معاملات البيع. هذا الإعداد مفيد لتطبيق خصومات كبيرة ومعالجة المبالغ المستردة أو المرتجعات والتعامل مع التسعير الترويجي الخاص.,
"Note: If this is enabled, updating the rate of the Product Bundle in the Items table will not change its price. It will get reset to the price based on its Child Items on saving the doc.",ملاحظة: إذا فُعّل هذا، فإن تحديث سعر حزمة المنتجات في جدول الأصناف لن يغيّر سعرها. سيُعاد ضبطه إلى السعر بناءً على أصنافها الفرعية عند حفظ المستند.,
Existing Gravatar URLs may still be stored on User and Contact records. Do you want to delete these URLs now?,قد تظل روابط Gravatar الحالية مخزّنة على سجلات المستخدم وجهة الاتصال. هل تريد حذف هذه الروابط الآن؟,
"Existing Gravatar URLs may still be stored on User, Contact, and Lead records. Do you want to delete these URLs now?",قد تظل روابط Gravatar الحالية مخزّنة على سجلات المستخدم وجهة الاتصال والعميل المحتمل. هل تريد حذف هذه الروابط الآن؟,
"Field templates let you render specific fields with custom Jinja/HTML, e.g. a custom items table layout.",قوالب الحقول تتيح لك عرض حقول معينة بـ Jinja/HTML مخصص، مثل تخطيط مخصص لجدول الأصناف.,
Fieldname {0} already exists in the following doctypes: {1}. A separate dimension field will not be added to these doctypes. GL Entries will use the value of the existing field as the dimension value.,اسم الحقل {0} موجود بالفعل في أنواع المستندات التالية: {1}. لن يُضاف حقل بُعد منفصل لهذه الأنواع. ستستخدم قيود دفتر الأستاذ قيمة الحقل الموجود كقيمة للبُعد.,
"Finished good quantity being consumed ({0} in stock UOM) must equal the quantity to disassemble ({1}). Do not change the UOM, conversion factor or quantity of the finished good row.",كمية المنتج التام المستهلكة ({0} بوحدة المخزون) يجب أن تساوي كمية التفكيك ({1}). لا تغيّر وحدة القياس أو معامل التحويل أو كمية صف المنتج التام.,
"For legacy serial nos, do not fetch incoming rate from serial no and calculate it based on the inward transaction",للأرقام التسلسلية القديمة، لا تجلب سعر الوارد من الرقم التسلسلي واحسبه بناءً على المعاملة الواردة,
Frappe CRM data synchronization is not enabled on ERPNext. Contact System Manager of ERPNext.,مزامنة بيانات ITQAN CRM غير مفعّلة على ITQAN ERP. تواصل مع مدير نظام ITQAN ERP.,
"Frappe no longer uses Gravatar because it can disclose hashed email addresses to a third-party service. To fully stop this behavior, existing Gravatar image URLs must be deleted.",لم يعد ITQAN يستخدم Gravatar لأنه قد يكشف عناوين بريد مشفّرة لخدمة طرف ثالث. لإيقاف هذا السلوك تماماً، يجب حذف روابط صور Gravatar الحالية.,
Frozen suppliers block ledger entries until unfrozen. Use this to temporarily lock accounting activity without disabling the supplier.,الموردون المجمّدون يمنعون القيود حتى إلغاء التجميد. استخدم هذا لقفل النشاط المحاسبي مؤقتاً دون تعطيل المورد.,
"If checked, the entire amount (e.g. Freight) is allocated to the valuation of stock & asset items only. If unchecked, the amount is distributed across all items and the portion belonging to non-stock items is not added to valuation.",إذا حُدّد، يُخصّص المبلغ بالكامل (مثل الشحن) لتقييم أصناف المخزون والأصول فقط. إذا لم يُحدّد، يُوزّع المبلغ على كل الأصناف ولا يُضاف الجزء الخاص بالأصناف غير المخزنية إلى التقييم.,
"If checked, this item is treated as drop-shipped by default in Sales Orders, Sales Invoices and Purchase Orders. The flag can be overridden on each transaction line.",إذا حُدّد، يُعامل هذا الصنف كشحن مباشر افتراضياً في أوامر البيع وفواتير المبيعات وأوامر الشراء. يمكن تجاوز هذا في كل سطر معاملة.,
"If checked, updates inventory; stock and accounting entries are created together. Leave unchecked if a Delivery Note is created separately.",إذا حُدّد، يحدّث المخزون؛ تُنشأ قيود المخزون والمحاسبة معاً. اتركه غير محدد إذا أُنشئ إذن التسليم منفصل.,
"If checked, updates inventory; stock and accounting entries are created together. Leave unchecked if a Purchase Receipt is created separately.",إذا حُدّد، يحدّث المخزون؛ تُنشأ قيود المخزون والمحاسبة معاً. اتركه غير محدد إذا أُنشئ إذن الاستلام منفصل.,
"If enabled, system will set incoming rate as zero for stand-alone credit notes with expired batch item.",إذا فُعّل، سيعيّن النظام سعر الوارد صفراً للإشعارات الدائنة المستقلة ذات أصناف الدفعات منتهية الصلاحية.,
"If enabled, the Secondary Items generated against a Finished Good will also be added in the Stock Entry when delivering that Finished Good.",إذا فُعّل، ستُضاف الأصناف الثانوية المُنشأة مقابل منتج تام أيضاً في قيد مخزون عند تسليم ذلك المنتج التام.,
"If enabled, the item rate won't adjust to the valuation rate during internal transfers, but accounting will still use the valuation rate. This will allow the user to specify a different rate for printing or taxation purposes.",إذا فُعّل، لن يتعدّل سعر الصنف إلى سعر التقييم أثناء التحويلات الداخلية، لكن المحاسبة ستظل تستخدم سعر التقييم. هذا يتيح للمستخدم تحديد سعر مختلف لأغراض الطباعة أو الضرائب.,
"If enabled, the system will allow negative stock entries for the batch. But, this may lead to incorrect valuation rates, so it is recommended to avoid using this option. The system will permit negative stock only when it is caused by backdated entries and will validate and block negative stock in all other cases.",إذا فُعّل، سيسمح النظام بقيود مخزون سالب للدفعة. لكن قد يؤدي ذلك إلى أسعار تقييم غير صحيحة، لذا يُنصح بتجنب هذا الخيار. سيسمح النظام بالمخزون السالب فقط عندما يكون ناتجاً عن قيود بتاريخ سابق وسيتحقق ويمنع المخزون السالب في كل الحالات الأخرى.,
"If enabled, the system will allow negative stock entries for this batch, overriding the 'Allow negative stock for Batch' setting in Stock Settings. This may lead to incorrect valuation rates, so it is recommended to avoid using this option.",إذا فُعّل، سيسمح النظام بقيود مخزون سالب لهذه الدفعة، متجاوزاً إعداد 'السماح بالمخزون السالب للدفعة' في إعدادات المخزون. قد يؤدي ذلك إلى أسعار تقييم غير صحيحة، لذا يُنصح بتجنب هذا الخيار.,
"If the user enables the mask property for the phone number field, the value will be displayed in a masked format (e.g., 811XXXXXXX).",إذا فعّل المستخدم خاصية الإخفاء لحقل رقم الهاتف، ستُعرض القيمة بتنسيق مخفي (مثل 811XXXXXXX).,
"If the user has access to Employee and Report is enabled, they can view Employee-based reports.",إذا كان للمستخدم صلاحية على الموظف والتقرير مفعّل، يمكنه عرض التقارير المبنية على الموظف.,
Income from this item will be recognized over a period of months instead of all at once. Eg: annual subscription paid upfront.,سيتم الاعتراف بإيراد هذا الصنف على مدى عدة أشهر بدلاً من مرة واحدة. مثال: اشتراك سنوي مدفوع مقدماً.,
Item {0} has no changes in delivered quantity. Please unselect the row if you do not wish to update its quantity.,الصنف {0} ليس به تغييرات في الكمية المسلّمة. يرجى إلغاء تحديد الصف إذا كنت لا تريد تحديث كميته.,
Left column shows inherited defaults (Item Group → Company / Stock Settings). Right column is where you set overrides for this item only.,يعرض العمود الأيسر الإعدادات الموروثة (مجموعة الصنف ← الشركة/إعدادات المخزون). العمود الأيمن هو حيث تعيّن التجاوزات لهذا الصنف فقط.,
Left column shows system-level defaults (Company / Stock Settings). Right column is where you set overrides for this item group.,يعرض العمود الأيسر الإعدادات الافتراضية على مستوى النظام (الشركة/إعدادات المخزون). العمود الأيمن هو حيث تعيّن التجاوزات لمجموعة الصنف هذه.,
Minimum stock level to maintain as a buffer. Used to calculate recommended reorder level: Reorder Level = Safety Stock + (Average Daily Consumption × Lead Time).,الحد الأدنى لمستوى المخزون الواجب الاحتفاظ به كاحتياطي. يُستخدم لحساب حد إعادة الطلب الموصى به: حد إعادة الطلب = مخزون الأمان + (متوسط الاستهلاك اليومي × مدة التوريد).,
Most Customers have a unique Tax ID that is fetched into selling transactions. Enable this setting if you do not want Customer Tax IDs to appear in sales transactions.,معظم العملاء لديهم رقم ضريبي فريد يُجلب في معاملات البيع. فعّل هذا الإعداد إذا كنت لا تريد ظهور الأرقام الضريبية للعملاء في معاملات البيع.,
No warehouse found for company {0}. Please set a Default Warehouse in Item Defaults or Stock Settings.,لم يُعثر على مستودع للشركة {0}. يرجى تعيين مستودع افتراضي في إعدادات الصنف أو إعدادات المخزون.,
Note: On checking Is Mandatory the accounting dimension will become mandatory against that specific account for all accounting transactions,ملاحظة: عند تحديد 'إلزامي'، سيصبح البُعد المحاسبي إلزامياً مقابل ذلك الحساب المحدد لكل المعاملات المحاسبية,
Only one operation can have 'Is Final Finished Good' checked when 'Track Semi Finished Goods' is enabled.,يمكن لعملية واحدة فقط أن يكون لها 'منتج تام نهائي' محدداً عند تفعيل 'تتبع المنتجات نصف المصنّعة'.,
Only one version of a Product Bundle can be active at a time for a given Parent Item. Activating a version deactivates the previously active one.,يمكن أن يكون إصدار واحد فقط من حزمة المنتجات نشطاً في وقت واحد لصنف أصل معين. تفعيل إصدار يعطّل الإصدار النشط سابقاً.,
Opening stock creation has been queued and will be created in the background. Please check the Stock Reconciliation after some time.,تم إدراج إنشاء المخزون الافتتاحي في الطابور وسيُنشأ في الخلفية. يرجى مراجعة تسوية المخزون بعد بعض الوقت.,
Override the default payable / advance accounts on a per-company basis. Leave blank to use each company's defaults from Company settings.,تجاوز حسابات الدائنين/الدفعات المقدمة الافتراضية على أساس كل شركة. اتركه فارغاً لاستخدام الإعدادات الافتراضية لكل شركة من إعدادات الشركة.,
Payment Schedule based Payment Requests cannot be created because a Payment Entry already exists for this document.,لا يمكن إنشاء طلبات دفع مبنية على جدول السداد لوجود سند دفع بالفعل لهذا المستند.,
"Per-table extraction data for PDF statements (rows, bbox, page image, column mapping). Edited via the banking app.",بيانات الاستخراج لكل جدول لكشوف PDF (الصفوف، الإطار المحيط، صورة الصفحة، تعيين الأعمدة). تُعدّل عبر تطبيق البنوك.,
"Percentage by which over-billing is allowed against a Sales/Purchase Order for this item. If not set, value from Accounts Settings will be used.",النسبة المسموح بها لتجاوز الفوترة مقابل أمر بيع/شراء لهذا الصنف. إذا لم تُحدّد، ستُستخدم القيمة من إعدادات الحسابات.,
"Percentage by which over-delivery or over-receipt is allowed against a Sales/Purchase Order for this item. If not set, value from Stock Settings will be used.",النسبة المسموح بها لتجاوز التسليم أو الاستلام مقابل أمر بيع/شراء لهذا الصنف. إذا لم تُحدّد، ستُستخدم القيمة من إعدادات المخزون.,
Please add atleast one user on Allowed Users to allow Data Synchronization from Frappe CRM site.,يرجى إضافة مستخدم واحد على الأقل في المستخدمين المسموح لهم للسماح بمزامنة البيانات من موقع ITQAN CRM.,
Please check the 'Activate Serial and Batch No for Item' checkbox in the {0} to make Serial and Batch Bundle for the item.,يرجى تحديد خانة 'تفعيل الرقم التسلسلي والدفعة للصنف' في {0} لإنشاء حزمة التسلسلي والدفعة للصنف.,
Please make sure you really want to delete all the transactions for {0}. Your master data will remain as it is. This action cannot be undone.,يرجى التأكد من أنك تريد فعلاً حذف كل المعاملات لـ {0}. ستبقى بياناتك الرئيسية كما هي. لا يمكن التراجع عن هذا الإجراء.,
Please set a Temporary Opening account for company {0} to create an Opening Stock reconciliation.,يرجى تعيين حساب افتتاحي مؤقت للشركة {0} لإنشاء تسوية مخزون افتتاحي.,
Prevents the system from automatically using the rate from the last purchase transaction when creating new purchase orders or transactions.,يمنع النظام من استخدام السعر تلقائياً من آخر معاملة شراء عند إنشاء أوامر أو معاملات شراء جديدة.,
Row #{0}: Cannot cancel this Manufacturing Stock Entry as quantity of Secondary Item {1} produced cannot be less than quantity delivered.,الصف #{0}: لا يمكن إلغاء حركة مخزون التصنيع هذه لأن كمية الصنف الثانوي {1} المنتجة لا يمكن أن تكون أقل من الكمية المسلّمة.,
Row #{0}: Item {1} is not part of the source manufacture entry and cannot be added to this disassembly.,الصف #{0}: الصنف {1} ليس جزءاً من حركة التصنيع المصدر ولا يمكن إضافته إلى هذا التفكيك.,
"Row #{0}: Item {1} quantity ({2} in stock UOM) does not match the quantity derived from the source ({3}). Do not change the UOM, conversion factor or quantity of disassembly rows.",الصف #{0}: كمية الصنف {1} ({2} بوحدة المخزون) لا تطابق الكمية المشتقة من المصدر ({3}). لا تغيّر وحدة القياس أو معامل التحويل أو كمية صفوف التفكيك.,
Row #{0}: Stock Delivered But Not Billed account cannot be used for items linked to a Sales Invoice,الصف #{0}: لا يمكن استخدام حساب المخزون المسلّم وغير المفوتر للأصناف المرتبطة بفاتورة المبيعات,
Row #{0}: Warehouse {1} does not match with the warehouse {2} in Serial and Batch Bundle {3}.,الصف #{0}: المستودع {1} لا يطابق المستودع {2} في حزمة التسلسلي والدفعة {3}.,
Row {0}: Expense Account {1} is linked to company {2}. Please select an account belonging to company {3}.,الصف {0}: حساب المصروفات {1} مرتبط بالشركة {2}. يرجى اختيار حساب تابع للشركة {3}.,
Row {0}: Serial/Batch has been reset to values linked with Work Order {1} because the previously selected serial/batch does not belong to this Work Order.,الصف {0}: تمت إعادة ضبط التسلسلي/الدفعة إلى القيم المرتبطة بأمر التشغيل {1} لأن التسلسلي/الدفعة المحدد سابقاً لا ينتمي لأمر التشغيل هذا.,
Row {0}: Warehouse {1} is linked to company {2}. Please select a warehouse belonging to company {3}.,الصف {0}: المستودع {1} مرتبط بالشركة {2}. يرجى اختيار مستودع تابع للشركة {3}.,
Row {0}: {1} {2} is linked to company {3}. Please select a document belonging to company {4}.,الصف {0}: {1} {2} مرتبط بالشركة {3}. يرجى اختيار مستند تابع للشركة {4}.,
A Production Plan can also be created manually where you can select the Items to manufacture.,يمكن أيضاً إنشاء خطة إنتاج يدوياً حيث يمكنك اختيار الأصناف المراد تصنيعها.,
"Since you have enabled 'Track Semi Finished Goods', at least one operation must have 'Is Final Finished Good' checked. For that set the FG / Semi FG Item as {0} against an operation.",بما أنك فعّلت 'تتبع المنتجات نصف المصنّعة'، يجب أن يكون لعملية واحدة على الأقل 'منتج تام نهائي' محدداً. لذلك عيّن صنف المنتج التام/نصف المصنّع كـ {0} مقابل عملية.,
"Source Stock Entry {0} belongs to Work Order {1}, not {2}. Please use a manufacture entry from the same Work Order.",قيد مخزون المصدر {0} تابعة لأمر التشغيل {1}، وليس {2}. يرجى استخدام حركة تصنيع من نفس أمر التشغيل.,
Stock cannot be updated for Purchase Invoice {0} because a Purchase Receipt {1} has already been created for this transaction. Please disable the 'Update Stock' checkbox in the Purchase Invoice and save the invoice.,لا يمكن تحديث المخزون لفاتورة المشتريات {0} لأن إذن الاستلام {1} تم إنشاؤه بالفعل لهذه المعاملة. يرجى تعطيل خانة 'تحديث المخزون' في فاتورة المشتريات وحفظ الفاتورة.,
"Stock entries exist with the old account. Changing the account may lead to a mismatch between the warehouse closing balance and the account closing balance. The overall closing balance will still match, but not for the specific account.",توجد حركات مخزون بالحساب القديم. تغيير الحساب قد يؤدي إلى عدم تطابق بين الرصيد الختامي للمستودع والرصيد الختامي للحساب. سيظل الرصيد الختامي الإجمالي متطابقاً، لكن ليس للحساب المحدد.,
Target Warehouse for Finished Good must be same as Finished Good Warehouse {0} in Work Order {1} linked to the Subcontracting Inward Order.,يجب أن يكون مستودع الوجهة للمنتج التام هو نفسه مستودع المنتج التام {0} في أمر التشغيل {1} المرتبط بأمر التصنيع الخارجي الوارد.,
The company {0} is not in South Africa. VAT Audit Report is only available for companies in South Africa.,الشركة {0} ليست في جنوب أفريقيا. تقرير تدقيق ضريبة القيمة المضافة متاح فقط للشركات في جنوب أفريقيا.,
The company {0} is not in United Arab Emirates. UAE VAT 201 report is only available for companies in United Arab Emirates.,الشركة {0} ليست في الإمارات العربية المتحدة. تقرير ضريبة القيمة المضافة الإماراتي 201 متاح فقط للشركات في الإمارات.,
The fiscal year has been automatically created in a Disabled state to maintain consistency with the previous fiscal year's status.,تم إنشاء السنة المالية تلقائياً بحالة معطّلة للحفاظ على الاتساق مع حالة السنة المالية السابقة.,
The frequency at which project progress and company transaction details will be updated. Set it to daily or monthly if you post a lot of transactions.,التكرار الذي ستُحدّث به تفاصيل تقدّم المشروع ومعاملات الشركة. عيّنه يومياً أو شهرياً إذا كنت ترحّل الكثير من المعاملات.,
The outstanding amount {0} in {1} is lesser than {2}. Updating the outstanding to this invoice.,المبلغ المستحق {0} في {1} أقل من {2}. جارٍ تحديث المستحق لهذه الفاتورة.,
"The percentage by which you are allowed to order more on a Purchase Order than the quantity requested on the originating Material Request. For example, if the Material Request has 100 units and the allowance is 10%, you can order up to 110 units",النسبة المسموح لك بها لطلب كمية أكبر في أمر الشراء عن الكمية المطلوبة في طلب المواد الأصلي. مثال: إذا كان طلب المواد به 100 وحدة والسماح 10%، يمكنك طلب حتى 110 وحدة,
The rate at which this item was last purchased via a Purchase Invoice. Auto-updated by the system.,السعر الذي اشتُري به هذا الصنف آخر مرة عبر فاتورة المشتريات. يُحدّث تلقائياً بواسطة النظام.,
The user can update a customer or any other fields in an existing Sales Order but cannot create a new Sales Order.,يمكن للمستخدم تحديث عميل أو أي حقول أخرى في أمر بيع موجود لكن لا يمكنه إنشاء أمر بيع جديد.,
"This DocType has been updated. Save or discard your changes, then reload the page to see the latest version.",تم تحديث نوع المستند هذا. احفظ أو تجاهل تغييراتك، ثم أعد تحميل الصفحة لرؤية أحدث إصدار.,
This PDF is password protected. Please set the correct statement password on the Bank Account and try again.,ملف PDF هذا محمي بكلمة مرور. يرجى تعيين كلمة مرور الكشف الصحيحة على الحساب البنكي والمحاولة مرة أخرى.,
This Payment Entry is reconciled with {0}. Cancelling will automatically unreconcile it. Do you want to proceed?,سند الدفع هذا مُسوّى مع {0}. الإلغاء سيلغي تسويته تلقائياً. هل تريد المتابعة؟,
"This allows creation of sales orders from quotations that have passed their expiration date, providing flexibility in processing orders despite outdated quotes.",يتيح هذا إنشاء أوامر بيع من عروض أسعار تجاوزت تاريخ انتهائها، مما يوفّر مرونة في معالجة الأوامر رغم العروض القديمة.,
This card is visible only to Administrator and System Managers by default. Set a DocType to share with users who have read access.,هذه البطاقة مرئية افتراضياً للمسؤول ومديري النظام فقط. عيّن نوع مستند للمشاركة مع المستخدمين الذين لديهم صلاحية القراءة.,
This option is useful if you want to ensure a constant supply of raw materials/products and avoid shortage. A Material Request will be raised automatically when stock reached the re-order level defined in the Item form.,هذا الخيار مفيد إذا كنت تريد ضمان إمداد ثابت من المواد الخام/المنتجات وتجنب النقص. سيُصدر طلب مواد تلقائياً عند وصول المخزون لحد إعادة الطلب المحدد في بطاقة الصنف.,
"To include sub-assembly costs and secondary items in Finished Goods on a work order without using a job card, when the 'Use Multi-Level BOM' option is enabled.",لتضمين تكاليف التجميعات الفرعية والأصناف الثانوية في المنتجات التامة على أمر التشغيل دون استخدام بطاقة عمل، عند تفعيل خيار 'استخدام قائمة مواد متعددة المستويات'.,
"Total Completed Qty is required for Job Card {0}, please start and complete the job card before submission",إجمالي الكمية المكتملة مطلوب لبطاقة العمل {0}، يرجى بدء وإكمال بطاقة العمل قبل الترحيل,
Track each unit with a unique serial number for warranty and return tracking. Cannot be changed after a stock transaction exists.,تتبّع كل وحدة برقم تسلسلي فريد لتتبع الضمان والمرتجعات. لا يمكن تغييره بعد وجود حركة مخزون.,
Transaction Deletion Record {0} is currently deleting {1}. Cannot save documents until deletion completes.,سجل حذف المعاملات {0} يحذف حالياً {1}. لا يمكن حفظ المستندات حتى اكتمال الحذف.,
Used to pick the correct rate row inside the Tax Withholding Category for this supplier (e.g. Company vs Individual rates),يُستخدم لاختيار صف السعر الصحيح داخل فئة ضريبة حساب المدينهذا المورد (مثل أسعار الشركات مقابل الأفراد),
User not allowed to synchronize data from Frappe CRM on ERPNext. Contact System Manager of ERPNext.,المستخدم غير مسموح له بمزامنة البيانات من ITQAN CRM على ITQAN ERP. تواصل مع مدير نظام ITQAN ERP.,
Warn or stop if Item rate is changed in Delivery Notes and Sales Invoices generated from a Sales Order.,التحذير أو الإيقاف إذا تغيّر سعر الصنف في أذون التسليم وفواتير المبيعات المُنشأة من أمر بيع.,
Warn or stop if Item rate is changed in Purchase Invoice or Purchase Receipt generated from a Purchase Order.,التحذير أو الإيقاف إذا تغيّر سعر الصنف في فاتورة المشتريات أو إذن الاستلام المُنشأ من أمر الشراء.,
"We can see {0} is made against {1}. If you want {1}'s outstanding to be updated, uncheck the '{2}' checkbox.",يمكننا رؤية أن {0} تم مقابل {1}. إذا كنت تريد تحديث مستحق {1}، ألغِ تحديد خانة '{2}'.,
"When checked, the system will use the posting datetime of the document for naming the document instead of the creation datetime of the document.",عند التحديد، سيستخدم النظام تاريخ ووقت ترحيل المستند لتسميته بدلاً من تاريخ ووقت إنشائه.,
"When enabled, it adds a cutoff date filter to Delivery Notes created in bulk from Sales Orders. This allows you to process orders only with a transaction date up to the specified cutoff date, which is useful for period-end processing and batch fulfillment.",عند التفعيل، يضيف مرشّح تاريخ قطع لأذون التسليم المُنشأة بالجملة من أوامر البيع. يتيح لك ذلك معالجة الأوامر فقط بتاريخ معاملة حتى تاريخ القطع المحدد، وهو مفيد لمعالجة نهاية الفترة والتنفيذ المجمّع.,
"When there are multiple finished goods ({0}) in a Repack stock entry, the basic rate for all finished goods must be set manually. To set rate manually, enable the checkbox 'Set Basic Rate Manually' in the respective finished good row.",عند وجود منتجات تامة متعددة ({0}) في حركة مخزون إعادة تعبئة، يجب تعيين السعر الأساسي لكل المنتجات التامة يدوياً. لتعيين السعر يدوياً، فعّل خانة 'تعيين السعر الأساسي يدوياً' في صف المنتج التام المعني.,
You cannot update stock for a Debit Note. A Debit Note is a financial document that should not affect inventory. Please disable 'Update Stock'.,لا يمكنك تحديث المخزون لإشعار مدين. الإشعار المدين مستند مالي يجب ألا يؤثر على المخزون. يرجى تعطيل 'تحديث المخزون'.,
{0} units of Item {1} is not available in any of the warehouses. Other Pick Lists exist for this item.,{0} وحدة من الصنف {1} غير متاحة في أي من المخازن. توجد قوائم انتقاء أخرى لهذا الصنف.,
"""{0}"" is not valid. Use duration format: d h m s","""{0}"" غير صحيح. استخدم تنسيق المدة: d h m s",
"Amount column has ""CR""/""DR"" values","عمود المبلغ به قيم ""CR""/""DR""",
Amount column has positive/negative values,عمود المبلغ به قيم موجبة/سالبة,
Company Abbreviation (requires ERPNext to be installed),اختصار الشركة (يتطلب تثبيت ITQAN ERP),
DocType updated. Reloading…,تم تحديث نوع المستند. جارٍ إعادة التحميل…,
ERPNext Integrations,تكاملات ITQAN ERP,
Email Campaign Send Error,خطأ في إرسال حملة البريد الإلكتروني,
Enable UTM,تفعيل UTM,
UTM Analytics,تحليلات UTM,
Messaging CRM Campaign,حملة مراسلة إدارة علاقات العملاء,
"Enter the Operation, the table will fetch the Operation details like Hourly Rate, Workstation automatically.",أدخل العملية، وسيجلب الجدول تفاصيل العملية مثل السعر بالساعة ومحطة العمل تلقائياً.,
Fiscal Year (requires ERPNext to be installed),السنة المالية (تتطلب تثبيت ITQAN ERP),
"For comparison, use >5, <10 or =324.",للمقارنة، استخدم >5 أو <10 أو =324.,
Is Rule Evaluated,هل تم تقييم القاعدة,
"JavaScript expression evaluated on every form refresh. When truthy, this layout is automatically applied and `doc.doctype_layout` is set. Example: doc.is_return == 1",تعبير JavaScript يُقيّم عند كل تحديث للنموذج. عندما يكون صحيحاً، يُطبّق هذا التخطيط تلقائياً ويُعيّن `doc.doctype_layout`. مثال: doc.is_return == 1,
No Letter Head Footer — click to add,لا يوجد تذييل لترويسة الطباعة — انقر للإضافة,
No Letter Head — click to add,لا توجد ترويسة طباعة — انقر للإضافة,
No fields yet. Set a Document Type and click Sync Fields.,لا توجد حقول بعد. عيّن نوع مستند وانقر على مزامنة الحقول.,
On Failure Callback,استدعاء عند الفشل,
On Success Callback,استدعاء عند النجاح,
Opening Stock reconciliation created with zero valuation rate: {0},تم إنشاء تسوية المخزون الافتتاحي بسعر تقييم صفري: {0},
Product Bundle version this row was packed from,إصدار حزمة المنتجات التي عُبّئ منها هذا الصف,
Rejected malformed encoded address header with synthesized '@': {0},تم رفض ترويسة عنوان مشوّهة مع '@' مُركّب: {0},
Resizing preview...,جارٍ تغيير حجم المعاينة...,
Standing scores must be continuous and cover 0 to 100 without gaps or overlaps,يجب أن تكون درجات التصنيف متصلة وتغطي من 0 إلى 100 دون فجوات أو تداخل,
Standing {0} must have a minimum grade lower than its maximum grade,يجب أن يكون للتصنيف {0} درجة دنيا أقل من درجته القصوى,
The '{0}' workspace sidebar has no links to open.,الشريط الجانبي لمساحة العمل '{0}' ليس به روابط للفتح.,
"The first link in the '{0}' sidebar points to {1} '{2}', which could not be found.",الرابط الأول في الشريط الجانبي '{0}' يشير إلى {1} '{2}'، الذي تعذّر العثور عليه.,
Transaction Deletion Record {0} is already running. {1},سجل حذف المعاملات {0} قيد التشغيل بالفعل. {1},
"Transaction type column has ""C""/""D"" values","عمود نوع المعاملة به قيم ""C""/""D""",
"Transaction type column has ""CR""/""DR"" values","عمود نوع المعاملة به قيم ""CR""/""DR""",
"Transaction type column has ""Deposit""/""Withdrawal"" values","عمود نوع المعاملة به قيم ""إيداع""/""سحب""",
Try the {0} for a better experience.,جرّب {0} لتجربة أفضل.,
You attached {0},لقد أرفقت {0},
You removed attachment {0},لقد أزلت المرفق {0},
You can also drag column borders directly in the list view to resize,يمكنك أيضاً سحب حدود الأعمدة مباشرةً في عرض القائمة لتغيير الحجم,
You can use {0} to reconcile against {1} later.,يمكنك استخدام {0} للتسوية مقابل {1} لاحقاً.,
You cancelled this document {1},لقد ألغيت هذا المستند {1},
You created this document {0},لقد أنشأت هذا المستند {0},
You submitted this document {0},لقد رحّلت هذا المستند {0},
You cannot {0} this document because another Period Closing Entry {1} exists after {2},لا يمكنك {0} هذا المستند لوجود قيد إقفال فترة آخر {1} بعد {2},
You changed {0} to {1},لقد غيّرت {0} إلى {1},
You do not have enough permission to access {0}: {1},ليس لديك صلاحية كافية للوصول إلى {0}: {1},
You don't have permission to create report for {0},ليس لديك صلاحية لإنشاء تقرير لـ {0},
You don't have permission to read/attach the file {0}.,ليس لديك صلاحية لقراءة/إرفاق الملف {0}.,
You don't have permission to update Received Qty DocField for item {0},ليس لديك صلاحية لتحديث حقل الكمية المستلمة للصنف {0},
updated delivered quantity for item {0} to {1},تم تحديث الكمية المسلّمة للصنف {0} إلى {1},
{0} Budget for Account {1} against {2} {3} is {4}. It is already exceeded by {5}.,موازنة {0} للحساب {1} مقابل {2} {3} هي {4}. تم تجاوزها بالفعل بمقدار {5}.,
{0} Budget for Account {1} against {2} {3} is {4}. It will be exceeded by {5}.,موازنة {0} للحساب {1} مقابل {2} {3} هي {4}. سيتم تجاوزها بمقدار {5}.,
{0} Year Work Anniversary,الذكرى السنوية {0} للعمل,
{0} Years Work Anniversary,الذكرى السنوية {0} للعمل,
{0} account not found while submitting purchase receipt,الحساب {0} غير موجود أثناء ترحيل إذن الاستلام,
{0} attached {1},{0} أرفق {1},
{0} removed attachment {1},{0} أزال المرفق {1},
{0} can be either {1} or {2}.,{0} يمكن أن يكون إما {1} أو {2}.,
{0} cancelled,{0} ملغي,
{0} completed,{0} مكتمل,
{0} started,{0} بدأ,
{0} queued,{0} في الطابور,
{0} cancelled this document {1},{0} ألغى هذا المستند {1},
{0} created this document {1},{0} أنشأ هذا المستند {1},
{0} submitted this document {1},{0} رحّل هذا المستند {1},
{0} changed {1} to {2},{0} غيّر {1} إلى {2},
{0} currency must be same as company's default currency. Please select another account.,يجب أن تكون عملة {0} نفس العملة الافتراضية للشركة. يرجى اختيار حساب آخر.,
{0} has children but Is Group is 0 — parent must be a group node,{0} له عناصر فرعية لكن 'مجموعة' = 0 — يجب أن يكون الأصل عقدة مجموعة,
{0} is a child table and will be deleted automatically with its parent,{0} جدول فرعي وسيُحذف تلقائياً مع أصله,
{0} must be beginning with '{1}',{0} يجب أن يبدأ بـ '{1}',
{0} must be none of {1},{0} يجب ألا يكون أياً من {1},
{0} only.,{0} فقط.,
{0} rows from {1},{0} صف من {1},
{0} rows to {1},{0} صف إلى {1},
{0} tree structure warnings found.,تم العثور على {0} تحذير في بنية الشجرة.,
{0} {1} not allowed to be reposted. You can enable it by adding it '{2}' table in {3}.,{0} {1} غير مسموح بإعادة ترحيله. يمكنك تفعيله بإضافته إلى جدول '{2}' في {3}.,
{0}'s {1} cannot be after {2}'s Expected End Date.,{1} الخاص بـ {0} لا يمكن أن يكون بعد تاريخ الانتهاء المتوقع لـ {2}.,
"{0}, {1} or {2} are the only allowed options.",{0} أو {1} أو {2} هي الخيارات المسموح بها الوحيدة.,
{0}: Child table (auto-deleted with parent),{0}: جدول فرعي (يُحذف تلقائياً مع الأصل),
{0}: Protected DocType,{0}: نوع مستند محمي,
{0}: Virtual DocType (no database table),{0}: نوع مستند افتراضي (بدون جدول في قاعدة البيانات),
`doctype` and `fieldname` are required for deleting property setters.,`doctype` و `fieldname` مطلوبان لحذف مُعيّنات الخصائص.,
Frappe HR,الموارد البشرية
Private Invoice, فاتورة خاصة